timestamp,elapsed_sec,yaw,pitch,ear,status,threshold_mode,tag
2026-08-20T11:26:00.619,0.32,4.27,168.18,0.2709,Fokus,Ma et al. (2s eye / 3s yaw),
2026-08-20T11:26:00.667,0.368,7.5,168.97,0.2549,Fokus,Ma et al. (2s eye / 3s yaw),
2026-08-20T11:26:00.697,0.398,6.0,169.21,0.2474,Fokus,Ma et al. (2s eye / 3s yaw),
2026-08-20T11:26:00.730,0.431,6.2,169.26,0.2512,Fokus,Ma et al. (2s eye / 3s yaw),
2026-08-20T11:26:00.764,0.465,3.7,168.98,0.2606,Fokus,Ma et al. (2s eye / 3s yaw),
2026-08-20T11:26:00.803,0.503,2.19,168.6,0.2634,Fokus,Ma et al. (2s eye / 3s yaw),
2026-08-20T11:26:00.832,0.533,1.69,167.92,0.2604,Fokus,Ma et al. (2s eye / 3s yaw),
2026-08-20T11:26:00.860,0.561,1.98,168.01,0.256,Fokus,Ma et al. (2s eye / 3s yaw),
2026-08-20T11:26:00.889,0.59,-0.03,167.27,0.2578,Fokus,Ma et al. (2s eye / 3s yaw),
2026-08-20T11:26:00.922,0.622,-0.9,166.54,0.2472,Fokus,Ma et al. (2s eye / 3s yaw),
2026-08-20T11:26:00.957,0.657,-1.18,166.01,0.244,Fokus,Ma et al. (2s eye / 3s yaw),
2026-08-20T11:26:00.992,0.693,-1.2,166.39,0.2529,Fokus,Ma et al. (2s eye / 3s yaw),
2026-08-20T11:26:01.028,0.729,-0.54,166.37,0.2471,Fokus,Ma et al. (2s eye / 3s yaw),
2026-08-20T11:26:01.064,0.765,-0.64,166.15,0.2495,Fokus,Ma et al. (2s eye / 3s yaw),
2026-08-20T11:26:01.100,0.8,-0.55,165.97,0.2488,Fokus,Ma et al. (2s eye / 3s yaw),
2026-08-20T11:26:01.136,0.837,-0.37,166.29,0.2482,Fokus,Ma et al. (2s eye / 3s yaw),
2026-08-20T11:26:01.172,0.872,-0.32,166.35,0.2456,Fokus,Ma et al. (2s eye / 3s yaw),
2026-08-20T11:26:01.208,0.909,-1.33,166.24,0.2463,Fokus,Ma et al. (2s eye / 3s yaw),
2026-08-20T11:26:01.244,0.945,-1.45,166.34,0.2467,Fokus,Ma et al. (2s eye / 3s yaw),
2026-08-20T11:26:01.281,0.981,-1.81,166.34,0.2446,Fokus,Ma et al. (2s eye / 3s yaw),
2026-08-20T11:26:01.316,1.017,-1.86,166.34,0.2429,Fokus,Ma et al. (2s eye / 3s yaw),
2026-08-20T11:26:01.350,1.051,-0.19,167.37,0.2491,Fokus,Ma et al. (2s eye / 3s yaw),
2026-08-20T11:26:01.372,1.073,-0.01,168.27,0.266,Fokus,Ma et al. (2s eye / 3s yaw),
2026-08-20T11:26:01.391,1.091,-0.48,169.44,0.2752,Fokus,Ma et al. (2s eye / 3s yaw),
2026-08-20T11:26:01.410,1.11,-0.37,169.48,0.2833,Fokus,Ma et al. (2s eye / 3s yaw),
2026-08-20T11:26:01.429,1.13,1.34,170.6,0.2835,Fokus,Ma et al. (2s eye / 3s yaw),
2026-08-20T11:26:01.448,1.149,0.81,167.59,0.285,Fokus,Ma et al. (2s eye / 3s yaw),
2026-08-20T11:26:01.468,1.168,4.32,171.22,0.2751,Fokus,Ma et al. (2s eye / 3s yaw),
2026-08-20T11:26:01.487,1.187,4.46,171.02,0.2697,Fokus,Ma et al. (2s eye / 3s yaw),
2026-08-20T11:26:01.515,1.215,3.46,170.76,0.2715,Fokus,Ma et al. (2s eye / 3s yaw),
2026-08-20T11:26:01.550,1.251,4.04,170.94,0.2699,Fokus,Ma et al. (2s eye / 3s yaw),
2026-08-20T11:26:01.582,1.283,5.13,170.61,0.2674,Fokus,Ma et al. (2s eye / 3s yaw),
2026-08-20T11:26:01.618,1.319,6.5,170.39,0.2654,Fokus,Ma et al. (2s eye / 3s yaw),
2026-08-20T11:26:01.650,1.351,7.42,170.5,0.2683,Fokus,Ma et al. (2s eye / 3s yaw),
2026-08-20T11:26:01.682,1.383,6.84,171.02,0.2657,Fokus,Ma et al. (2s eye / 3s yaw),
2026-08-20T11:26:01.718,1.419,6.58,171.8,0.2624,Fokus,Ma et al. (2s eye / 3s yaw),
2026-08-20T11:26:01.750,1.451,5.24,171.4,0.2641,Fokus,Ma et al. (2s eye / 3s yaw),
2026-08-20T11:26:01.783,1.483,4.07,171.23,0.2645,Fokus,Ma et al. (2s eye / 3s yaw),
2026-08-20T11:26:01.818,1.519,4.78,171.16,0.2635,Fokus,Ma et al. (2s eye / 3s yaw),
2026-08-20T11:26:01.851,1.551,4.6,171.02,0.2658,Fokus,Ma et al. (2s eye / 3s yaw),
2026-08-20T11:26:01.887,1.588,4.37,170.74,0.2677,Fokus,Ma et al. (2s eye / 3s yaw),
2026-08-20T11:26:01.932,1.632,5.17,170.95,0.2681,Fokus,Ma et al. (2s eye / 3s yaw),
2026-08-20T11:26:01.969,1.669,4.14,170.6,0.2657,Fokus,Ma et al. (2s eye / 3s yaw),
2026-08-20T11:26:02.003,1.704,3.94,170.6,0.2637,Fokus,Ma et al. (2s eye / 3s yaw),
2026-08-20T11:26:02.037,1.737,2.97,170.31,0.2576,Fokus,Ma et al. (2s eye / 3s yaw),
2026-08-20T11:26:02.071,1.772,2.94,170.16,0.2563,Fokus,Ma et al. (2s eye / 3s yaw),
2026-08-20T11:26:02.107,1.807,2.51,170.55,0.2556,Fokus,Ma et al. (2s eye / 3s yaw),
2026-08-20T11:26:02.143,1.844,1.25,170.17,0.253,Fokus,Ma et al. (2s eye / 3s yaw),
2026-08-20T11:26:02.178,1.879,0.38,169.99,0.257,Fokus,Ma et al. (2s eye / 3s yaw),
2026-08-20T11:26:02.212,1.913,1.3,170.47,0.2572,Fokus,Ma et al. (2s eye / 3s yaw),
2026-08-20T11:26:02.249,1.949,-1.73,169.87,0.2546,Fokus,Ma et al. (2s eye / 3s yaw),
2026-08-20T11:26:02.284,1.985,0.01,169.89,0.2553,Fokus,Ma et al. (2s eye / 3s yaw),
2026-08-20T11:26:02.321,2.021,1.6,170.97,0.2402,Fokus,Ma et al. (2s eye / 3s yaw),
2026-08-20T11:26:02.356,2.057,2.15,172.18,0.1902,Fokus,Ma et al. (2s eye / 3s yaw),
2026-08-20T11:26:02.392,2.092,2.44,172.96,0.2036,Fokus,Ma et al. (2s eye / 3s yaw),
2026-08-20T11:26:02.425,2.126,1.46,174.59,0.232,Fokus,Ma et al. (2s eye / 3s yaw),
2026-08-20T11:26:02.449,2.149,-0.25,175.92,0.2203,Fokus,Ma et al. (2s eye / 3s yaw),
2026-08-20T11:26:02.467,2.168,0.94,175.59,0.1971,Fokus,Ma et al. (2s eye / 3s yaw),
2026-08-20T11:26:02.486,2.187,1.93,177.16,0.1995,Fokus,Ma et al. (2s eye / 3s yaw),
2026-08-20T11:26:02.536,2.237,2.89,179.91,0.2051,Fokus,Ma et al. (2s eye / 3s yaw),
2026-08-20T11:26:02.572,2.273,-0.54,-179.86,0.1943,Fokus,Ma et al. (2s eye / 3s yaw),
2026-08-20T11:26:02.608,2.309,-0.26,-179.76,0.1638,Fokus,Ma et al. (2s eye / 3s yaw),
2026-08-20T11:26:02.640,2.34,0.7,-176.93,0.2138,Fokus,Ma et al. (2s eye / 3s yaw),
2026-08-20T11:26:02.663,2.363,1.35,-178.04,0.2299,Fokus,Ma et al. (2s eye / 3s yaw),
2026-08-20T11:26:02.702,2.402,1.74,-178.37,0.2243,Fokus,Ma et al. (2s eye / 3s yaw),
2026-08-20T11:26:02.738,2.439,2.0,-178.79,0.2439,Fokus,Ma et al. (2s eye / 3s yaw),
2026-08-20T11:26:02.773,2.474,2.97,-178.62,0.255,Fokus,Ma et al. (2s eye / 3s yaw),
2026-08-20T11:26:02.809,2.51,3.29,-177.92,0.2559,Fokus,Ma et al. (2s eye / 3s yaw),
2026-08-20T11:26:02.845,2.545,3.69,-177.05,0.2299,Fokus,Ma et al. (2s eye / 3s yaw),
2026-08-20T11:26:02.880,2.581,3.94,-175.87,0.2356,Fokus,Ma et al. (2s eye / 3s yaw),
2026-08-20T11:26:02.916,2.617,3.72,-174.01,0.2249,Fokus,Ma et al. (2s eye / 3s yaw),
2026-08-20T11:26:02.952,2.652,3.42,-175.48,0.2356,Fokus,Ma et al. (2s eye / 3s yaw),
2026-08-20T11:26:02.988,2.689,3.3,-174.79,0.1987,Fokus,Ma et al. (2s eye / 3s yaw),
2026-08-20T11:26:03.022,2.723,-0.65,-173.82,0.03,Fokus,Ma et al. (2s eye / 3s yaw),
2026-08-20T11:26:03.057,2.758,-0.72,-174.45,0.0625,Fokus,Ma et al. (2s eye / 3s yaw),
2026-08-20T11:26:03.093,2.793,2.47,-174.62,0.1198,Fokus,Ma et al. (2s eye / 3s yaw),
2026-08-20T11:26:03.128,2.829,-1.71,-176.6,0.1195,Fokus,Ma et al. (2s eye / 3s yaw),
2026-08-20T11:26:03.164,2.864,-1.16,-177.61,0.1708,Fokus,Ma et al. (2s eye / 3s yaw),
2026-08-20T11:26:03.199,2.9,-4.63,-177.7,0.1866,Fokus,Ma et al. (2s eye / 3s yaw),
2026-08-20T11:26:03.235,2.935,-6.05,-177.85,0.2181,Fokus,Ma et al. (2s eye / 3s yaw),
2026-08-20T11:26:03.270,2.971,-6.86,-178.28,0.2419,Fokus,Ma et al. (2s eye / 3s yaw),
2026-08-20T11:26:03.301,3.002,-4.32,-178.43,0.2496,Fokus,Ma et al. (2s eye / 3s yaw),
2026-08-20T11:26:03.331,3.031,-2.12,-179.62,0.2681,Fokus,Ma et al. (2s eye / 3s yaw),
2026-08-20T11:26:03.366,3.067,-2.07,-178.73,0.2589,Fokus,Ma et al. (2s eye / 3s yaw),
2026-08-20T11:26:03.402,3.102,-5.76,-178.99,0.2308,Fokus,Ma et al. (2s eye / 3s yaw),
2026-08-20T11:26:03.437,3.138,-7.33,-179.24,0.2323,Fokus,Ma et al. (2s eye / 3s yaw),
2026-08-20T11:26:03.471,3.172,-8.24,-179.38,0.2518,Fokus,Ma et al. (2s eye / 3s yaw),
2026-08-20T11:26:03.496,3.197,-4.86,-179.69,0.2528,Fokus,Ma et al. (2s eye / 3s yaw),
2026-08-20T11:26:03.522,3.222,0.82,179.67,0.2658,Fokus,Ma et al. (2s eye / 3s yaw),
2026-08-20T11:26:03.554,3.254,2.17,-179.95,0.269,Fokus,Ma et al. (2s eye / 3s yaw),
2026-08-20T11:26:03.587,3.288,6.23,-179.31,0.263,Fokus,Ma et al. (2s eye / 3s yaw),
2026-08-20T11:26:03.613,3.314,7.03,-178.71,0.2612,Fokus,Ma et al. (2s eye / 3s yaw),
2026-08-20T11:26:03.644,3.344,7.68,-178.17,0.2616,Fokus,Ma et al. (2s eye / 3s yaw),
2026-08-20T11:26:03.679,3.379,6.1,-178.69,0.2666,Fokus,Ma et al. (2s eye / 3s yaw),
2026-08-20T11:26:03.715,3.415,3.91,-178.65,0.2643,Fokus,Ma et al. (2s eye / 3s yaw),
2026-08-20T11:26:03.750,3.451,6.01,-178.27,0.2635,Fokus,Ma et al. (2s eye / 3s yaw),
2026-08-20T11:26:03.785,3.486,4.24,-178.63,0.2592,Fokus,Ma et al. (2s eye / 3s yaw),
2026-08-20T11:26:03.821,3.521,5.13,-178.63,0.2586,Fokus,Ma et al. (2s eye / 3s yaw),
2026-08-20T11:26:03.855,3.555,3.66,-178.76,0.2532,Fokus,Ma et al. (2s eye / 3s yaw),
2026-08-20T11:26:03.890,3.591,3.81,-178.86,0.1131,Fokus,Ma et al. (2s eye / 3s yaw),
2026-08-20T11:26:03.925,3.626,1.71,-178.76,0.0565,Fokus,Ma et al. (2s eye / 3s yaw),
2026-08-20T11:26:03.960,3.661,0.23,-178.89,0.0888,Fokus,Ma et al. (2s eye / 3s yaw),
2026-08-20T11:26:03.995,3.696,1.82,-179.24,0.1234,Fokus,Ma et al. (2s eye / 3s yaw),
2026-08-20T11:26:04.030,3.731,2.17,-179.47,0.1445,Fokus,Ma et al. (2s eye / 3s yaw),
2026-08-20T11:26:04.065,3.766,1.13,-179.78,0.1575,Fokus,Ma et al. (2s eye / 3s yaw),
2026-08-20T11:26:04.103,3.803,2.95,-179.5,0.1982,Fokus,Ma et al. (2s eye / 3s yaw),
2026-08-20T11:26:04.139,3.839,4.84,-179.0,0.2369,Fokus,Ma et al. (2s eye / 3s yaw),
2026-08-20T11:26:04.175,3.876,5.56,-178.68,0.2573,Fokus,Ma et al. (2s eye / 3s yaw),
2026-08-20T11:26:04.210,3.911,7.76,-178.77,0.2661,Fokus,Ma et al. (2s eye / 3s yaw),
2026-08-20T11:26:04.246,3.946,6.72,-178.7,0.2658,Fokus,Ma et al. (2s eye / 3s yaw),
2026-08-20T11:26:04.281,3.981,6.12,-178.85,0.2643,Fokus,Ma et al. (2s eye / 3s yaw),
2026-08-20T11:26:04.313,4.014,5.62,-178.95,0.2639,Fokus,Ma et al. (2s eye / 3s yaw),
2026-08-20T11:26:04.349,4.049,6.74,-178.81,0.2642,Fokus,Ma et al. (2s eye / 3s yaw),
2026-08-20T11:26:04.386,4.087,7.15,-178.92,0.2633,Fokus,Ma et al. (2s eye / 3s yaw),
2026-08-20T11:26:04.422,4.122,6.41,-179.02,0.2621,Fokus,Ma et al. (2s eye / 3s yaw),
2026-08-20T11:26:04.457,4.157,5.41,-179.3,0.2621,Fokus,Ma et al. (2s eye / 3s yaw),
2026-08-20T11:26:04.491,4.192,5.86,-179.34,0.2662,Fokus,Ma et al. (2s eye / 3s yaw),
2026-08-20T11:26:04.521,4.222,5.61,-179.45,0.2659,Fokus,Ma et al. (2s eye / 3s yaw),
2026-08-20T11:26:04.554,4.255,5.52,-179.46,0.2656,Fokus,Ma et al. (2s eye / 3s yaw),
2026-08-20T11:26:04.589,4.29,5.72,-179.44,0.269,Fokus,Ma et al. (2s eye / 3s yaw),
2026-08-20T11:26:04.625,4.325,5.91,-179.44,0.2679,Fokus,Ma et al. (2s eye / 3s yaw),
2026-08-20T11:26:04.659,4.36,5.64,-179.45,0.2694,Fokus,Ma et al. (2s eye / 3s yaw),
2026-08-20T11:26:04.694,4.394,5.16,-179.49,0.2693,Fokus,Ma et al. (2s eye / 3s yaw),
2026-08-20T11:26:04.729,4.429,4.9,-179.61,0.2685,Fokus,Ma et al. (2s eye / 3s yaw),
2026-08-20T11:26:04.764,4.465,4.19,-179.58,0.2674,Fokus,Ma et al. (2s eye / 3s yaw),
2026-08-20T11:26:04.801,4.501,4.79,-179.65,0.2648,Fokus,Ma et al. (2s eye / 3s yaw),
2026-08-20T11:26:04.836,4.536,4.56,-179.75,0.2631,Fokus,Ma et al. (2s eye / 3s yaw),
2026-08-20T11:26:04.871,4.571,4.98,-179.75,0.2623,Fokus,Ma et al. (2s eye / 3s yaw),
2026-08-20T11:26:04.905,4.606,4.61,-179.8,0.2605,Fokus,Ma et al. (2s eye / 3s yaw),
2026-08-20T11:26:04.939,4.64,5.82,179.83,0.2557,Fokus,Ma et al. (2s eye / 3s yaw),
2026-08-20T11:26:04.974,4.675,5.75,179.3,0.1906,Fokus,Ma et al. (2s eye / 3s yaw),
2026-08-20T11:26:05.009,4.709,3.75,177.6,0.0905,Fokus,Ma et al. (2s eye / 3s yaw),
2026-08-20T11:26:05.044,4.745,2.4,177.24,0.0561,Fokus,Ma et al. (2s eye / 3s yaw),
2026-08-20T11:26:05.079,4.78,3.29,176.31,0.0512,Fokus,Ma et al. (2s eye / 3s yaw),
2026-08-20T11:26:05.114,4.815,3.87,175.58,0.055,Fokus,Ma et al. (2s eye / 3s yaw),
2026-08-20T11:26:05.150,4.851,6.13,176.65,0.0869,Fokus,Ma et al. (2s eye / 3s yaw),
2026-08-20T11:26:05.185,4.885,8.5,177.17,0.126,Fokus,Ma et al. (2s eye / 3s yaw),
2026-08-20T11:26:05.219,4.919,8.85,177.43,0.1533,Fokus,Ma et al. (2s eye / 3s yaw),
2026-08-20T11:26:05.254,4.954,8.69,176.33,0.176,Fokus,Ma et al. (2s eye / 3s yaw),
2026-08-20T11:26:05.290,4.99,8.19,176.97,0.1945,Fokus,Ma et al. (2s eye / 3s yaw),
2026-08-20T11:26:05.325,5.026,7.34,177.8,0.212,Fokus,Ma et al. (2s eye / 3s yaw),
2026-08-20T11:26:05.361,5.062,6.75,178.38,0.2221,Fokus,Ma et al. (2s eye / 3s yaw),
2026-08-20T11:26:05.390,5.091,6.0,178.63,0.2296,Fokus,Ma et al. (2s eye / 3s yaw),
2026-08-20T11:26:05.409,5.109,4.87,178.69,0.2347,Fokus,Ma et al. (2s eye / 3s yaw),
2026-08-20T11:26:05.428,5.129,4.36,178.8,0.2401,Fokus,Ma et al. (2s eye / 3s yaw),
2026-08-20T11:26:05.447,5.147,3.94,178.89,0.2461,Fokus,Ma et al. (2s eye / 3s yaw),
2026-08-20T11:26:05.466,5.166,3.44,179.01,0.2543,Fokus,Ma et al. (2s eye / 3s yaw),
2026-08-20T11:26:05.485,5.186,2.85,178.7,0.2584,Fokus,Ma et al. (2s eye / 3s yaw),
2026-08-20T11:26:05.512,5.212,2.5,178.28,0.2589,Fokus,Ma et al. (2s eye / 3s yaw),
2026-08-20T11:26:05.547,5.248,2.26,177.89,0.2606,Fokus,Ma et al. (2s eye / 3s yaw),
2026-08-20T11:26:05.583,5.284,2.01,178.11,0.2625,Fokus,Ma et al. (2s eye / 3s yaw),
2026-08-20T11:26:05.619,5.319,1.77,178.23,0.2557,Fokus,Ma et al. (2s eye / 3s yaw),
2026-08-20T11:26:05.654,5.355,1.6,178.43,0.257,Fokus,Ma et al. (2s eye / 3s yaw),
2026-08-20T11:26:05.689,5.39,1.86,178.47,0.2581,Fokus,Ma et al. (2s eye / 3s yaw),
2026-08-20T11:26:05.723,5.424,1.76,178.48,0.2582,Fokus,Ma et al. (2s eye / 3s yaw),
2026-08-20T11:26:05.758,5.459,1.65,178.47,0.2573,Fokus,Ma et al. (2s eye / 3s yaw),
2026-08-20T11:26:05.792,5.492,1.83,178.5,0.2581,Fokus,Ma et al. (2s eye / 3s yaw),
2026-08-20T11:26:05.827,5.528,1.57,178.36,0.2588,Fokus,Ma et al. (2s eye / 3s yaw),
2026-08-20T11:26:05.862,5.562,2.09,178.73,0.2559,Fokus,Ma et al. (2s eye / 3s yaw),
2026-08-20T11:26:05.897,5.598,2.3,178.68,0.2539,Fokus,Ma et al. (2s eye / 3s yaw),
2026-08-20T11:26:05.932,5.633,2.1,178.67,0.2573,Fokus,Ma et al. (2s eye / 3s yaw),
2026-08-20T11:26:05.968,5.669,2.04,178.47,0.2508,Fokus,Ma et al. (2s eye / 3s yaw),
2026-08-20T11:26:06.003,5.704,1.97,178.49,0.2497,Fokus,Ma et al. (2s eye / 3s yaw),
2026-08-20T11:26:06.032,5.733,1.74,178.5,0.2469,Fokus,Ma et al. (2s eye / 3s yaw),
2026-08-20T11:26:06.051,5.752,1.83,178.67,0.2469,Fokus,Ma et al. (2s eye / 3s yaw),
2026-08-20T11:26:06.079,5.78,1.78,178.56,0.2465,Fokus,Ma et al. (2s eye / 3s yaw),
2026-08-20T11:26:06.116,5.817,1.84,178.53,0.2476,Fokus,Ma et al. (2s eye / 3s yaw),
2026-08-20T11:26:06.147,5.848,2.18,178.5,0.2465,Fokus,Ma et al. (2s eye / 3s yaw),
2026-08-20T11:26:06.187,5.888,2.22,178.46,0.2466,Fokus,Ma et al. (2s eye / 3s yaw),
2026-08-20T11:26:06.221,5.922,2.03,178.5,0.2455,Fokus,Ma et al. (2s eye / 3s yaw),
2026-08-20T11:26:06.256,5.957,1.95,178.46,0.2467,Fokus,Ma et al. (2s eye / 3s yaw),
2026-08-20T11:26:06.291,5.992,1.71,178.55,0.2464,Fokus,Ma et al. (2s eye / 3s yaw),
2026-08-20T11:26:06.327,6.027,1.81,178.63,0.2443,Fokus,Ma et al. (2s eye / 3s yaw),
2026-08-20T11:26:06.361,6.062,2.3,178.58,0.2458,Fokus,Ma et al. (2s eye / 3s yaw),
2026-08-20T11:26:06.396,6.097,2.56,179.05,0.244,Fokus,Ma et al. (2s eye / 3s yaw),
2026-08-20T11:26:06.431,6.131,2.85,179.13,0.2339,Fokus,Ma et al. (2s eye / 3s yaw),
2026-08-20T11:26:06.465,6.166,2.72,179.0,0.2431,Fokus,Ma et al. (2s eye / 3s yaw),
2026-08-20T11:26:06.500,6.2,3.05,179.0,0.2395,Fokus,Ma et al. (2s eye / 3s yaw),
2026-08-20T11:26:06.536,6.236,3.43,179.01,0.2448,Fokus,Ma et al. (2s eye / 3s yaw),
2026-08-20T11:26:06.570,6.271,2.14,178.64,0.2422,Fokus,Ma et al. (2s eye / 3s yaw),
2026-08-20T11:26:06.605,6.306,1.94,178.67,0.2415,Fokus,Ma et al. (2s eye / 3s yaw),
2026-08-20T11:26:06.641,6.342,1.76,178.92,0.2474,Fokus,Ma et al. (2s eye / 3s yaw),
2026-08-20T11:26:06.676,6.376,1.84,178.74,0.2461,Fokus,Ma et al. (2s eye / 3s yaw),
2026-08-20T11:26:06.710,6.411,2.09,178.75,0.2455,Fokus,Ma et al. (2s eye / 3s yaw),
2026-08-20T11:26:06.745,6.446,2.19,178.65,0.2489,Fokus,Ma et al. (2s eye / 3s yaw),
2026-08-20T11:26:06.782,6.482,3.51,178.83,0.2526,Fokus,Ma et al. (2s eye / 3s yaw),
2026-08-20T11:26:06.815,6.516,4.03,178.83,0.2506,Fokus,Ma et al. (2s eye / 3s yaw),
2026-08-20T11:26:06.841,6.542,3.94,178.73,0.2521,Fokus,Ma et al. (2s eye / 3s yaw),
2026-08-20T11:26:06.869,6.57,4.24,178.74,0.2518,Fokus,Ma et al. (2s eye / 3s yaw),
2026-08-20T11:26:06.890,6.591,4.6,178.82,0.2525,Fokus,Ma et al. (2s eye / 3s yaw),
2026-08-20T11:26:06.914,6.615,4.65,178.81,0.2552,Fokus,Ma et al. (2s eye / 3s yaw),
2026-08-20T11:26:06.951,6.652,5.04,178.76,0.2541,Fokus,Ma et al. (2s eye / 3s yaw),
2026-08-20T11:26:06.985,6.686,5.16,178.69,0.2552,Fokus,Ma et al. (2s eye / 3s yaw),
2026-08-20T11:26:07.023,6.724,5.18,178.41,0.2526,Fokus,Ma et al. (2s eye / 3s yaw),
2026-08-20T11:26:07.059,6.759,5.07,178.35,0.2546,Fokus,Ma et al. (2s eye / 3s yaw),
2026-08-20T11:26:07.094,6.795,4.98,178.58,0.2546,Fokus,Ma et al. (2s eye / 3s yaw),
2026-08-20T11:26:07.129,6.829,5.32,178.37,0.2538,Fokus,Ma et al. (2s eye / 3s yaw),
2026-08-20T11:26:07.165,6.865,5.07,178.34,0.2544,Fokus,Ma et al. (2s eye / 3s yaw),
2026-08-20T11:26:07.200,6.901,6.16,178.22,0.2515,Fokus,Ma et al. (2s eye / 3s yaw),
2026-08-20T11:26:07.235,6.935,6.25,178.3,0.256,Fokus,Ma et al. (2s eye / 3s yaw),
2026-08-20T11:26:07.270,6.97,6.12,178.39,0.2589,Fokus,Ma et al. (2s eye / 3s yaw),
2026-08-20T11:26:07.305,7.005,5.83,178.16,0.2566,Fokus,Ma et al. (2s eye / 3s yaw),
2026-08-20T11:26:07.341,7.041,5.75,177.99,0.2567,Fokus,Ma et al. (2s eye / 3s yaw),
2026-08-20T11:26:07.374,7.075,5.53,177.8,0.2581,Fokus,Ma et al. (2s eye / 3s yaw),
2026-08-20T11:26:07.408,7.109,5.29,177.71,0.26,Fokus,Ma et al. (2s eye / 3s yaw),
2026-08-20T11:26:07.443,7.143,4.58,177.68,0.2431,Fokus,Ma et al. (2s eye / 3s yaw),
2026-08-20T11:26:07.477,7.178,4.57,177.82,0.2388,Fokus,Ma et al. (2s eye / 3s yaw),
2026-08-20T11:26:07.511,7.212,4.11,177.63,0.2481,Fokus,Ma et al. (2s eye / 3s yaw),
2026-08-20T11:26:07.546,7.246,4.32,177.86,0.2425,Fokus,Ma et al. (2s eye / 3s yaw),
2026-08-20T11:26:07.582,7.282,2.14,177.77,0.2304,Fokus,Ma et al. (2s eye / 3s yaw),
2026-08-20T11:26:07.618,7.318,0.44,177.59,0.2266,Fokus,Ma et al. (2s eye / 3s yaw),
2026-08-20T11:26:07.653,7.354,-1.14,177.81,0.2266,Fokus,Ma et al. (2s eye / 3s yaw),
2026-08-20T11:26:07.688,7.389,-1.99,177.89,0.2282,Fokus,Ma et al. (2s eye / 3s yaw),
2026-08-20T11:26:07.733,7.433,-3.17,178.03,0.2275,Fokus,Ma et al. (2s eye / 3s yaw),
2026-08-20T11:26:07.775,7.476,-4.09,178.12,0.2248,Fokus,Ma et al. (2s eye / 3s yaw),
2026-08-20T11:26:07.801,7.501,-4.28,178.22,0.2266,Fokus,Ma et al. (2s eye / 3s yaw),
2026-08-20T11:26:07.834,7.534,-4.28,178.18,0.2276,Fokus,Ma et al. (2s eye / 3s yaw),
2026-08-20T11:26:07.864,7.564,-4.62,178.23,0.2275,Fokus,Ma et al. (2s eye / 3s yaw),
2026-08-20T11:26:07.895,7.595,-4.93,178.24,0.2279,Fokus,Ma et al. (2s eye / 3s yaw),
2026-08-20T11:26:07.922,7.623,-4.68,178.11,0.2259,Fokus,Ma et al. (2s eye / 3s yaw),
2026-08-20T11:26:07.949,7.65,-5.01,178.16,0.2264,Fokus,Ma et al. (2s eye / 3s yaw),
2026-08-20T11:26:07.985,7.686,-5.0,178.25,0.2263,Fokus,Ma et al. (2s eye / 3s yaw),
2026-08-20T11:26:08.020,7.721,-4.74,178.21,0.2257,Fokus,Ma et al. (2s eye / 3s yaw),
2026-08-20T11:26:08.043,7.744,-4.58,178.23,0.2248,Fokus,Ma et al. (2s eye / 3s yaw),
2026-08-20T11:26:08.062,7.762,-4.19,178.27,0.2229,Fokus,Ma et al. (2s eye / 3s yaw),
2026-08-20T11:26:08.086,7.786,-3.98,178.23,0.2242,Fokus,Ma et al. (2s eye / 3s yaw),
2026-08-20T11:26:08.123,7.824,-3.57,178.27,0.2264,Fokus,Ma et al. (2s eye / 3s yaw),
2026-08-20T11:26:08.163,7.863,-3.56,178.26,0.2296,Fokus,Ma et al. (2s eye / 3s yaw),
2026-08-20T11:26:08.198,7.899,-3.45,178.21,0.2301,Fokus,Ma et al. (2s eye / 3s yaw),
2026-08-20T11:26:08.234,7.934,-3.29,178.21,0.2253,Fokus,Ma et al. (2s eye / 3s yaw),
2026-08-20T11:26:08.268,7.969,-1.6,178.17,0.1384,Fokus,Ma et al. (2s eye / 3s yaw),
2026-08-20T11:26:08.304,8.004,-2.22,178.16,0.1272,Fokus,Ma et al. (2s eye / 3s yaw),
2026-08-20T11:26:08.338,8.039,-2.31,178.2,0.1325,Fokus,Ma et al. (2s eye / 3s yaw),
2026-08-20T11:26:08.373,8.074,-2.94,178.09,0.1479,Fokus,Ma et al. (2s eye / 3s yaw),
2026-08-20T11:26:08.417,8.118,-3.56,178.11,0.1627,Fokus,Ma et al. (2s eye / 3s yaw),
2026-08-20T11:26:08.475,8.176,-3.93,177.98,0.1752,Fokus,Ma et al. (2s eye / 3s yaw),
2026-08-20T11:26:08.507,8.207,-3.09,177.93,0.1427,Fokus,Ma et al. (2s eye / 3s yaw),
2026-08-20T11:26:08.538,8.239,-1.18,177.64,0.0875,Fokus,Ma et al. (2s eye / 3s yaw),
2026-08-20T11:26:08.571,8.272,0.09,177.5,0.0739,Fokus,Ma et al. (2s eye / 3s yaw),
2026-08-20T11:26:08.606,8.306,0.89,177.61,0.0752,Fokus,Ma et al. (2s eye / 3s yaw),
2026-08-20T11:26:08.635,8.336,1.89,177.71,0.1008,Fokus,Ma et al. (2s eye / 3s yaw),
2026-08-20T11:26:08.661,8.362,3.52,177.82,0.1483,Fokus,Ma et al. (2s eye / 3s yaw),
2026-08-20T11:26:08.695,8.396,4.03,177.82,0.182,Fokus,Ma et al. (2s eye / 3s yaw),
2026-08-20T11:26:08.732,8.432,4.51,177.96,0.2085,Fokus,Ma et al. (2s eye / 3s yaw),
2026-08-20T11:26:08.768,8.469,4.84,178.02,0.224,Fokus,Ma et al. (2s eye / 3s yaw),
2026-08-20T11:26:08.804,8.504,5.2,178.22,0.2353,Fokus,Ma et al. (2s eye / 3s yaw),
2026-08-20T11:26:08.840,8.54,4.76,178.04,0.2395,Fokus,Ma et al. (2s eye / 3s yaw),
2026-08-20T11:26:08.876,8.577,4.69,178.06,0.2459,Fokus,Ma et al. (2s eye / 3s yaw),
2026-08-20T11:26:08.911,8.611,4.29,177.87,0.2556,Fokus,Ma et al. (2s eye / 3s yaw),
2026-08-20T11:26:08.937,8.638,3.36,177.8,0.2547,Fokus,Ma et al. (2s eye / 3s yaw),
2026-08-20T11:26:08.965,8.666,3.06,177.69,0.2574,Fokus,Ma et al. (2s eye / 3s yaw),
2026-08-20T11:26:09.000,8.7,2.92,177.71,0.2549,Fokus,Ma et al. (2s eye / 3s yaw),
2026-08-20T11:26:09.035,8.736,2.97,177.76,0.2572,Fokus,Ma et al. (2s eye / 3s yaw),
2026-08-20T11:26:09.070,8.771,2.78,177.75,0.2592,Fokus,Ma et al. (2s eye / 3s yaw),
2026-08-20T11:26:09.106,8.806,2.61,177.77,0.2583,Fokus,Ma et al. (2s eye / 3s yaw),
2026-08-20T11:26:09.141,8.842,2.36,177.79,0.2583,Fokus,Ma et al. (2s eye / 3s yaw),
2026-08-20T11:26:09.182,8.883,2.35,177.65,0.2567,Fokus,Ma et al. (2s eye / 3s yaw),
2026-08-20T11:26:09.217,8.918,2.64,177.68,0.2577,Fokus,Ma et al. (2s eye / 3s yaw),
2026-08-20T11:26:09.252,8.952,2.75,177.72,0.2582,Fokus,Ma et al. (2s eye / 3s yaw),
2026-08-20T11:26:09.285,8.986,2.72,177.8,0.2583,Fokus,Ma et al. (2s eye / 3s yaw),
2026-08-20T11:26:09.318,9.019,2.79,177.74,0.2589,Fokus,Ma et al. (2s eye / 3s yaw),
2026-08-20T11:26:09.346,9.047,2.81,177.74,0.2595,Fokus,Ma et al. (2s eye / 3s yaw),
2026-08-20T11:26:09.380,9.081,3.14,177.73,0.2582,Fokus,Ma et al. (2s eye / 3s yaw),
2026-08-20T11:26:09.414,9.115,3.37,177.76,0.2576,Fokus,Ma et al. (2s eye / 3s yaw),
2026-08-20T11:26:09.450,9.151,3.14,177.8,0.2574,Fokus,Ma et al. (2s eye / 3s yaw),
2026-08-20T11:26:09.484,9.185,3.55,177.85,0.2586,Fokus,Ma et al. (2s eye / 3s yaw),
2026-08-20T11:26:09.519,9.22,3.94,177.86,0.2586,Fokus,Ma et al. (2s eye / 3s yaw),
2026-08-20T11:26:09.555,9.256,3.21,177.78,0.2625,Fokus,Ma et al. (2s eye / 3s yaw),
2026-08-20T11:26:09.584,9.284,3.39,177.83,0.2633,Fokus,Ma et al. (2s eye / 3s yaw),
2026-08-20T11:26:09.610,9.311,3.25,177.73,0.2684,Fokus,Ma et al. (2s eye / 3s yaw),
2026-08-20T11:26:09.641,9.342,1.78,177.36,0.2624,Fokus,Ma et al. (2s eye / 3s yaw),
2026-08-20T11:26:09.669,9.37,0.44,177.45,0.2521,Fokus,Ma et al. (2s eye / 3s yaw),
2026-08-20T11:26:09.699,9.4,-0.41,177.18,0.1078,Fokus,Ma et al. (2s eye / 3s yaw),
2026-08-20T11:26:09.733,9.433,-0.04,176.71,0.0732,Fokus,Ma et al. (2s eye / 3s yaw),
2026-08-20T11:26:09.767,9.468,0.28,176.95,0.0854,Fokus,Ma et al. (2s eye / 3s yaw),
2026-08-20T11:26:09.803,9.503,-0.25,177.07,0.0936,Fokus,Ma et al. (2s eye / 3s yaw),
2026-08-20T11:26:09.839,9.539,-0.81,177.27,0.1285,Fokus,Ma et al. (2s eye / 3s yaw),
2026-08-20T11:26:09.874,9.575,-1.74,177.4,0.1584,Fokus,Ma et al. (2s eye / 3s yaw),
2026-08-20T11:26:09.908,9.609,-3.18,177.65,0.1803,Fokus,Ma et al. (2s eye / 3s yaw),
2026-08-20T11:26:09.942,9.643,-3.04,177.81,0.2021,Fokus,Ma et al. (2s eye / 3s yaw),
2026-08-20T11:26:09.973,9.674,-3.06,177.9,0.2112,Fokus,Ma et al. (2s eye / 3s yaw),
2026-08-20T11:26:10.007,9.708,-3.0,177.9,0.2142,Fokus,Ma et al. (2s eye / 3s yaw),
2026-08-20T11:26:10.042,9.743,-2.45,177.77,0.2178,Fokus,Ma et al. (2s eye / 3s yaw),
2026-08-20T11:26:10.078,9.778,-2.07,177.67,0.2218,Fokus,Ma et al. (2s eye / 3s yaw),
2026-08-20T11:26:10.112,9.813,-3.0,177.73,0.2241,Fokus,Ma et al. (2s eye / 3s yaw),
2026-08-20T11:26:10.148,9.849,-2.84,177.66,0.228,Fokus,Ma et al. (2s eye / 3s yaw),
2026-08-20T11:26:10.181,9.881,-2.98,177.55,0.2315,Fokus,Ma et al. (2s eye / 3s yaw),
2026-08-20T11:26:10.202,9.902,-2.53,177.39,0.2356,Fokus,Ma et al. (2s eye / 3s yaw),
2026-08-20T11:26:10.221,9.921,-2.64,177.39,0.2371,Fokus,Ma et al. (2s eye / 3s yaw),
2026-08-20T11:26:10.240,9.941,-3.04,177.36,0.2404,Fokus,Ma et al. (2s eye / 3s yaw),
2026-08-20T11:26:10.265,9.965,-3.14,177.52,0.2429,Fokus,Ma et al. (2s eye / 3s yaw),
2026-08-20T11:26:10.297,9.998,-1.48,177.52,0.2423,Fokus,Ma et al. (2s eye / 3s yaw),
2026-08-20T11:26:10.326,10.027,-1.21,177.45,0.2441,Fokus,Ma et al. (2s eye / 3s yaw),
2026-08-20T11:26:10.367,10.068,-2.32,177.42,0.2474,Fokus,Ma et al. (2s eye / 3s yaw),
2026-08-20T11:26:10.395,10.096,-1.68,177.26,0.2514,Fokus,Ma et al. (2s eye / 3s yaw),
2026-08-20T11:26:10.427,10.128,-1.11,177.38,0.252,Fokus,Ma et al. (2s eye / 3s yaw),
2026-08-20T11:26:10.463,10.164,-2.21,177.16,0.2551,Fokus,Ma et al. (2s eye / 3s yaw),
2026-08-20T11:26:10.494,10.195,-1.51,177.02,0.256,Fokus,Ma et al. (2s eye / 3s yaw),
2026-08-20T11:26:10.528,10.228,-0.77,176.79,0.2577,Fokus,Ma et al. (2s eye / 3s yaw),
2026-08-20T11:26:10.572,10.272,-0.62,176.91,0.2571,Fokus,Ma et al. (2s eye / 3s yaw),
2026-08-20T11:26:10.599,10.299,-0.68,176.98,0.2572,Fokus,Ma et al. (2s eye / 3s yaw),
2026-08-20T11:26:10.633,10.333,-0.86,176.89,0.2561,Fokus,Ma et al. (2s eye / 3s yaw),
2026-08-20T11:26:10.669,10.369,-1.31,176.88,0.2585,Fokus,Ma et al. (2s eye / 3s yaw),
2026-08-20T11:26:10.708,10.408,-1.5,176.94,0.2567,Fokus,Ma et al. (2s eye / 3s yaw),
2026-08-20T11:26:10.743,10.444,-1.04,176.97,0.2569,Fokus,Ma et al. (2s eye / 3s yaw),
2026-08-20T11:26:10.779,10.48,-1.86,177.09,0.2582,Fokus,Ma et al. (2s eye / 3s yaw),
2026-08-20T11:26:10.815,10.515,-1.69,177.1,0.2566,Fokus,Ma et al. (2s eye / 3s yaw),
2026-08-20T11:26:10.851,10.552,-0.97,176.84,0.2553,Fokus,Ma et al. (2s eye / 3s yaw),
2026-08-20T11:26:10.888,10.589,-1.75,176.91,0.2554,Fokus,Ma et al. (2s eye / 3s yaw),
2026-08-20T11:26:10.924,10.625,-0.54,176.84,0.2565,Fokus,Ma et al. (2s eye / 3s yaw),
2026-08-20T11:26:10.960,10.661,-0.18,177.05,0.2531,Fokus,Ma et al. (2s eye / 3s yaw),
2026-08-20T11:26:10.995,10.696,-0.99,177.21,0.2511,Fokus,Ma et al. (2s eye / 3s yaw),
2026-08-20T11:26:11.031,10.731,-1.25,177.36,0.2475,Fokus,Ma et al. (2s eye / 3s yaw),
2026-08-20T11:26:11.067,10.767,-1.43,177.33,0.246,Fokus,Ma et al. (2s eye / 3s yaw),
2026-08-20T11:26:11.103,10.804,-0.83,177.16,0.2492,Fokus,Ma et al. (2s eye / 3s yaw),
2026-08-20T11:26:11.137,10.838,-1.52,177.22,0.2491,Fokus,Ma et al. (2s eye / 3s yaw),
2026-08-20T11:26:11.163,10.864,-0.34,177.41,0.2503,Fokus,Ma et al. (2s eye / 3s yaw),
2026-08-20T11:26:11.182,10.883,-2.2,177.24,0.2529,Fokus,Ma et al. (2s eye / 3s yaw),
2026-08-20T11:26:11.201,10.902,-3.41,177.3,0.253,Fokus,Ma et al. (2s eye / 3s yaw),
2026-08-20T11:26:11.233,10.933,-4.69,177.22,0.2541,Fokus,Ma et al. (2s eye / 3s yaw),
2026-08-20T11:26:11.280,10.981,-5.56,177.4,0.2507,Fokus,Ma et al. (2s eye / 3s yaw),
2026-08-20T11:26:11.316,11.017,-6.6,177.34,0.2529,Fokus,Ma et al. (2s eye / 3s yaw),
2026-08-20T11:26:11.352,11.053,-5.85,177.32,0.2512,Fokus,Ma et al. (2s eye / 3s yaw),
2026-08-20T11:26:11.388,11.089,-5.6,177.39,0.2532,Fokus,Ma et al. (2s eye / 3s yaw),
2026-08-20T11:26:11.423,11.123,-6.07,177.43,0.2545,Fokus,Ma et al. (2s eye / 3s yaw),
2026-08-20T11:26:11.458,11.158,-6.34,177.46,0.2552,Fokus,Ma et al. (2s eye / 3s yaw),
2026-08-20T11:26:11.494,11.195,-5.01,177.43,0.2557,Fokus,Ma et al. (2s eye / 3s yaw),
2026-08-20T11:26:11.530,11.231,-3.79,177.45,0.2557,Fokus,Ma et al. (2s eye / 3s yaw),
2026-08-20T11:26:11.565,11.266,-3.43,177.39,0.2565,Fokus,Ma et al. (2s eye / 3s yaw),
2026-08-20T11:26:11.601,11.301,-3.93,177.35,0.2544,Fokus,Ma et al. (2s eye / 3s yaw),
2026-08-20T11:26:11.636,11.337,-2.78,177.22,0.2541,Fokus,Ma et al. (2s eye / 3s yaw),
2026-08-20T11:26:11.672,11.373,-3.6,177.28,0.2536,Fokus,Ma et al. (2s eye / 3s yaw),
2026-08-20T11:26:11.708,11.409,-4.65,177.62,0.2539,Fokus,Ma et al. (2s eye / 3s yaw),
2026-08-20T11:26:11.743,11.444,-5.94,177.81,0.2515,Fokus,Ma et al. (2s eye / 3s yaw),
2026-08-20T11:26:11.779,11.48,-5.94,177.84,0.2514,Fokus,Ma et al. (2s eye / 3s yaw),
2026-08-20T11:26:11.815,11.516,-6.14,178.14,0.2507,Fokus,Ma et al. (2s eye / 3s yaw),
2026-08-20T11:26:11.850,11.551,-6.36,178.09,0.2499,Fokus,Ma et al. (2s eye / 3s yaw),
2026-08-20T11:26:11.886,11.586,-5.98,178.12,0.2495,Fokus,Ma et al. (2s eye / 3s yaw),
2026-08-20T11:26:11.922,11.622,-5.77,178.14,0.2496,Fokus,Ma et al. (2s eye / 3s yaw),
2026-08-20T11:26:11.957,11.658,-5.84,178.11,0.25,Fokus,Ma et al. (2s eye / 3s yaw),
2026-08-20T11:26:11.992,11.693,-5.38,178.13,0.2511,Fokus,Ma et al. (2s eye / 3s yaw),
2026-08-20T11:26:12.028,11.728,-6.09,178.19,0.252,Fokus,Ma et al. (2s eye / 3s yaw),
2026-08-20T11:26:12.063,11.764,-6.02,178.11,0.2515,Fokus,Ma et al. (2s eye / 3s yaw),
2026-08-20T11:26:12.099,11.799,-5.6,178.25,0.2488,Fokus,Ma et al. (2s eye / 3s yaw),
2026-08-20T11:26:12.134,11.835,-5.02,178.29,0.246,Fokus,Ma et al. (2s eye / 3s yaw),
2026-08-20T11:26:12.170,11.87,-4.71,178.44,0.2459,Fokus,Ma et al. (2s eye / 3s yaw),
2026-08-20T11:26:12.204,11.905,-4.72,178.35,0.2486,Fokus,Ma et al. (2s eye / 3s yaw),
2026-08-20T11:26:12.236,11.937,-4.75,178.29,0.2489,Fokus,Ma et al. (2s eye / 3s yaw),
2026-08-20T11:26:12.272,11.972,-4.71,178.25,0.2499,Fokus,Ma et al. (2s eye / 3s yaw),
2026-08-20T11:26:12.306,12.007,-4.86,178.23,0.2488,Fokus,Ma et al. (2s eye / 3s yaw),
2026-08-20T11:26:12.341,12.042,-3.94,177.91,0.2498,Fokus,Ma et al. (2s eye / 3s yaw),
2026-08-20T11:26:12.377,12.077,-4.57,177.72,0.2505,Fokus,Ma et al. (2s eye / 3s yaw),
2026-08-20T11:26:12.413,12.113,-4.9,177.4,0.2508,Fokus,Ma et al. (2s eye / 3s yaw),
2026-08-20T11:26:12.448,12.148,-4.57,179.3,0.2512,Fokus,Ma et al. (2s eye / 3s yaw),
2026-08-20T11:26:12.484,12.184,-4.72,177.71,0.2514,Fokus,Ma et al. (2s eye / 3s yaw),
2026-08-20T11:26:12.520,12.221,-4.51,177.71,0.2542,Fokus,Ma et al. (2s eye / 3s yaw),
2026-08-20T11:26:12.555,12.256,-3.62,177.66,0.2518,Fokus,Ma et al. (2s eye / 3s yaw),
2026-08-20T11:26:12.590,12.291,-3.21,177.85,0.2526,Fokus,Ma et al. (2s eye / 3s yaw),
2026-08-20T11:26:12.625,12.326,-2.5,178.11,0.2547,Fokus,Ma et al. (2s eye / 3s yaw),
2026-08-20T11:26:12.660,12.36,-2.33,178.35,0.2535,Fokus,Ma et al. (2s eye / 3s yaw),
2026-08-20T11:26:12.695,12.396,-1.68,178.37,0.252,Fokus,Ma et al. (2s eye / 3s yaw),
2026-08-20T11:26:12.732,12.432,-1.2,178.45,0.2512,Fokus,Ma et al. (2s eye / 3s yaw),
2026-08-20T11:26:12.766,12.467,-0.79,178.45,0.2526,Fokus,Ma et al. (2s eye / 3s yaw),
2026-08-20T11:26:12.802,12.503,-0.51,178.56,0.2457,Fokus,Ma et al. (2s eye / 3s yaw),
2026-08-20T11:26:12.837,12.537,-0.94,178.81,0.2481,Fokus,Ma et al. (2s eye / 3s yaw),
2026-08-20T11:26:12.872,12.572,-0.54,179.05,0.2445,Fokus,Ma et al. (2s eye / 3s yaw),
2026-08-20T11:26:12.911,12.611,0.01,178.91,0.2463,Fokus,Ma et al. (2s eye / 3s yaw),
2026-08-20T11:26:12.946,12.647,0.58,178.83,0.2473,Fokus,Ma et al. (2s eye / 3s yaw),
2026-08-20T11:26:12.980,12.681,0.35,178.97,0.2509,Fokus,Ma et al. (2s eye / 3s yaw),
2026-08-20T11:26:13.015,12.716,-0.12,179.03,0.2553,Fokus,Ma et al. (2s eye / 3s yaw),
2026-08-20T11:26:13.050,12.75,-1.42,179.07,0.2559,Fokus,Ma et al. (2s eye / 3s yaw),
2026-08-20T11:26:13.085,12.786,-0.57,178.98,0.254,Fokus,Ma et al. (2s eye / 3s yaw),
2026-08-20T11:26:13.120,12.821,-0.4,179.07,0.2561,Fokus,Ma et al. (2s eye / 3s yaw),
2026-08-20T11:26:13.155,12.855,0.28,178.84,0.2553,Fokus,Ma et al. (2s eye / 3s yaw),
2026-08-20T11:26:13.190,12.89,0.96,178.84,0.256,Fokus,Ma et al. (2s eye / 3s yaw),
2026-08-20T11:26:13.224,12.925,1.25,178.88,0.2562,Fokus,Ma et al. (2s eye / 3s yaw),
2026-08-20T11:26:13.259,12.96,1.61,178.76,0.2555,Fokus,Ma et al. (2s eye / 3s yaw),
2026-08-20T11:26:13.295,12.995,1.78,178.73,0.255,Fokus,Ma et al. (2s eye / 3s yaw),
2026-08-20T11:26:13.327,13.027,1.72,178.64,0.2549,Fokus,Ma et al. (2s eye / 3s yaw),
2026-08-20T11:26:13.358,13.058,2.41,178.62,0.256,Fokus,Ma et al. (2s eye / 3s yaw),
2026-08-20T11:26:13.379,13.08,2.94,178.5,0.2551,Fokus,Ma et al. (2s eye / 3s yaw),
2026-08-20T11:26:13.398,13.099,2.49,178.42,0.2549,Fokus,Ma et al. (2s eye / 3s yaw),
2026-08-20T11:26:13.417,13.118,1.68,178.3,0.2533,Fokus,Ma et al. (2s eye / 3s yaw),
2026-08-20T11:26:13.437,13.138,1.64,178.31,0.2519,Fokus,Ma et al. (2s eye / 3s yaw),
2026-08-20T11:26:13.468,13.168,1.58,178.29,0.2527,Fokus,Ma et al. (2s eye / 3s yaw),
2026-08-20T11:26:13.501,13.201,1.89,178.36,0.2523,Fokus,Ma et al. (2s eye / 3s yaw),
2026-08-20T11:26:13.536,13.237,2.46,178.51,0.2507,Fokus,Ma et al. (2s eye / 3s yaw),
2026-08-20T11:26:13.576,13.277,2.99,178.54,0.2498,Fokus,Ma et al. (2s eye / 3s yaw),
2026-08-20T11:26:13.611,13.311,2.76,178.48,0.2496,Fokus,Ma et al. (2s eye / 3s yaw),
2026-08-20T11:26:13.647,13.347,2.93,178.45,0.25,Fokus,Ma et al. (2s eye / 3s yaw),
2026-08-20T11:26:13.683,13.384,3.22,178.41,0.2495,Fokus,Ma et al. (2s eye / 3s yaw),
2026-08-20T11:26:13.719,13.42,2.74,178.33,0.2487,Fokus,Ma et al. (2s eye / 3s yaw),
2026-08-20T11:26:13.754,13.454,1.64,178.25,0.2487,Fokus,Ma et al. (2s eye / 3s yaw),
2026-08-20T11:26:13.787,13.487,2.5,178.17,0.2501,Fokus,Ma et al. (2s eye / 3s yaw),
2026-08-20T11:26:13.822,13.523,1.99,178.12,0.2501,Fokus,Ma et al. (2s eye / 3s yaw),
2026-08-20T11:26:13.857,13.557,2.32,177.72,0.2524,Fokus,Ma et al. (2s eye / 3s yaw),
2026-08-20T11:26:13.882,13.583,0.18,177.68,0.2511,Fokus,Ma et al. (2s eye / 3s yaw),
2026-08-20T11:26:13.912,13.613,0.05,177.65,0.2508,Fokus,Ma et al. (2s eye / 3s yaw),
2026-08-20T11:26:13.947,13.648,0.19,177.6,0.2506,Fokus,Ma et al. (2s eye / 3s yaw),
2026-08-20T11:26:13.976,13.676,0.19,177.76,0.2497,Fokus,Ma et al. (2s eye / 3s yaw),
2026-08-20T11:26:13.995,13.696,0.66,177.85,0.25,Fokus,Ma et al. (2s eye / 3s yaw),
2026-08-20T11:26:14.017,13.717,0.18,177.83,0.2516,Fokus,Ma et al. (2s eye / 3s yaw),
2026-08-20T11:26:14.060,13.76,-0.34,177.9,0.2537,Fokus,Ma et al. (2s eye / 3s yaw),
2026-08-20T11:26:14.095,13.795,-0.02,177.8,0.2529,Fokus,Ma et al. (2s eye / 3s yaw),
2026-08-20T11:26:14.128,13.828,0.25,177.83,0.2548,Fokus,Ma et al. (2s eye / 3s yaw),
2026-08-20T11:26:14.164,13.865,1.7,177.8,0.2537,Fokus,Ma et al. (2s eye / 3s yaw),
2026-08-20T11:26:14.199,13.9,2.31,177.68,0.2508,Fokus,Ma et al. (2s eye / 3s yaw),
2026-08-20T11:26:14.234,13.935,1.79,177.62,0.2519,Fokus,Ma et al. (2s eye / 3s yaw),
2026-08-20T11:26:14.269,13.97,2.05,177.7,0.2496,Fokus,Ma et al. (2s eye / 3s yaw),
2026-08-20T11:26:14.305,14.005,1.92,177.17,0.2542,Fokus,Ma et al. (2s eye / 3s yaw),
2026-08-20T11:26:14.340,14.041,2.28,176.84,0.2423,Fokus,Ma et al. (2s eye / 3s yaw),
2026-08-20T11:26:14.376,14.077,1.94,176.54,0.2431,Fokus,Ma et al. (2s eye / 3s yaw),
2026-08-20T11:26:14.407,14.108,1.56,176.47,0.2488,Fokus,Ma et al. (2s eye / 3s yaw),
2026-08-20T11:26:14.440,14.141,1.16,176.57,0.2539,Fokus,Ma et al. (2s eye / 3s yaw),
2026-08-20T11:26:14.465,14.165,1.08,176.42,0.2526,Fokus,Ma et al. (2s eye / 3s yaw),
2026-08-20T11:26:14.489,14.189,1.14,176.28,0.2567,Fokus,Ma et al. (2s eye / 3s yaw),
2026-08-20T11:26:14.528,14.228,0.99,176.37,0.2566,Fokus,Ma et al. (2s eye / 3s yaw),
2026-08-20T11:26:14.562,14.263,0.79,176.58,0.2589,Fokus,Ma et al. (2s eye / 3s yaw),
2026-08-20T11:26:14.596,14.297,-0.54,176.46,0.2611,Fokus,Ma et al. (2s eye / 3s yaw),
2026-08-20T11:26:14.630,14.331,-0.13,176.31,0.2609,Fokus,Ma et al. (2s eye / 3s yaw),
2026-08-20T11:26:14.661,14.362,-0.41,176.45,0.2589,Fokus,Ma et al. (2s eye / 3s yaw),
2026-08-20T11:26:14.694,14.395,0.52,176.39,0.2615,Fokus,Ma et al. (2s eye / 3s yaw),
2026-08-20T11:26:14.720,14.421,-0.58,176.36,0.2618,Fokus,Ma et al. (2s eye / 3s yaw),
2026-08-20T11:26:14.760,14.46,0.79,176.47,0.2622,Fokus,Ma et al. (2s eye / 3s yaw),
2026-08-20T11:26:14.792,14.493,-0.02,176.38,0.2602,Fokus,Ma et al. (2s eye / 3s yaw),
2026-08-20T11:26:14.826,14.526,-0.09,176.5,0.2589,Fokus,Ma et al. (2s eye / 3s yaw),
2026-08-20T11:26:14.864,14.564,-0.33,176.49,0.2576,Fokus,Ma et al. (2s eye / 3s yaw),
2026-08-20T11:26:14.899,14.599,-1.0,176.51,0.2582,Fokus,Ma et al. (2s eye / 3s yaw),
2026-08-20T11:26:14.933,14.634,-0.14,176.49,0.2592,Fokus,Ma et al. (2s eye / 3s yaw),
2026-08-20T11:26:14.969,14.669,1.04,176.42,0.2571,Fokus,Ma et al. (2s eye / 3s yaw),
2026-08-20T11:26:15.004,14.705,-0.05,176.39,0.2565,Fokus,Ma et al. (2s eye / 3s yaw),
2026-08-20T11:26:15.039,14.74,1.28,176.29,0.2565,Fokus,Ma et al. (2s eye / 3s yaw),
2026-08-20T11:26:15.075,14.776,1.52,176.32,0.2541,Fokus,Ma et al. (2s eye / 3s yaw),
2026-08-20T11:26:15.111,14.811,1.01,176.22,0.2536,Fokus,Ma et al. (2s eye / 3s yaw),
2026-08-20T11:26:15.146,14.846,0.08,176.16,0.2539,Fokus,Ma et al. (2s eye / 3s yaw),
2026-08-20T11:26:15.181,14.882,-0.16,176.11,0.2535,Fokus,Ma et al. (2s eye / 3s yaw),
2026-08-20T11:26:15.217,14.917,-1.07,176.09,0.2527,Fokus,Ma et al. (2s eye / 3s yaw),
2026-08-20T11:26:15.249,14.95,-1.42,176.03,0.2545,Fokus,Ma et al. (2s eye / 3s yaw),
2026-08-20T11:26:15.277,14.978,-1.4,175.87,0.2551,Fokus,Ma et al. (2s eye / 3s yaw),
2026-08-20T11:26:15.313,15.014,-1.3,175.73,0.256,Fokus,Ma et al. (2s eye / 3s yaw),
2026-08-20T11:26:15.349,15.049,-1.01,175.72,0.2556,Fokus,Ma et al. (2s eye / 3s yaw),
2026-08-20T11:26:15.380,15.081,-1.07,175.77,0.2541,Fokus,Ma et al. (2s eye / 3s yaw),
2026-08-20T11:26:15.415,15.115,-1.16,175.79,0.2538,Fokus,Ma et al. (2s eye / 3s yaw),
2026-08-20T11:26:15.450,15.151,-1.12,175.91,0.2521,Fokus,Ma et al. (2s eye / 3s yaw),
2026-08-20T11:26:15.486,15.187,-1.03,175.9,0.2515,Fokus,Ma et al. (2s eye / 3s yaw),
2026-08-20T11:26:15.521,15.221,-1.09,175.9,0.2513,Fokus,Ma et al. (2s eye / 3s yaw),
2026-08-20T11:26:15.556,15.257,-0.99,175.9,0.2516,Fokus,Ma et al. (2s eye / 3s yaw),
2026-08-20T11:26:15.591,15.292,-1.12,175.9,0.2519,Fokus,Ma et al. (2s eye / 3s yaw),
2026-08-20T11:26:15.626,15.326,-1.4,175.37,0.2492,Fokus,Ma et al. (2s eye / 3s yaw),
2026-08-20T11:26:15.656,15.357,-1.64,175.57,0.2501,Fokus,Ma et al. (2s eye / 3s yaw),
2026-08-20T11:26:15.678,15.379,-1.63,175.63,0.2504,Fokus,Ma et al. (2s eye / 3s yaw),
2026-08-20T11:26:15.707,15.408,-2.93,175.7,0.252,Fokus,Ma et al. (2s eye / 3s yaw),
2026-08-20T11:26:15.743,15.444,-2.27,175.79,0.25,Fokus,Ma et al. (2s eye / 3s yaw),
2026-08-20T11:26:15.779,15.479,-1.66,175.84,0.2503,Fokus,Ma et al. (2s eye / 3s yaw),
2026-08-20T11:26:15.814,15.515,-3.27,175.99,0.2501,Fokus,Ma et al. (2s eye / 3s yaw),
2026-08-20T11:26:15.850,15.551,-3.48,175.85,0.2472,Fokus,Ma et al. (2s eye / 3s yaw),
2026-08-20T11:26:15.885,15.586,-2.54,175.83,0.2478,Fokus,Ma et al. (2s eye / 3s yaw),
2026-08-20T11:26:15.921,15.621,-3.37,175.94,0.2521,Fokus,Ma et al. (2s eye / 3s yaw),
2026-08-20T11:26:15.957,15.658,-3.56,175.92,0.254,Fokus,Ma et al. (2s eye / 3s yaw),
2026-08-20T11:26:15.993,15.694,-3.68,176.0,0.2536,Fokus,Ma et al. (2s eye / 3s yaw),
2026-08-20T11:26:16.029,15.73,-3.37,176.01,0.2563,Fokus,Ma et al. (2s eye / 3s yaw),
2026-08-20T11:26:16.064,15.765,-3.22,176.0,0.2566,Fokus,Ma et al. (2s eye / 3s yaw),
2026-08-20T11:26:16.099,15.799,-3.32,176.36,0.2531,Fokus,Ma et al. (2s eye / 3s yaw),
2026-08-20T11:26:16.134,15.834,-3.33,176.45,0.2512,Fokus,Ma et al. (2s eye / 3s yaw),
2026-08-20T11:26:16.170,15.87,-3.04,176.73,0.2474,Fokus,Ma et al. (2s eye / 3s yaw),
2026-08-20T11:26:16.205,15.906,-2.48,176.76,0.2458,Fokus,Ma et al. (2s eye / 3s yaw),
2026-08-20T11:26:16.240,15.941,-1.83,176.65,0.2479,Fokus,Ma et al. (2s eye / 3s yaw),
2026-08-20T11:26:16.275,15.976,-1.82,176.53,0.2506,Fokus,Ma et al. (2s eye / 3s yaw),
2026-08-20T11:26:16.311,16.012,-1.14,176.39,0.2507,Fokus,Ma et al. (2s eye / 3s yaw),
2026-08-20T11:26:16.346,16.046,-1.8,176.4,0.2509,Fokus,Ma et al. (2s eye / 3s yaw),
2026-08-20T11:26:16.382,16.083,-1.67,176.41,0.2508,Fokus,Ma et al. (2s eye / 3s yaw),
2026-08-20T11:26:16.418,16.118,-1.42,176.37,0.2515,Fokus,Ma et al. (2s eye / 3s yaw),
2026-08-20T11:26:16.455,16.156,-1.55,176.4,0.2506,Fokus,Ma et al. (2s eye / 3s yaw),
2026-08-20T11:26:16.490,16.191,-1.22,176.3,0.2517,Fokus,Ma et al. (2s eye / 3s yaw),
2026-08-20T11:26:16.525,16.226,-0.83,176.26,0.2524,Fokus,Ma et al. (2s eye / 3s yaw),
2026-08-20T11:26:16.560,16.26,-0.96,176.28,0.2528,Fokus,Ma et al. (2s eye / 3s yaw),
2026-08-20T11:26:16.596,16.297,-0.7,176.25,0.2521,Fokus,Ma et al. (2s eye / 3s yaw),
2026-08-20T11:26:16.632,16.332,-0.62,176.21,0.2519,Fokus,Ma et al. (2s eye / 3s yaw),
2026-08-20T11:26:16.667,16.367,-0.95,176.14,0.2516,Fokus,Ma et al. (2s eye / 3s yaw),
2026-08-20T11:26:16.702,16.402,-1.19,176.11,0.2509,Fokus,Ma et al. (2s eye / 3s yaw),
2026-08-20T11:26:16.737,16.438,-1.98,175.97,0.2524,Fokus,Ma et al. (2s eye / 3s yaw),
2026-08-20T11:26:16.773,16.474,-2.03,175.89,0.2547,Fokus,Ma et al. (2s eye / 3s yaw),
2026-08-20T11:26:16.808,16.509,-2.22,176.0,0.2547,Fokus,Ma et al. (2s eye / 3s yaw),
2026-08-20T11:26:16.843,16.544,-1.94,176.09,0.2535,Fokus,Ma et al. (2s eye / 3s yaw),
2026-08-20T11:26:16.878,16.579,-2.08,176.16,0.2518,Fokus,Ma et al. (2s eye / 3s yaw),
2026-08-20T11:26:16.913,16.614,-2.68,176.14,0.2513,Fokus,Ma et al. (2s eye / 3s yaw),
2026-08-20T11:26:16.948,16.649,-2.37,175.99,0.2513,Fokus,Ma et al. (2s eye / 3s yaw),
2026-08-20T11:26:16.984,16.685,-2.7,175.9,0.2512,Fokus,Ma et al. (2s eye / 3s yaw),
2026-08-20T11:26:17.019,16.72,-2.59,175.91,0.252,Fokus,Ma et al. (2s eye / 3s yaw),
2026-08-20T11:26:17.054,16.754,-2.09,175.78,0.2525,Fokus,Ma et al. (2s eye / 3s yaw),
2026-08-20T11:26:17.086,16.787,-1.84,175.9,0.2534,Fokus,Ma et al. (2s eye / 3s yaw),
2026-08-20T11:26:17.120,16.821,-1.83,175.94,0.2527,Fokus,Ma et al. (2s eye / 3s yaw),
2026-08-20T11:26:17.155,16.856,-1.65,175.9,0.2532,Fokus,Ma et al. (2s eye / 3s yaw),
2026-08-20T11:26:17.190,16.891,-2.15,175.98,0.252,Fokus,Ma et al. (2s eye / 3s yaw),
2026-08-20T11:26:17.224,16.924,-1.76,175.92,0.2529,Fokus,Ma et al. (2s eye / 3s yaw),
2026-08-20T11:26:17.254,16.955,-1.83,175.96,0.2523,Fokus,Ma et al. (2s eye / 3s yaw),
2026-08-20T11:26:17.284,16.985,-1.63,175.96,0.2524,Fokus,Ma et al. (2s eye / 3s yaw),
2026-08-20T11:26:17.310,17.011,-1.4,175.95,0.2499,Fokus,Ma et al. (2s eye / 3s yaw),
2026-08-20T11:26:17.340,17.04,-1.31,176.0,0.2513,Fokus,Ma et al. (2s eye / 3s yaw),
2026-08-20T11:26:17.361,17.061,-1.14,176.1,0.2531,Fokus,Ma et al. (2s eye / 3s yaw),
2026-08-20T11:26:17.386,17.087,-0.83,176.09,0.2536,Fokus,Ma et al. (2s eye / 3s yaw),
2026-08-20T11:26:17.420,17.121,-0.55,176.02,0.253,Fokus,Ma et al. (2s eye / 3s yaw),
2026-08-20T11:26:17.455,17.156,-0.76,176.02,0.2521,Fokus,Ma et al. (2s eye / 3s yaw),
2026-08-20T11:26:17.491,17.191,-0.41,175.98,0.2525,Fokus,Ma et al. (2s eye / 3s yaw),
2026-08-20T11:26:17.525,17.226,-0.23,176.08,0.2531,Fokus,Ma et al. (2s eye / 3s yaw),
2026-08-20T11:26:17.560,17.261,-0.06,176.06,0.2533,Fokus,Ma et al. (2s eye / 3s yaw),
2026-08-20T11:26:17.597,17.297,0.01,176.05,0.254,Fokus,Ma et al. (2s eye / 3s yaw),
2026-08-20T11:26:17.633,17.333,-0.11,176.3,0.2527,Fokus,Ma et al. (2s eye / 3s yaw),
2026-08-20T11:26:17.667,17.367,-0.4,176.38,0.2499,Fokus,Ma et al. (2s eye / 3s yaw),
2026-08-20T11:26:17.698,17.399,-0.46,176.38,0.2504,Fokus,Ma et al. (2s eye / 3s yaw),
2026-08-20T11:26:17.727,17.428,-0.41,176.3,0.25,Fokus,Ma et al. (2s eye / 3s yaw),
2026-08-20T11:26:17.751,17.451,-0.55,176.3,0.2503,Fokus,Ma et al. (2s eye / 3s yaw),
2026-08-20T11:26:17.780,17.48,-0.62,176.29,0.2497,Fokus,Ma et al. (2s eye / 3s yaw),
2026-08-20T11:26:17.816,17.517,-0.52,176.25,0.2507,Fokus,Ma et al. (2s eye / 3s yaw),
2026-08-20T11:26:17.851,17.552,-0.41,176.14,0.2495,Fokus,Ma et al. (2s eye / 3s yaw),
2026-08-20T11:26:17.886,17.586,-0.4,176.1,0.2491,Fokus,Ma et al. (2s eye / 3s yaw),
2026-08-20T11:26:17.921,17.621,-0.33,176.31,0.2489,Fokus,Ma et al. (2s eye / 3s yaw),
2026-08-20T11:26:17.949,17.65,0.03,176.36,0.2485,Fokus,Ma et al. (2s eye / 3s yaw),
2026-08-20T11:26:17.970,17.671,-0.19,176.38,0.2514,Fokus,Ma et al. (2s eye / 3s yaw),
2026-08-20T11:26:17.995,17.696,-0.34,176.38,0.2516,Fokus,Ma et al. (2s eye / 3s yaw),
2026-08-20T11:26:18.022,17.723,-0.15,176.34,0.2515,Fokus,Ma et al. (2s eye / 3s yaw),
2026-08-20T11:26:18.050,17.751,-0.22,176.39,0.2516,Fokus,Ma et al. (2s eye / 3s yaw),
2026-08-20T11:26:18.083,17.784,-0.17,176.36,0.2511,Fokus,Ma et al. (2s eye / 3s yaw),
2026-08-20T11:26:18.118,17.819,-0.04,176.35,0.2519,Fokus,Ma et al. (2s eye / 3s yaw),
2026-08-20T11:26:18.153,17.854,0.03,176.27,0.2502,Fokus,Ma et al. (2s eye / 3s yaw),
2026-08-20T11:26:18.188,17.889,0.55,176.32,0.2533,Fokus,Ma et al. (2s eye / 3s yaw),
2026-08-20T11:26:18.223,17.923,0.92,176.25,0.2531,Fokus,Ma et al. (2s eye / 3s yaw),
2026-08-20T11:26:18.258,17.959,0.54,176.31,0.2528,Fokus,Ma et al. (2s eye / 3s yaw),
2026-08-20T11:26:18.292,17.993,1.1,176.28,0.2537,Fokus,Ma et al. (2s eye / 3s yaw),
2026-08-20T11:26:18.327,18.028,1.17,176.33,0.2542,Fokus,Ma et al. (2s eye / 3s yaw),
2026-08-20T11:26:18.358,18.058,1.55,176.31,0.2544,Fokus,Ma et al. (2s eye / 3s yaw),
2026-08-20T11:26:18.385,18.086,1.33,176.3,0.254,Fokus,Ma et al. (2s eye / 3s yaw),
2026-08-20T11:26:18.415,18.116,1.55,176.26,0.2542,Fokus,Ma et al. (2s eye / 3s yaw),
2026-08-20T11:26:18.442,18.143,1.3,176.24,0.2536,Fokus,Ma et al. (2s eye / 3s yaw),
2026-08-20T11:26:18.480,18.18,1.28,176.26,0.2532,Fokus,Ma et al. (2s eye / 3s yaw),
2026-08-20T11:26:18.515,18.215,1.16,176.27,0.2541,Fokus,Ma et al. (2s eye / 3s yaw),
2026-08-20T11:26:18.550,18.25,1.03,176.28,0.2543,Fokus,Ma et al. (2s eye / 3s yaw),
2026-08-20T11:26:18.584,18.284,0.87,176.2,0.2541,Fokus,Ma et al. (2s eye / 3s yaw),
2026-08-20T11:26:18.618,18.319,0.78,176.16,0.2547,Fokus,Ma et al. (2s eye / 3s yaw),
2026-08-20T11:26:18.654,18.354,0.96,176.15,0.255,Fokus,Ma et al. (2s eye / 3s yaw),
2026-08-20T11:26:18.687,18.387,0.89,176.14,0.25,Fokus,Ma et al. (2s eye / 3s yaw),
2026-08-20T11:26:18.720,18.421,0.8,176.1,0.2473,Fokus,Ma et al. (2s eye / 3s yaw),
2026-08-20T11:26:18.746,18.446,0.57,176.15,0.2484,Fokus,Ma et al. (2s eye / 3s yaw),
2026-08-20T11:26:18.779,18.48,0.54,176.13,0.249,Fokus,Ma et al. (2s eye / 3s yaw),
2026-08-20T11:26:18.813,18.514,0.5,176.13,0.2482,Fokus,Ma et al. (2s eye / 3s yaw),
2026-08-20T11:26:18.851,18.552,0.46,176.15,0.248,Fokus,Ma et al. (2s eye / 3s yaw),
2026-08-20T11:26:18.887,18.588,0.31,176.05,0.248,Fokus,Ma et al. (2s eye / 3s yaw),
2026-08-20T11:26:18.922,18.623,0.31,176.02,0.247,Fokus,Ma et al. (2s eye / 3s yaw),
2026-08-20T11:26:18.958,18.659,0.3,176.02,0.2464,Fokus,Ma et al. (2s eye / 3s yaw),
2026-08-20T11:26:18.993,18.694,-0.25,176.03,0.2467,Fokus,Ma et al. (2s eye / 3s yaw),
2026-08-20T11:26:19.028,18.728,-0.33,176.05,0.2452,Fokus,Ma et al. (2s eye / 3s yaw),
2026-08-20T11:26:19.067,18.768,-0.1,175.98,0.2458,Fokus,Ma et al. (2s eye / 3s yaw),
2026-08-20T11:26:19.102,18.802,-0.09,176.04,0.2454,Fokus,Ma et al. (2s eye / 3s yaw),
2026-08-20T11:26:19.133,18.833,0.0,176.04,0.2455,Fokus,Ma et al. (2s eye / 3s yaw),
2026-08-20T11:26:19.168,18.868,-0.04,176.14,0.2479,Fokus,Ma et al. (2s eye / 3s yaw),
2026-08-20T11:26:19.203,18.904,0.26,176.12,0.2468,Fokus,Ma et al. (2s eye / 3s yaw),
2026-08-20T11:26:19.238,18.939,0.22,176.2,0.2471,Fokus,Ma et al. (2s eye / 3s yaw),
2026-08-20T11:26:19.273,18.974,0.19,176.25,0.2468,Fokus,Ma et al. (2s eye / 3s yaw),
2026-08-20T11:26:19.308,19.009,0.18,176.24,0.2467,Fokus,Ma et al. (2s eye / 3s yaw),
2026-08-20T11:26:19.344,19.044,0.55,176.24,0.2471,Fokus,Ma et al. (2s eye / 3s yaw),
2026-08-20T11:26:19.379,19.079,0.68,176.17,0.248,Fokus,Ma et al. (2s eye / 3s yaw),
2026-08-20T11:26:19.415,19.115,0.72,176.16,0.2483,Fokus,Ma et al. (2s eye / 3s yaw),
2026-08-20T11:26:19.447,19.147,0.75,176.18,0.2483,Fokus,Ma et al. (2s eye / 3s yaw),
2026-08-20T11:26:19.483,19.183,0.76,176.15,0.2481,Fokus,Ma et al. (2s eye / 3s yaw),
2026-08-20T11:26:19.518,19.218,0.56,176.17,0.2483,Fokus,Ma et al. (2s eye / 3s yaw),
2026-08-20T11:26:19.552,19.253,0.54,176.19,0.2486,Fokus,Ma et al. (2s eye / 3s yaw),
2026-08-20T11:26:19.587,19.288,0.56,176.13,0.2483,Fokus,Ma et al. (2s eye / 3s yaw),
2026-08-20T11:26:19.623,19.324,0.46,176.1,0.248,Fokus,Ma et al. (2s eye / 3s yaw),
2026-08-20T11:26:19.658,19.359,0.72,176.19,0.2482,Fokus,Ma et al. (2s eye / 3s yaw),
2026-08-20T11:26:19.699,19.399,0.75,176.22,0.2471,Fokus,Ma et al. (2s eye / 3s yaw),
2026-08-20T11:26:19.735,19.435,0.6,176.35,0.2483,Fokus,Ma et al. (2s eye / 3s yaw),
2026-08-20T11:26:19.771,19.471,0.33,176.3,0.2494,Fokus,Ma et al. (2s eye / 3s yaw),
2026-08-20T11:26:19.807,19.508,-0.08,176.31,0.2506,Fokus,Ma et al. (2s eye / 3s yaw),
2026-08-20T11:26:19.830,19.53,-0.37,176.36,0.2511,Fokus,Ma et al. (2s eye / 3s yaw),
2026-08-20T11:26:19.865,19.565,-0.03,176.45,0.2499,Fokus,Ma et al. (2s eye / 3s yaw),
2026-08-20T11:26:19.900,19.6,-0.24,176.47,0.2503,Fokus,Ma et al. (2s eye / 3s yaw),
2026-08-20T11:26:19.935,19.636,-0.02,176.54,0.2514,Fokus,Ma et al. (2s eye / 3s yaw),
2026-08-20T11:26:19.970,19.671,0.08,176.51,0.2507,Fokus,Ma et al. (2s eye / 3s yaw),
2026-08-20T11:26:20.006,19.706,0.11,176.53,0.2509,Fokus,Ma et al. (2s eye / 3s yaw),
2026-08-20T11:26:20.042,19.742,0.14,176.6,0.2514,Fokus,Ma et al. (2s eye / 3s yaw),
2026-08-20T11:26:20.077,19.777,0.26,176.59,0.2509,Fokus,Ma et al. (2s eye / 3s yaw),
2026-08-20T11:26:20.112,19.813,0.14,176.57,0.2511,Fokus,Ma et al. (2s eye / 3s yaw),
2026-08-20T11:26:20.148,19.848,0.07,176.63,0.2515,Fokus,Ma et al. (2s eye / 3s yaw),
2026-08-20T11:26:20.183,19.884,-0.12,176.62,0.2507,Fokus,Ma et al. (2s eye / 3s yaw),
2026-08-20T11:26:20.214,19.915,-0.37,176.71,0.2489,Fokus,Ma et al. (2s eye / 3s yaw),
2026-08-20T11:26:20.234,19.935,-0.31,176.7,0.2473,Fokus,Ma et al. (2s eye / 3s yaw),
2026-08-20T11:26:20.253,19.953,-0.23,176.73,0.2457,Fokus,Ma et al. (2s eye / 3s yaw),
2026-08-20T11:26:20.271,19.972,-0.34,176.74,0.2455,Fokus,Ma et al. (2s eye / 3s yaw),
2026-08-20T11:26:20.290,19.99,-0.41,176.73,0.2467,Fokus,Ma et al. (2s eye / 3s yaw),
2026-08-20T11:26:20.311,20.012,-0.51,176.72,0.2464,Fokus,Ma et al. (2s eye / 3s yaw),
2026-08-20T11:26:20.352,20.053,-0.28,176.84,0.2462,Fokus,Ma et al. (2s eye / 3s yaw),
2026-08-20T11:26:20.391,20.092,-0.02,176.84,0.245,Fokus,Ma et al. (2s eye / 3s yaw),
2026-08-20T11:26:20.426,20.126,-0.3,176.79,0.2428,Fokus,Ma et al. (2s eye / 3s yaw),
2026-08-20T11:26:20.461,20.162,-0.34,176.82,0.2433,Fokus,Ma et al. (2s eye / 3s yaw),
2026-08-20T11:26:20.496,20.197,-0.27,176.88,0.2434,Fokus,Ma et al. (2s eye / 3s yaw),
2026-08-20T11:26:20.531,20.232,-0.2,176.95,0.2433,Fokus,Ma et al. (2s eye / 3s yaw),
2026-08-20T11:26:20.566,20.266,-0.45,176.91,0.2439,Fokus,Ma et al. (2s eye / 3s yaw),
2026-08-20T11:26:20.601,20.301,-0.67,176.9,0.2453,Fokus,Ma et al. (2s eye / 3s yaw),
2026-08-20T11:26:20.633,20.333,0.11,176.87,0.245,Fokus,Ma et al. (2s eye / 3s yaw),
2026-08-20T11:26:20.666,20.367,0.04,176.92,0.2446,Fokus,Ma et al. (2s eye / 3s yaw),
2026-08-20T11:26:20.701,20.402,0.16,176.94,0.2451,Fokus,Ma et al. (2s eye / 3s yaw),
2026-08-20T11:26:20.735,20.436,0.22,176.98,0.246,Fokus,Ma et al. (2s eye / 3s yaw),
2026-08-20T11:26:20.771,20.472,1.0,176.95,0.2437,Fokus,Ma et al. (2s eye / 3s yaw),
2026-08-20T11:26:20.806,20.507,1.34,176.99,0.2445,Fokus,Ma et al. (2s eye / 3s yaw),
2026-08-20T11:26:20.843,20.543,1.25,177.01,0.2438,Fokus,Ma et al. (2s eye / 3s yaw),
2026-08-20T11:26:20.879,20.579,0.78,177.0,0.2433,Fokus,Ma et al. (2s eye / 3s yaw),
2026-08-20T11:26:20.914,20.615,1.11,176.95,0.2429,Fokus,Ma et al. (2s eye / 3s yaw),
2026-08-20T11:26:20.949,20.65,1.12,176.91,0.243,Fokus,Ma et al. (2s eye / 3s yaw),
2026-08-20T11:26:20.984,20.685,1.36,176.81,0.2431,Fokus,Ma et al. (2s eye / 3s yaw),
2026-08-20T11:26:21.019,20.72,0.97,176.71,0.2435,Fokus,Ma et al. (2s eye / 3s yaw),
2026-08-20T11:26:21.053,20.753,1.02,176.79,0.2424,Fokus,Ma et al. (2s eye / 3s yaw),
2026-08-20T11:26:21.088,20.789,1.09,176.8,0.2423,Fokus,Ma et al. (2s eye / 3s yaw),
2026-08-20T11:26:21.126,20.827,0.98,176.82,0.2429,Fokus,Ma et al. (2s eye / 3s yaw),
2026-08-20T11:26:21.159,20.859,0.93,176.82,0.2428,Fokus,Ma et al. (2s eye / 3s yaw),
2026-08-20T11:26:21.191,20.891,1.01,176.9,0.2435,Fokus,Ma et al. (2s eye / 3s yaw),
2026-08-20T11:26:21.221,20.921,0.82,176.91,0.244,Fokus,Ma et al. (2s eye / 3s yaw),
2026-08-20T11:26:21.256,20.957,0.91,176.96,0.244,Fokus,Ma et al. (2s eye / 3s yaw),
2026-08-20T11:26:21.292,20.992,0.94,176.93,0.2433,Fokus,Ma et al. (2s eye / 3s yaw),
2026-08-20T11:26:21.328,21.028,0.91,176.94,0.244,Fokus,Ma et al. (2s eye / 3s yaw),
2026-08-20T11:26:21.362,21.063,1.0,177.0,0.2448,Fokus,Ma et al. (2s eye / 3s yaw),
2026-08-20T11:26:21.397,21.098,1.58,177.03,0.245,Fokus,Ma et al. (2s eye / 3s yaw),
2026-08-20T11:26:21.433,21.133,1.46,177.05,0.2454,Fokus,Ma et al. (2s eye / 3s yaw),
2026-08-20T11:26:21.468,21.168,1.58,177.08,0.2453,Fokus,Ma et al. (2s eye / 3s yaw),
2026-08-20T11:26:21.503,21.204,1.44,177.05,0.2452,Fokus,Ma et al. (2s eye / 3s yaw),
2026-08-20T11:26:21.538,21.239,1.25,177.06,0.2456,Fokus,Ma et al. (2s eye / 3s yaw),
2026-08-20T11:26:21.573,21.274,1.27,177.09,0.2456,Fokus,Ma et al. (2s eye / 3s yaw),
2026-08-20T11:26:21.608,21.309,1.17,177.02,0.2456,Fokus,Ma et al. (2s eye / 3s yaw),
2026-08-20T11:26:21.644,21.344,1.21,177.0,0.2454,Fokus,Ma et al. (2s eye / 3s yaw),
2026-08-20T11:26:21.679,21.379,1.29,176.97,0.2461,Fokus,Ma et al. (2s eye / 3s yaw),
2026-08-20T11:26:21.714,21.414,1.59,176.99,0.2462,Fokus,Ma et al. (2s eye / 3s yaw),
2026-08-20T11:26:21.748,21.449,1.44,177.04,0.2465,Fokus,Ma et al. (2s eye / 3s yaw),
2026-08-20T11:26:21.784,21.485,1.61,176.92,0.2461,Fokus,Ma et al. (2s eye / 3s yaw),
2026-08-20T11:26:21.819,21.519,1.98,176.35,0.2454,Fokus,Ma et al. (2s eye / 3s yaw),
2026-08-20T11:26:21.854,21.555,1.76,176.05,0.2405,Fokus,Ma et al. (2s eye / 3s yaw),
2026-08-20T11:26:21.889,21.589,1.43,175.31,0.2355,Fokus,Ma et al. (2s eye / 3s yaw),
2026-08-20T11:26:21.923,21.623,1.12,175.47,0.2324,Fokus,Ma et al. (2s eye / 3s yaw),
2026-08-20T11:26:21.957,21.658,0.03,175.64,0.2397,Fokus,Ma et al. (2s eye / 3s yaw),
2026-08-20T11:26:21.991,21.692,-0.31,176.33,0.2458,Fokus,Ma et al. (2s eye / 3s yaw),
2026-08-20T11:26:22.021,21.722,0.01,176.1,0.2453,Fokus,Ma et al. (2s eye / 3s yaw),
2026-08-20T11:26:22.042,21.742,0.04,176.21,0.2471,Fokus,Ma et al. (2s eye / 3s yaw),
2026-08-20T11:26:22.061,21.761,-0.14,176.04,0.2473,Fokus,Ma et al. (2s eye / 3s yaw),
2026-08-20T11:26:22.081,21.782,-0.07,176.05,0.2471,Fokus,Ma et al. (2s eye / 3s yaw),
2026-08-20T11:26:22.111,21.811,-0.16,176.24,0.2465,Fokus,Ma et al. (2s eye / 3s yaw),
2026-08-20T11:26:22.146,21.847,-0.16,175.86,0.2465,Fokus,Ma et al. (2s eye / 3s yaw),
2026-08-20T11:26:22.180,21.881,0.26,175.51,0.2503,Fokus,Ma et al. (2s eye / 3s yaw),
2026-08-20T11:26:22.215,21.916,0.03,176.25,0.2539,Fokus,Ma et al. (2s eye / 3s yaw),
2026-08-20T11:26:22.251,21.951,0.08,176.23,0.2534,Fokus,Ma et al. (2s eye / 3s yaw),
2026-08-20T11:26:22.286,21.986,-0.1,177.46,0.2535,Fokus,Ma et al. (2s eye / 3s yaw),
2026-08-20T11:26:22.322,22.022,0.13,176.24,0.2534,Fokus,Ma et al. (2s eye / 3s yaw),
2026-08-20T11:26:22.356,22.057,0.66,175.77,0.1414,Fokus,Ma et al. (2s eye / 3s yaw),
2026-08-20T11:26:22.391,22.092,-0.17,175.38,0.0679,Fokus,Ma et al. (2s eye / 3s yaw),
2026-08-20T11:26:22.427,22.127,-0.13,175.47,0.0517,Fokus,Ma et al. (2s eye / 3s yaw),
2026-08-20T11:26:22.462,22.163,0.2,175.59,0.0681,Fokus,Ma et al. (2s eye / 3s yaw),
2026-08-20T11:26:22.498,22.198,0.13,175.6,0.0792,Fokus,Ma et al. (2s eye / 3s yaw),
2026-08-20T11:26:22.532,22.233,0.32,175.69,0.0903,Fokus,Ma et al. (2s eye / 3s yaw),
2026-08-20T11:26:22.567,22.268,0.98,175.68,0.1139,Fokus,Ma et al. (2s eye / 3s yaw),
2026-08-20T11:26:22.600,22.301,0.65,175.72,0.1484,Fokus,Ma et al. (2s eye / 3s yaw),
2026-08-20T11:26:22.634,22.335,0.32,175.68,0.1763,Fokus,Ma et al. (2s eye / 3s yaw),
2026-08-20T11:26:22.665,22.365,0.15,175.67,0.193,Fokus,Ma et al. (2s eye / 3s yaw),
2026-08-20T11:26:22.697,22.397,0.27,175.86,0.2023,Fokus,Ma et al. (2s eye / 3s yaw),
2026-08-20T11:26:22.726,22.427,0.42,175.92,0.2094,Fokus,Ma et al. (2s eye / 3s yaw),
2026-08-20T11:26:22.759,22.46,0.63,175.98,0.214,Fokus,Ma et al. (2s eye / 3s yaw),
2026-08-20T11:26:22.784,22.485,0.53,176.05,0.2196,Fokus,Ma et al. (2s eye / 3s yaw),
2026-08-20T11:26:22.810,22.511,0.94,176.25,0.226,Fokus,Ma et al. (2s eye / 3s yaw),
2026-08-20T11:26:22.845,22.546,0.75,176.37,0.2313,Fokus,Ma et al. (2s eye / 3s yaw),
2026-08-20T11:26:22.880,22.581,0.75,176.38,0.2326,Fokus,Ma et al. (2s eye / 3s yaw),
2026-08-20T11:26:22.914,22.615,0.63,176.26,0.2355,Fokus,Ma et al. (2s eye / 3s yaw),
2026-08-20T11:26:22.950,22.65,0.31,176.32,0.2375,Fokus,Ma et al. (2s eye / 3s yaw),
2026-08-20T11:26:22.984,22.685,0.1,176.36,0.2389,Fokus,Ma et al. (2s eye / 3s yaw),
2026-08-20T11:26:23.019,22.72,0.15,176.28,0.2393,Fokus,Ma et al. (2s eye / 3s yaw),
2026-08-20T11:26:23.055,22.756,-0.12,176.36,0.24,Fokus,Ma et al. (2s eye / 3s yaw),
2026-08-20T11:26:23.091,22.791,0.13,176.34,0.2415,Fokus,Ma et al. (2s eye / 3s yaw),
2026-08-20T11:26:23.126,22.826,0.08,176.28,0.2414,Fokus,Ma et al. (2s eye / 3s yaw),
2026-08-20T11:26:23.163,22.864,-0.21,176.27,0.2416,Fokus,Ma et al. (2s eye / 3s yaw),
2026-08-20T11:26:23.198,22.899,0.16,176.34,0.2428,Fokus,Ma et al. (2s eye / 3s yaw),
2026-08-20T11:26:23.233,22.934,0.13,176.37,0.244,Fokus,Ma et al. (2s eye / 3s yaw),
2026-08-20T11:26:23.268,22.969,0.67,176.58,0.2436,Fokus,Ma et al. (2s eye / 3s yaw),
2026-08-20T11:26:23.304,23.004,0.93,176.54,0.2433,Fokus,Ma et al. (2s eye / 3s yaw),
2026-08-20T11:26:23.339,23.039,0.96,176.37,0.2424,Fokus,Ma et al. (2s eye / 3s yaw),
2026-08-20T11:26:23.374,23.074,0.71,176.42,0.2421,Fokus,Ma et al. (2s eye / 3s yaw),
2026-08-20T11:26:23.411,23.111,0.86,176.46,0.2424,Fokus,Ma et al. (2s eye / 3s yaw),
2026-08-20T11:26:23.445,23.145,1.59,176.43,0.242,Fokus,Ma et al. (2s eye / 3s yaw),
2026-08-20T11:26:23.480,23.181,1.61,176.33,0.2424,Fokus,Ma et al. (2s eye / 3s yaw),
2026-08-20T11:26:23.514,23.214,1.86,176.26,0.242,Fokus,Ma et al. (2s eye / 3s yaw),
2026-08-20T11:26:23.542,23.243,1.85,176.21,0.2418,Fokus,Ma et al. (2s eye / 3s yaw),
2026-08-20T11:26:23.571,23.272,1.8,176.21,0.2412,Fokus,Ma et al. (2s eye / 3s yaw),
2026-08-20T11:26:23.591,23.291,1.85,176.16,0.2409,Fokus,Ma et al. (2s eye / 3s yaw),
2026-08-20T11:26:23.609,23.31,2.07,176.16,0.2402,Fokus,Ma et al. (2s eye / 3s yaw),
2026-08-20T11:26:23.628,23.329,2.18,176.09,0.2401,Fokus,Ma et al. (2s eye / 3s yaw),
2026-08-20T11:26:23.676,23.377,2.26,176.1,0.2403,Fokus,Ma et al. (2s eye / 3s yaw),
2026-08-20T11:26:23.711,23.411,2.18,176.17,0.242,Fokus,Ma et al. (2s eye / 3s yaw),
2026-08-20T11:26:23.743,23.443,2.05,176.15,0.2425,Fokus,Ma et al. (2s eye / 3s yaw),
2026-08-20T11:26:23.776,23.477,2.12,176.14,0.2416,Fokus,Ma et al. (2s eye / 3s yaw),
2026-08-20T11:26:23.809,23.509,2.4,176.24,0.2417,Fokus,Ma et al. (2s eye / 3s yaw),
2026-08-20T11:26:23.844,23.545,2.28,176.13,0.2423,Fokus,Ma et al. (2s eye / 3s yaw),
2026-08-20T11:26:23.869,23.57,2.39,176.09,0.243,Fokus,Ma et al. (2s eye / 3s yaw),
2026-08-20T11:26:23.897,23.597,2.57,176.1,0.2425,Fokus,Ma et al. (2s eye / 3s yaw),
2026-08-20T11:26:23.942,23.643,2.88,176.01,0.2421,Fokus,Ma et al. (2s eye / 3s yaw),
2026-08-20T11:26:23.970,23.671,3.03,176.05,0.2421,Fokus,Ma et al. (2s eye / 3s yaw),
2026-08-20T11:26:24.007,23.708,2.96,176.28,0.242,Fokus,Ma et al. (2s eye / 3s yaw),
2026-08-20T11:26:24.043,23.744,2.51,176.2,0.2428,Fokus,Ma et al. (2s eye / 3s yaw),
2026-08-20T11:26:24.079,23.779,2.52,176.18,0.2421,Fokus,Ma et al. (2s eye / 3s yaw),
2026-08-20T11:26:24.114,23.815,2.29,176.13,0.2423,Fokus,Ma et al. (2s eye / 3s yaw),
2026-08-20T11:26:24.150,23.851,2.37,176.18,0.2413,Fokus,Ma et al. (2s eye / 3s yaw),
2026-08-20T11:26:24.183,23.884,2.55,176.25,0.2407,Fokus,Ma et al. (2s eye / 3s yaw),
2026-08-20T11:26:24.217,23.918,2.58,176.3,0.2406,Fokus,Ma et al. (2s eye / 3s yaw),
2026-08-20T11:26:24.252,23.952,2.47,176.3,0.2418,Fokus,Ma et al. (2s eye / 3s yaw),
2026-08-20T11:26:24.284,23.985,1.97,176.21,0.2412,Fokus,Ma et al. (2s eye / 3s yaw),
2026-08-20T11:26:24.319,24.019,1.59,176.33,0.2426,Fokus,Ma et al. (2s eye / 3s yaw),
2026-08-20T11:26:24.353,24.054,1.56,176.39,0.2422,Fokus,Ma et al. (2s eye / 3s yaw),
2026-08-20T11:26:24.388,24.089,1.67,176.54,0.2423,Fokus,Ma et al. (2s eye / 3s yaw),
2026-08-20T11:26:24.419,24.119,2.09,176.57,0.2427,Fokus,Ma et al. (2s eye / 3s yaw),
2026-08-20T11:26:24.438,24.139,2.11,176.56,0.2427,Fokus,Ma et al. (2s eye / 3s yaw),
2026-08-20T11:26:24.470,24.17,2.1,176.52,0.2427,Fokus,Ma et al. (2s eye / 3s yaw),
2026-08-20T11:26:24.508,24.209,2.37,176.51,0.2432,Fokus,Ma et al. (2s eye / 3s yaw),
2026-08-20T11:26:24.540,24.241,2.32,176.54,0.2421,Fokus,Ma et al. (2s eye / 3s yaw),
2026-08-20T11:26:24.579,24.28,2.35,176.56,0.2425,Fokus,Ma et al. (2s eye / 3s yaw),
2026-08-20T11:26:24.614,24.314,2.02,176.43,0.2432,Fokus,Ma et al. (2s eye / 3s yaw),
2026-08-20T11:26:24.646,24.346,2.08,176.61,0.2432,Fokus,Ma et al. (2s eye / 3s yaw),
2026-08-20T11:26:24.669,24.369,1.99,176.56,0.2425,Fokus,Ma et al. (2s eye / 3s yaw),
2026-08-20T11:26:24.710,24.411,1.85,176.54,0.242,Fokus,Ma et al. (2s eye / 3s yaw),
2026-08-20T11:26:24.757,24.457,2.39,176.72,0.2421,Fokus,Ma et al. (2s eye / 3s yaw),
2026-08-20T11:26:24.794,24.495,2.2,176.7,0.2403,Fokus,Ma et al. (2s eye / 3s yaw),
2026-08-20T11:26:24.830,24.531,1.8,176.6,0.2428,Fokus,Ma et al. (2s eye / 3s yaw),
2026-08-20T11:26:24.866,24.566,1.44,176.58,0.243,Fokus,Ma et al. (2s eye / 3s yaw),
2026-08-20T11:26:24.899,24.6,0.9,176.38,0.2425,Fokus,Ma et al. (2s eye / 3s yaw),
2026-08-20T11:26:24.934,24.634,0.85,176.42,0.2425,Fokus,Ma et al. (2s eye / 3s yaw),
2026-08-20T11:26:24.968,24.669,0.87,176.38,0.2418,Fokus,Ma et al. (2s eye / 3s yaw),
2026-08-20T11:26:25.003,24.703,0.88,176.36,0.242,Fokus,Ma et al. (2s eye / 3s yaw),
2026-08-20T11:26:25.038,24.739,1.32,176.59,0.2417,Fokus,Ma et al. (2s eye / 3s yaw),
2026-08-20T11:26:25.081,24.782,1.59,176.51,0.2419,Fokus,Ma et al. (2s eye / 3s yaw),
2026-08-20T11:26:25.108,24.808,1.88,176.4,0.2385,Fokus,Ma et al. (2s eye / 3s yaw),
2026-08-20T11:26:25.143,24.843,1.86,176.38,0.2388,Fokus,Ma et al. (2s eye / 3s yaw),
2026-08-20T11:26:25.178,24.879,1.78,176.22,0.2394,Fokus,Ma et al. (2s eye / 3s yaw),
2026-08-20T11:26:25.215,24.915,2.0,176.17,0.2396,Fokus,Ma et al. (2s eye / 3s yaw),
2026-08-20T11:26:25.248,24.948,2.21,176.16,0.2399,Fokus,Ma et al. (2s eye / 3s yaw),
2026-08-20T11:26:25.275,24.976,2.09,176.27,0.2385,Fokus,Ma et al. (2s eye / 3s yaw),
2026-08-20T11:26:25.294,24.995,2.42,176.3,0.239,Fokus,Ma et al. (2s eye / 3s yaw),
2026-08-20T11:26:25.314,25.014,2.44,176.31,0.239,Fokus,Ma et al. (2s eye / 3s yaw),
2026-08-20T11:26:25.335,25.035,2.2,176.27,0.2389,Fokus,Ma et al. (2s eye / 3s yaw),
2026-08-20T11:26:25.382,25.082,2.11,176.26,0.2385,Fokus,Ma et al. (2s eye / 3s yaw),
2026-08-20T11:26:25.416,25.117,2.24,176.2,0.2385,Fokus,Ma et al. (2s eye / 3s yaw),
2026-08-20T11:26:25.452,25.152,2.23,176.32,0.2372,Fokus,Ma et al. (2s eye / 3s yaw),
2026-08-20T11:26:25.487,25.187,2.23,176.37,0.2374,Fokus,Ma et al. (2s eye / 3s yaw),
2026-08-20T11:26:25.519,25.22,2.58,176.33,0.2366,Fokus,Ma et al. (2s eye / 3s yaw),
2026-08-20T11:26:25.540,25.241,2.66,176.46,0.2368,Fokus,Ma et al. (2s eye / 3s yaw),
2026-08-20T11:26:25.579,25.279,2.47,176.51,0.2367,Fokus,Ma et al. (2s eye / 3s yaw),
2026-08-20T11:26:25.607,25.308,2.22,176.61,0.2376,Fokus,Ma et al. (2s eye / 3s yaw),
2026-08-20T11:26:25.653,25.353,1.92,176.61,0.2387,Fokus,Ma et al. (2s eye / 3s yaw),
2026-08-20T11:26:25.689,25.39,1.96,176.72,0.2404,Fokus,Ma et al. (2s eye / 3s yaw),
2026-08-20T11:26:25.725,25.426,2.24,176.79,0.2425,Fokus,Ma et al. (2s eye / 3s yaw),
2026-08-20T11:26:25.760,25.461,2.26,176.79,0.244,Fokus,Ma et al. (2s eye / 3s yaw),
2026-08-20T11:26:25.796,25.497,2.08,176.79,0.2442,Fokus,Ma et al. (2s eye / 3s yaw),
2026-08-20T11:26:25.832,25.533,2.39,176.92,0.2439,Fokus,Ma et al. (2s eye / 3s yaw),
2026-08-20T11:26:25.868,25.569,2.35,176.98,0.2443,Fokus,Ma et al. (2s eye / 3s yaw),
2026-08-20T11:26:25.904,25.605,2.35,176.93,0.2432,Fokus,Ma et al. (2s eye / 3s yaw),
2026-08-20T11:26:25.939,25.64,2.53,176.99,0.2435,Fokus,Ma et al. (2s eye / 3s yaw),
2026-08-20T11:26:25.974,25.674,2.53,177.08,0.2444,Fokus,Ma et al. (2s eye / 3s yaw),
2026-08-20T11:26:26.009,25.71,2.2,177.1,0.2442,Fokus,Ma et al. (2s eye / 3s yaw),
2026-08-20T11:26:26.045,25.746,2.82,177.16,0.2444,Fokus,Ma et al. (2s eye / 3s yaw),
2026-08-20T11:26:26.080,25.78,2.86,177.17,0.2455,Fokus,Ma et al. (2s eye / 3s yaw),
2026-08-20T11:26:26.112,25.812,2.62,177.16,0.2457,Fokus,Ma et al. (2s eye / 3s yaw),
2026-08-20T11:26:26.136,25.837,2.5,177.19,0.2477,Fokus,Ma et al. (2s eye / 3s yaw),
2026-08-20T11:26:26.162,25.862,2.25,177.23,0.2478,Fokus,Ma et al. (2s eye / 3s yaw),
2026-08-20T11:26:26.189,25.89,2.3,177.25,0.2479,Fokus,Ma et al. (2s eye / 3s yaw),
2026-08-20T11:26:26.209,25.91,2.25,177.24,0.249,Fokus,Ma et al. (2s eye / 3s yaw),
2026-08-20T11:26:26.250,25.951,2.27,177.22,0.2498,Fokus,Ma et al. (2s eye / 3s yaw),
2026-08-20T11:26:26.287,25.987,2.06,177.12,0.2496,Fokus,Ma et al. (2s eye / 3s yaw),
2026-08-20T11:26:26.309,26.009,2.14,177.12,0.2501,Fokus,Ma et al. (2s eye / 3s yaw),
2026-08-20T11:26:26.352,26.052,2.31,177.12,0.2504,Fokus,Ma et al. (2s eye / 3s yaw),
2026-08-20T11:26:26.379,26.079,2.29,177.13,0.2521,Fokus,Ma et al. (2s eye / 3s yaw),
2026-08-20T11:26:26.412,26.112,2.44,177.15,0.2508,Fokus,Ma et al. (2s eye / 3s yaw),
2026-08-20T11:26:26.453,26.154,2.64,177.12,0.2498,Fokus,Ma et al. (2s eye / 3s yaw),
2026-08-20T11:26:26.485,26.185,2.71,177.08,0.2496,Fokus,Ma et al. (2s eye / 3s yaw),
2026-08-20T11:26:26.518,26.219,2.57,177.04,0.2482,Fokus,Ma et al. (2s eye / 3s yaw),
2026-08-20T11:26:26.548,26.248,2.58,177.08,0.2485,Fokus,Ma et al. (2s eye / 3s yaw),
2026-08-20T11:26:26.588,26.288,2.75,177.11,0.2482,Fokus,Ma et al. (2s eye / 3s yaw),
2026-08-20T11:26:26.623,26.324,2.7,177.13,0.2486,Fokus,Ma et al. (2s eye / 3s yaw),
2026-08-20T11:26:26.656,26.357,2.48,177.2,0.248,Fokus,Ma et al. (2s eye / 3s yaw),
2026-08-20T11:26:26.688,26.389,2.46,177.27,0.2487,Fokus,Ma et al. (2s eye / 3s yaw),
2026-08-20T11:26:26.720,26.421,2.35,177.24,0.2492,Fokus,Ma et al. (2s eye / 3s yaw),
2026-08-20T11:26:26.752,26.452,2.2,177.18,0.2497,Fokus,Ma et al. (2s eye / 3s yaw),
2026-08-20T11:26:26.776,26.477,2.09,177.19,0.25,Fokus,Ma et al. (2s eye / 3s yaw),
2026-08-20T11:26:26.824,26.524,1.79,177.26,0.25,Fokus,Ma et al. (2s eye / 3s yaw),
2026-08-20T11:26:26.860,26.561,1.83,177.32,0.25,Fokus,Ma et al. (2s eye / 3s yaw),
2026-08-20T11:26:26.897,26.598,1.73,177.32,0.2497,Fokus,Ma et al. (2s eye / 3s yaw),
2026-08-20T11:26:26.935,26.636,1.75,177.33,0.249,Fokus,Ma et al. (2s eye / 3s yaw),
2026-08-20T11:26:26.969,26.67,1.75,177.31,0.2491,Fokus,Ma et al. (2s eye / 3s yaw),
2026-08-20T11:26:27.000,26.701,1.97,177.31,0.2491,Fokus,Ma et al. (2s eye / 3s yaw),
2026-08-20T11:26:27.029,26.729,1.99,177.23,0.2489,Fokus,Ma et al. (2s eye / 3s yaw),
2026-08-20T11:26:27.056,26.757,2.12,177.25,0.2486,Fokus,Ma et al. (2s eye / 3s yaw),
2026-08-20T11:26:27.086,26.786,1.82,177.13,0.1951,Fokus,Ma et al. (2s eye / 3s yaw),
2026-08-20T11:26:27.121,26.821,0.67,176.66,0.0931,Fokus,Ma et al. (2s eye / 3s yaw),
2026-08-20T11:26:27.158,26.859,1.02,176.32,0.0682,Fokus,Ma et al. (2s eye / 3s yaw),
2026-08-20T11:26:27.193,26.894,1.12,176.34,0.0764,Fokus,Ma et al. (2s eye / 3s yaw),
2026-08-20T11:26:27.230,26.93,1.17,176.32,0.0829,Fokus,Ma et al. (2s eye / 3s yaw),
2026-08-20T11:26:27.262,26.962,1.24,176.43,0.0842,Fokus,Ma et al. (2s eye / 3s yaw),
2026-08-20T11:26:27.296,26.997,1.26,176.51,0.0916,Fokus,Ma et al. (2s eye / 3s yaw),
2026-08-20T11:26:27.331,27.031,1.84,176.9,0.1122,Fokus,Ma et al. (2s eye / 3s yaw),
2026-08-20T11:26:27.365,27.065,1.63,177.06,0.0945,Fokus,Ma et al. (2s eye / 3s yaw),
2026-08-20T11:26:27.395,27.096,1.52,176.72,0.0646,Fokus,Ma et al. (2s eye / 3s yaw),
2026-08-20T11:26:27.417,27.117,0.86,176.71,0.0675,Fokus,Ma et al. (2s eye / 3s yaw),
2026-08-20T11:26:27.459,27.159,0.83,176.83,0.0678,Fokus,Ma et al. (2s eye / 3s yaw),
2026-08-20T11:26:27.494,27.194,1.09,176.97,0.0976,Fokus,Ma et al. (2s eye / 3s yaw),
2026-08-20T11:26:27.528,27.228,0.78,177.09,0.1507,Fokus,Ma et al. (2s eye / 3s yaw),
2026-08-20T11:26:27.560,27.261,0.89,177.22,0.1869,Fokus,Ma et al. (2s eye / 3s yaw),
2026-08-20T11:26:27.589,27.29,0.68,177.14,0.2102,Fokus,Ma et al. (2s eye / 3s yaw),
2026-08-20T11:26:27.625,27.326,0.61,177.36,0.2307,Fokus,Ma et al. (2s eye / 3s yaw),
2026-08-20T11:26:27.649,27.349,0.73,177.38,0.2434,Fokus,Ma et al. (2s eye / 3s yaw),
2026-08-20T11:26:27.694,27.394,0.69,177.15,0.2494,Fokus,Ma et al. (2s eye / 3s yaw),
2026-08-20T11:26:27.724,27.425,0.78,177.05,0.2502,Fokus,Ma et al. (2s eye / 3s yaw),
2026-08-20T11:26:27.760,27.461,1.04,177.13,0.2537,Fokus,Ma et al. (2s eye / 3s yaw),
2026-08-20T11:26:27.796,27.496,0.99,177.15,0.252,Fokus,Ma et al. (2s eye / 3s yaw),
2026-08-20T11:26:27.831,27.531,1.17,177.1,0.2483,Fokus,Ma et al. (2s eye / 3s yaw),
2026-08-20T11:26:27.866,27.566,1.64,177.02,0.2464,Fokus,Ma et al. (2s eye / 3s yaw),
2026-08-20T11:26:27.900,27.601,0.83,177.07,0.246,Fokus,Ma et al. (2s eye / 3s yaw),
2026-08-20T11:26:27.929,27.63,0.67,177.02,0.2494,Fokus,Ma et al. (2s eye / 3s yaw),
2026-08-20T11:26:27.964,27.665,1.4,177.08,0.2503,Fokus,Ma et al. (2s eye / 3s yaw),
2026-08-20T11:26:27.999,27.699,1.24,177.51,0.248,Fokus,Ma et al. (2s eye / 3s yaw),
2026-08-20T11:26:28.034,27.735,2.0,177.82,0.2525,Fokus,Ma et al. (2s eye / 3s yaw),
2026-08-20T11:26:28.067,27.768,1.69,177.62,0.2549,Fokus,Ma et al. (2s eye / 3s yaw),
2026-08-20T11:26:28.096,27.796,2.13,177.8,0.2539,Fokus,Ma et al. (2s eye / 3s yaw),
2026-08-20T11:26:28.126,27.827,1.85,178.19,0.2496,Fokus,Ma et al. (2s eye / 3s yaw),
2026-08-20T11:26:28.163,27.863,2.07,178.37,0.2458,Fokus,Ma et al. (2s eye / 3s yaw),
2026-08-20T11:26:28.197,27.898,2.38,178.21,0.2454,Fokus,Ma et al. (2s eye / 3s yaw),
2026-08-20T11:26:28.223,27.924,2.5,178.12,0.2462,Fokus,Ma et al. (2s eye / 3s yaw),
2026-08-20T11:26:28.256,27.957,2.54,178.13,0.2486,Fokus,Ma et al. (2s eye / 3s yaw),
2026-08-20T11:26:28.295,27.995,2.89,178.01,0.2485,Fokus,Ma et al. (2s eye / 3s yaw),
2026-08-20T11:26:28.332,28.033,2.99,177.99,0.2489,Fokus,Ma et al. (2s eye / 3s yaw),
2026-08-20T11:26:28.363,28.064,3.06,178.09,0.2458,Fokus,Ma et al. (2s eye / 3s yaw),
2026-08-20T11:26:28.383,28.084,3.01,178.15,0.2454,Fokus,Ma et al. (2s eye / 3s yaw),
2026-08-20T11:26:28.426,28.127,3.02,177.99,0.2467,Fokus,Ma et al. (2s eye / 3s yaw),
2026-08-20T11:26:28.460,28.161,3.17,178.06,0.2461,Fokus,Ma et al. (2s eye / 3s yaw),
2026-08-20T11:26:28.499,28.2,3.19,178.04,0.2461,Fokus,Ma et al. (2s eye / 3s yaw),
2026-08-20T11:26:28.534,28.235,3.18,177.97,0.2464,Fokus,Ma et al. (2s eye / 3s yaw),
2026-08-20T11:26:28.571,28.272,3.12,177.91,0.2467,Fokus,Ma et al. (2s eye / 3s yaw),
2026-08-20T11:26:28.606,28.307,3.53,178.0,0.2477,Fokus,Ma et al. (2s eye / 3s yaw),
2026-08-20T11:26:28.640,28.34,3.22,177.93,0.2475,Fokus,Ma et al. (2s eye / 3s yaw),
2026-08-20T11:26:28.673,28.374,3.01,177.84,0.2482,Fokus,Ma et al. (2s eye / 3s yaw),
2026-08-20T11:26:28.708,28.409,3.02,177.88,0.2464,Fokus,Ma et al. (2s eye / 3s yaw),
2026-08-20T11:26:28.743,28.444,2.84,177.82,0.2451,Fokus,Ma et al. (2s eye / 3s yaw),
2026-08-20T11:26:28.776,28.477,2.77,177.91,0.2449,Fokus,Ma et al. (2s eye / 3s yaw),
2026-08-20T11:26:28.811,28.512,2.99,177.83,0.2444,Fokus,Ma et al. (2s eye / 3s yaw),
2026-08-20T11:26:28.845,28.546,2.8,177.73,0.2369,Fokus,Ma et al. (2s eye / 3s yaw),
2026-08-20T11:26:28.879,28.579,1.92,177.25,0.1204,Fokus,Ma et al. (2s eye / 3s yaw),
2026-08-20T11:26:28.915,28.616,0.87,176.61,0.0557,Fokus,Ma et al. (2s eye / 3s yaw),
2026-08-20T11:26:28.951,28.651,1.03,176.54,0.069,Fokus,Ma et al. (2s eye / 3s yaw),
2026-08-20T11:26:28.986,28.687,1.6,176.56,0.0752,Fokus,Ma et al. (2s eye / 3s yaw),
2026-08-20T11:26:29.021,28.721,1.41,176.62,0.0896,Fokus,Ma et al. (2s eye / 3s yaw),
2026-08-20T11:26:29.055,28.756,1.73,176.79,0.1057,Fokus,Ma et al. (2s eye / 3s yaw),
2026-08-20T11:26:29.090,28.79,3.43,176.77,0.1334,Fokus,Ma et al. (2s eye / 3s yaw),
2026-08-20T11:26:29.124,28.824,4.67,176.75,0.1615,Fokus,Ma et al. (2s eye / 3s yaw),
2026-08-20T11:26:29.160,28.861,5.26,176.69,0.1815,Fokus,Ma et al. (2s eye / 3s yaw),
2026-08-20T11:26:29.196,28.897,5.35,176.54,0.2032,Fokus,Ma et al. (2s eye / 3s yaw),
2026-08-20T11:26:29.231,28.931,4.51,176.12,0.221,Fokus,Ma et al. (2s eye / 3s yaw),
2026-08-20T11:26:29.266,28.967,4.19,175.81,0.2308,Fokus,Ma et al. (2s eye / 3s yaw),
2026-08-20T11:26:29.303,29.004,3.51,175.44,0.2352,Fokus,Ma et al. (2s eye / 3s yaw),
2026-08-20T11:26:29.338,29.039,2.59,174.99,0.2364,Fokus,Ma et al. (2s eye / 3s yaw),
2026-08-20T11:26:29.374,29.075,2.63,174.64,0.2405,Fokus,Ma et al. (2s eye / 3s yaw),
2026-08-20T11:26:29.410,29.11,2.4,174.34,0.2423,Fokus,Ma et al. (2s eye / 3s yaw),
2026-08-20T11:26:29.445,29.145,2.16,174.22,0.2433,Fokus,Ma et al. (2s eye / 3s yaw),
2026-08-20T11:26:29.480,29.18,1.92,174.2,0.2449,Fokus,Ma et al. (2s eye / 3s yaw),
2026-08-20T11:26:29.514,29.215,1.73,173.72,0.2229,Fokus,Ma et al. (2s eye / 3s yaw),
2026-08-20T11:26:29.548,29.248,1.04,172.47,0.0855,Fokus,Ma et al. (2s eye / 3s yaw),
2026-08-20T11:26:29.580,29.28,0.86,171.92,0.0609,Fokus,Ma et al. (2s eye / 3s yaw),
2026-08-20T11:26:29.615,29.316,1.59,172.44,0.0734,Fokus,Ma et al. (2s eye / 3s yaw),
2026-08-20T11:26:29.650,29.351,1.97,173.44,0.0801,Fokus,Ma et al. (2s eye / 3s yaw),
2026-08-20T11:26:29.685,29.386,2.34,174.3,0.0904,Fokus,Ma et al. (2s eye / 3s yaw),
2026-08-20T11:26:29.720,29.421,2.18,174.85,0.1365,Fokus,Ma et al. (2s eye / 3s yaw),
2026-08-20T11:26:29.756,29.456,1.42,175.12,0.1686,Fokus,Ma et al. (2s eye / 3s yaw),
2026-08-20T11:26:29.791,29.491,2.72,175.25,0.1973,Fokus,Ma et al. (2s eye / 3s yaw),
2026-08-20T11:26:29.825,29.526,3.93,175.76,0.2244,Fokus,Ma et al. (2s eye / 3s yaw),
2026-08-20T11:26:29.860,29.561,5.66,176.52,0.2403,Fokus,Ma et al. (2s eye / 3s yaw),
2026-08-20T11:26:29.895,29.596,9.74,177.66,0.2422,Fokus,Ma et al. (2s eye / 3s yaw),
2026-08-20T11:26:29.931,29.632,9.69,178.05,0.2525,Fokus,Ma et al. (2s eye / 3s yaw),
2026-08-20T11:26:29.966,29.667,11.41,178.71,0.2641,Fokus,Ma et al. (2s eye / 3s yaw),
2026-08-20T11:26:29.998,29.698,10.63,178.93,0.2794,Fokus,Ma et al. (2s eye / 3s yaw),
2026-08-20T11:26:30.020,29.72,11.21,179.32,0.2814,Fokus,Ma et al. (2s eye / 3s yaw),
2026-08-20T11:26:30.039,29.739,12.02,179.62,0.2895,Fokus,Ma et al. (2s eye / 3s yaw),
2026-08-20T11:26:30.058,29.759,10.49,179.7,0.2949,Fokus,Ma et al. (2s eye / 3s yaw),
2026-08-20T11:26:30.085,29.786,11.26,-179.69,0.2979,Fokus,Ma et al. (2s eye / 3s yaw),
2026-08-20T11:26:30.121,29.821,11.13,-179.32,0.301,Fokus,Ma et al. (2s eye / 3s yaw),
2026-08-20T11:26:30.157,29.857,9.6,-178.91,0.3032,Fokus,Ma et al. (2s eye / 3s yaw),
2026-08-20T11:26:30.191,29.892,9.93,-178.92,0.2983,Fokus,Ma et al. (2s eye / 3s yaw),
2026-08-20T11:26:30.226,29.927,10.1,-178.92,0.2921,Fokus,Ma et al. (2s eye / 3s yaw),
2026-08-20T11:26:30.261,29.962,9.53,-178.87,0.2967,Fokus,Ma et al. (2s eye / 3s yaw),
2026-08-20T11:26:30.294,29.995,9.67,-178.83,0.3079,Fokus,Ma et al. (2s eye / 3s yaw),
2026-08-20T11:26:30.326,30.027,10.52,-178.73,0.3146,Fokus,Ma et al. (2s eye / 3s yaw),
2026-08-20T11:26:30.361,30.061,10.44,-178.4,0.3152,Fokus,Ma et al. (2s eye / 3s yaw),
2026-08-20T11:26:30.393,30.094,11.26,-178.18,0.3141,Fokus,Ma et al. (2s eye / 3s yaw),
2026-08-20T11:26:30.424,30.124,11.82,-177.93,0.313,Fokus,Ma et al. (2s eye / 3s yaw),
2026-08-20T11:26:30.458,30.159,11.45,-177.93,0.3113,Fokus,Ma et al. (2s eye / 3s yaw),
2026-08-20T11:26:30.486,30.187,11.89,-177.78,0.3113,Fokus,Ma et al. (2s eye / 3s yaw),
2026-08-20T11:26:30.506,30.206,11.22,-177.91,0.3123,Fokus,Ma et al. (2s eye / 3s yaw),
2026-08-20T11:26:30.538,30.238,11.38,-177.82,0.3102,Fokus,Ma et al. (2s eye / 3s yaw),
2026-08-20T11:26:30.571,30.272,10.08,-177.64,0.3114,Fokus,Ma et al. (2s eye / 3s yaw),
2026-08-20T11:26:30.599,30.3,9.69,-176.96,0.3073,Fokus,Ma et al. (2s eye / 3s yaw),
2026-08-20T11:26:30.644,30.345,7.14,-176.67,0.3056,Fokus,Ma et al. (2s eye / 3s yaw),
2026-08-20T11:26:30.679,30.38,6.45,-176.49,0.3059,Fokus,Ma et al. (2s eye / 3s yaw),
2026-08-20T11:26:30.714,30.415,6.6,-176.49,0.3011,Fokus,Ma et al. (2s eye / 3s yaw),
2026-08-20T11:26:30.749,30.45,6.24,-176.99,0.2928,Fokus,Ma et al. (2s eye / 3s yaw),
2026-08-20T11:26:30.784,30.485,5.96,-177.27,0.2943,Fokus,Ma et al. (2s eye / 3s yaw),
2026-08-20T11:26:30.819,30.519,6.17,-177.75,0.2951,Fokus,Ma et al. (2s eye / 3s yaw),
2026-08-20T11:26:30.854,30.554,5.69,-178.08,0.2949,Fokus,Ma et al. (2s eye / 3s yaw),
2026-08-20T11:26:30.888,30.589,5.66,-178.78,0.2949,Fokus,Ma et al. (2s eye / 3s yaw),
2026-08-20T11:26:30.923,30.624,5.68,-178.96,0.2952,Fokus,Ma et al. (2s eye / 3s yaw),
2026-08-20T11:26:30.956,30.657,6.2,-179.07,0.2974,Fokus,Ma et al. (2s eye / 3s yaw),
2026-08-20T11:26:30.989,30.69,6.06,-179.32,0.2984,Fokus,Ma et al. (2s eye / 3s yaw),
2026-08-20T11:26:31.012,30.713,6.06,-179.46,0.296,Fokus,Ma et al. (2s eye / 3s yaw),
2026-08-20T11:26:31.031,30.732,5.71,-179.59,0.2972,Fokus,Ma et al. (2s eye / 3s yaw),
2026-08-20T11:26:31.075,30.775,5.11,-179.98,0.2951,Fokus,Ma et al. (2s eye / 3s yaw),
2026-08-20T11:26:31.102,30.803,5.23,-180.0,0.2914,Fokus,Ma et al. (2s eye / 3s yaw),
2026-08-20T11:26:31.137,30.838,4.98,-179.95,0.2907,Fokus,Ma et al. (2s eye / 3s yaw),
2026-08-20T11:26:31.173,30.874,4.95,-179.95,0.2872,Fokus,Ma et al. (2s eye / 3s yaw),
2026-08-20T11:26:31.211,30.912,5.2,179.89,0.2815,Fokus,Ma et al. (2s eye / 3s yaw),
2026-08-20T11:26:31.247,30.947,5.43,179.91,0.2794,Fokus,Ma et al. (2s eye / 3s yaw),
2026-08-20T11:26:31.282,30.983,5.94,179.88,0.2792,Fokus,Ma et al. (2s eye / 3s yaw),
2026-08-20T11:26:31.319,31.019,5.26,179.54,0.2768,Fokus,Ma et al. (2s eye / 3s yaw),
2026-08-20T11:26:31.350,31.051,4.56,179.3,0.2707,Fokus,Ma et al. (2s eye / 3s yaw),baca_buku
2026-08-20T11:26:31.380,31.081,1.92,179.07,0.2747,Fokus,Ma et al. (2s eye / 3s yaw),baca_buku
2026-08-20T11:26:31.412,31.113,1.45,179.27,0.2694,Fokus,Ma et al. (2s eye / 3s yaw),baca_buku
2026-08-20T11:26:31.447,31.148,-0.84,178.99,0.2653,Fokus,Ma et al. (2s eye / 3s yaw),baca_buku
2026-08-20T11:26:31.482,31.183,-0.83,178.92,0.2432,Fokus,Ma et al. (2s eye / 3s yaw),baca_buku
2026-08-20T11:26:31.518,31.219,-0.71,179.15,0.2287,Fokus,Ma et al. (2s eye / 3s yaw),baca_buku
2026-08-20T11:26:31.554,31.254,-0.85,179.22,0.2228,Fokus,Ma et al. (2s eye / 3s yaw),baca_buku
2026-08-20T11:26:31.588,31.289,0.21,179.59,0.2222,Fokus,Ma et al. (2s eye / 3s yaw),baca_buku
2026-08-20T11:26:31.624,31.324,1.37,179.59,0.2278,Fokus,Ma et al. (2s eye / 3s yaw),baca_buku
2026-08-20T11:26:31.658,31.359,3.38,179.44,0.2277,Fokus,Ma et al. (2s eye / 3s yaw),baca_buku
2026-08-20T11:26:31.692,31.393,5.42,179.61,0.2205,Fokus,Ma et al. (2s eye / 3s yaw),baca_buku
2026-08-20T11:26:31.719,31.42,5.59,179.99,0.2123,Fokus,Ma et al. (2s eye / 3s yaw),baca_buku
2026-08-20T11:26:31.738,31.439,6.28,-179.77,0.2095,Fokus,Ma et al. (2s eye / 3s yaw),baca_buku
2026-08-20T11:26:31.776,31.477,6.99,-179.42,0.1987,Fokus,Ma et al. (2s eye / 3s yaw),baca_buku
2026-08-20T11:26:31.816,31.517,8.18,-179.51,0.2078,Fokus,Ma et al. (2s eye / 3s yaw),baca_buku
2026-08-20T11:26:31.851,31.551,8.98,-179.56,0.2132,Fokus,Ma et al. (2s eye / 3s yaw),baca_buku
2026-08-20T11:26:31.885,31.586,9.12,-179.78,0.2131,Fokus,Ma et al. (2s eye / 3s yaw),baca_buku
2026-08-20T11:26:31.921,31.622,8.55,179.91,0.2142,Fokus,Ma et al. (2s eye / 3s yaw),baca_buku
2026-08-20T11:26:31.956,31.657,9.03,-179.82,0.1988,Fokus,Ma et al. (2s eye / 3s yaw),baca_buku
2026-08-20T11:26:31.992,31.692,9.08,-179.52,0.1994,Fokus,Ma et al. (2s eye / 3s yaw),baca_buku
2026-08-20T11:26:32.028,31.728,8.54,-179.33,0.2041,Fokus,Ma et al. (2s eye / 3s yaw),baca_buku
2026-08-20T11:26:32.063,31.764,5.43,-179.48,0.2084,Fokus,Ma et al. (2s eye / 3s yaw),baca_buku
2026-08-20T11:26:32.098,31.798,2.57,-179.42,0.2009,Fokus,Ma et al. (2s eye / 3s yaw),baca_buku
2026-08-20T11:26:32.133,31.833,-0.39,-179.04,0.2105,Fokus,Ma et al. (2s eye / 3s yaw),baca_buku
2026-08-20T11:26:32.166,31.866,-2.0,-178.58,0.2155,Fokus,Ma et al. (2s eye / 3s yaw),baca_buku
2026-08-20T11:26:32.201,31.901,-5.7,-178.69,0.2198,Fokus,Ma et al. (2s eye / 3s yaw),baca_buku
2026-08-20T11:26:32.238,31.939,-7.13,-178.53,0.2251,Fokus,Ma et al. (2s eye / 3s yaw),baca_buku
2026-08-20T11:26:32.273,31.974,-8.65,-178.04,0.2316,Fokus,Ma et al. (2s eye / 3s yaw),baca_buku
2026-08-20T11:26:32.308,32.009,-11.08,-177.74,0.2255,Fokus,Ma et al. (2s eye / 3s yaw),baca_buku
2026-08-20T11:26:32.343,32.043,-11.33,-177.63,0.2147,Fokus,Ma et al. (2s eye / 3s yaw),baca_buku
2026-08-20T11:26:32.377,32.078,-9.49,-178.19,0.1559,Fokus,Ma et al. (2s eye / 3s yaw),baca_buku
2026-08-20T11:26:32.413,32.113,-5.24,-178.37,0.1478,Fokus,Ma et al. (2s eye / 3s yaw),baca_buku
2026-08-20T11:26:32.442,32.142,-2.57,-178.49,0.1654,Fokus,Ma et al. (2s eye / 3s yaw),baca_buku
2026-08-20T11:26:32.473,32.174,-1.62,-178.38,0.179,Fokus,Ma et al. (2s eye / 3s yaw),baca_buku
2026-08-20T11:26:32.508,32.209,-1.71,-178.66,0.1876,Fokus,Ma et al. (2s eye / 3s yaw),baca_buku
2026-08-20T11:26:32.543,32.243,-5.1,-178.21,0.2101,Fokus,Ma et al. (2s eye / 3s yaw),baca_buku
2026-08-20T11:26:32.578,32.279,-6.44,-178.26,0.2028,Fokus,Ma et al. (2s eye / 3s yaw),baca_buku
2026-08-20T11:26:32.613,32.314,-6.61,-178.12,0.1917,Fokus,Ma et al. (2s eye / 3s yaw),baca_buku
2026-08-20T11:26:32.648,32.349,-7.94,-178.32,0.1988,Fokus,Ma et al. (2s eye / 3s yaw),baca_buku
2026-08-20T11:26:32.684,32.384,-8.11,-178.17,0.1982,Fokus,Ma et al. (2s eye / 3s yaw),baca_buku
2026-08-20T11:26:32.718,32.419,-9.03,-177.94,0.1908,Fokus,Ma et al. (2s eye / 3s yaw),baca_buku
2026-08-20T11:26:32.752,32.453,-8.62,-177.84,0.182,Fokus,Ma et al. (2s eye / 3s yaw),baca_buku
2026-08-20T11:26:32.787,32.487,-7.79,-177.94,0.1784,Fokus,Ma et al. (2s eye / 3s yaw),baca_buku
2026-08-20T11:26:32.821,32.521,-8.78,-177.74,0.1797,Fokus,Ma et al. (2s eye / 3s yaw),baca_buku
2026-08-20T11:26:32.856,32.557,-7.06,-177.73,0.179,Fokus,Ma et al. (2s eye / 3s yaw),baca_buku
2026-08-20T11:26:32.892,32.593,-6.37,-177.8,0.178,Fokus,Ma et al. (2s eye / 3s yaw),baca_buku
2026-08-20T11:26:32.928,32.629,-6.2,-177.8,0.1788,Fokus,Ma et al. (2s eye / 3s yaw),baca_buku
2026-08-20T11:26:32.964,32.665,-5.44,-177.76,0.1773,Fokus,Ma et al. (2s eye / 3s yaw),baca_buku
2026-08-20T11:26:33.000,32.7,-4.87,-177.47,0.176,Fokus,Ma et al. (2s eye / 3s yaw),baca_buku
2026-08-20T11:26:33.035,32.736,-6.34,-177.0,0.1513,Fokus,Ma et al. (2s eye / 3s yaw),baca_buku
2026-08-20T11:26:33.071,32.772,-6.97,-176.85,0.1095,Fokus,Ma et al. (2s eye / 3s yaw),baca_buku
2026-08-20T11:26:33.106,32.807,-7.48,-176.59,0.0939,Fokus,Ma et al. (2s eye / 3s yaw),baca_buku
2026-08-20T11:26:33.141,32.842,-7.74,-176.64,0.0979,Fokus,Ma et al. (2s eye / 3s yaw),baca_buku
2026-08-20T11:26:33.177,32.877,-11.05,-176.63,0.1529,Fokus,Ma et al. (2s eye / 3s yaw),baca_buku
2026-08-20T11:26:33.212,32.913,-12.76,-176.72,0.1836,Fokus,Ma et al. (2s eye / 3s yaw),baca_buku
2026-08-20T11:26:33.248,32.948,-13.77,-176.82,0.2111,Fokus,Ma et al. (2s eye / 3s yaw),baca_buku
2026-08-20T11:26:33.283,32.984,-14.34,-176.58,0.2301,Fokus,Ma et al. (2s eye / 3s yaw),baca_buku
2026-08-20T11:26:33.321,33.021,-15.39,-176.78,0.2422,Fokus,Ma et al. (2s eye / 3s yaw),baca_buku
2026-08-20T11:26:33.357,33.058,-14.6,-176.99,0.2466,Fokus,Ma et al. (2s eye / 3s yaw),baca_buku
2026-08-20T11:26:33.392,33.093,-10.58,-177.32,0.2525,Fokus,Ma et al. (2s eye / 3s yaw),baca_buku
2026-08-20T11:26:33.427,33.128,-8.51,-177.78,0.2513,Fokus,Ma et al. (2s eye / 3s yaw),baca_buku
2026-08-20T11:26:33.462,33.163,0.94,-178.38,0.2551,Fokus,Ma et al. (2s eye / 3s yaw),baca_buku
2026-08-20T11:26:33.497,33.197,0.16,-178.51,0.2528,Fokus,Ma et al. (2s eye / 3s yaw),baca_buku
2026-08-20T11:26:33.532,33.233,0.03,-179.0,0.2519,Fokus,Ma et al. (2s eye / 3s yaw),baca_buku
2026-08-20T11:26:33.567,33.268,2.78,-178.01,0.2561,Fokus,Ma et al. (2s eye / 3s yaw),baca_buku
2026-08-20T11:26:33.601,33.302,5.01,-179.76,0.2582,Fokus,Ma et al. (2s eye / 3s yaw),baca_buku
2026-08-20T11:26:33.635,33.336,3.83,-179.18,0.259,Fokus,Ma et al. (2s eye / 3s yaw),baca_buku
2026-08-20T11:26:33.670,33.371,6.36,-179.49,0.2613,Fokus,Ma et al. (2s eye / 3s yaw),baca_buku
2026-08-20T11:26:33.706,33.406,8.19,-179.65,0.2617,Fokus,Ma et al. (2s eye / 3s yaw),baca_buku
2026-08-20T11:26:33.740,33.44,8.04,179.88,0.2623,Fokus,Ma et al. (2s eye / 3s yaw),baca_buku
2026-08-20T11:26:33.773,33.473,8.27,-179.73,0.2602,Fokus,Ma et al. (2s eye / 3s yaw),baca_buku
2026-08-20T11:26:33.796,33.497,8.63,-179.55,0.2489,Fokus,Ma et al. (2s eye / 3s yaw),baca_buku
2026-08-20T11:26:33.816,33.516,4.25,179.66,0.0904,Fokus,Ma et al. (2s eye / 3s yaw),baca_buku
2026-08-20T11:26:33.842,33.542,1.36,179.22,0.0391,Fokus,Ma et al. (2s eye / 3s yaw),baca_buku
2026-08-20T11:26:33.877,33.577,1.05,178.7,0.0469,Fokus,Ma et al. (2s eye / 3s yaw),baca_buku
2026-08-20T11:26:33.912,33.613,1.21,178.72,0.0642,Fokus,Ma et al. (2s eye / 3s yaw),baca_buku
2026-08-20T11:26:33.947,33.647,2.23,178.76,0.1012,Fokus,Ma et al. (2s eye / 3s yaw),baca_buku
2026-08-20T11:26:33.981,33.682,2.67,178.72,0.1229,Fokus,Ma et al. (2s eye / 3s yaw),baca_buku
2026-08-20T11:26:34.017,33.717,4.05,178.64,0.1446,Fokus,Ma et al. (2s eye / 3s yaw),baca_buku
2026-08-20T11:26:34.050,33.751,4.6,178.98,0.1553,Fokus,Ma et al. (2s eye / 3s yaw),baca_buku
2026-08-20T11:26:34.072,33.772,5.84,178.84,0.1648,Fokus,Ma et al. (2s eye / 3s yaw),baca_buku
2026-08-20T11:26:34.090,33.791,4.93,178.66,0.1679,Fokus,Ma et al. (2s eye / 3s yaw),baca_buku
2026-08-20T11:26:34.109,33.809,5.24,178.67,0.1696,Fokus,Ma et al. (2s eye / 3s yaw),baca_buku
2026-08-20T11:26:34.128,33.828,7.28,178.68,0.1765,Fokus,Ma et al. (2s eye / 3s yaw),baca_buku
2026-08-20T11:26:34.147,33.847,9.3,178.83,0.1818,Fokus,Ma et al. (2s eye / 3s yaw),baca_buku
2026-08-20T11:26:34.188,33.889,9.5,179.07,0.1956,Fokus,Ma et al. (2s eye / 3s yaw),baca_buku
2026-08-20T11:26:34.220,33.921,9.58,178.73,0.2051,Fokus,Ma et al. (2s eye / 3s yaw),baca_buku
2026-08-20T11:26:34.257,33.957,10.37,179.18,0.2152,Fokus,Ma et al. (2s eye / 3s yaw),baca_buku
2026-08-20T11:26:34.295,33.995,6.55,179.18,0.2125,Fokus,Ma et al. (2s eye / 3s yaw),baca_buku
2026-08-20T11:26:34.326,34.027,6.07,179.11,0.2223,Fokus,Ma et al. (2s eye / 3s yaw),baca_buku
2026-08-20T11:26:34.357,34.057,1.7,179.9,0.2158,Fokus,Ma et al. (2s eye / 3s yaw),baca_buku
2026-08-20T11:26:34.388,34.089,2.09,179.99,0.2177,Fokus,Ma et al. (2s eye / 3s yaw),baca_buku
2026-08-20T11:26:34.420,34.121,-1.78,179.08,0.2188,Fokus,Ma et al. (2s eye / 3s yaw),baca_buku
2026-08-20T11:26:34.451,34.151,-1.36,179.13,0.2198,Fokus,Ma et al. (2s eye / 3s yaw),baca_buku
2026-08-20T11:26:34.493,34.193,0.52,179.42,0.2173,Fokus,Ma et al. (2s eye / 3s yaw),baca_buku
2026-08-20T11:26:34.519,34.219,-1.7,178.76,0.2206,Fokus,Ma et al. (2s eye / 3s yaw),baca_buku
2026-08-20T11:26:34.563,34.264,1.16,179.02,0.2181,Fokus,Ma et al. (2s eye / 3s yaw),baca_buku
2026-08-20T11:26:34.598,34.299,0.12,178.73,0.2172,Fokus,Ma et al. (2s eye / 3s yaw),baca_buku
2026-08-20T11:26:34.634,34.334,-0.41,178.75,0.2206,Fokus,Ma et al. (2s eye / 3s yaw),baca_buku
2026-08-20T11:26:34.668,34.369,0.14,178.43,0.212,Fokus,Ma et al. (2s eye / 3s yaw),baca_buku
2026-08-20T11:26:34.704,34.405,0.12,178.83,0.2118,Fokus,Ma et al. (2s eye / 3s yaw),baca_buku
2026-08-20T11:26:34.739,34.439,0.65,178.84,0.2142,Fokus,Ma et al. (2s eye / 3s yaw),baca_buku
2026-08-20T11:26:34.775,34.475,0.54,179.02,0.2022,Fokus,Ma et al. (2s eye / 3s yaw),baca_buku
2026-08-20T11:26:34.810,34.511,2.19,179.34,0.2047,Fokus,Ma et al. (2s eye / 3s yaw),baca_buku
2026-08-20T11:26:34.846,34.547,0.57,179.56,0.2114,Fokus,Ma et al. (2s eye / 3s yaw),baca_buku
2026-08-20T11:26:34.880,34.58,1.64,179.23,0.2002,Fokus,Ma et al. (2s eye / 3s yaw),baca_buku
2026-08-20T11:26:34.909,34.61,-1.98,179.12,0.2028,Fokus,Ma et al. (2s eye / 3s yaw),baca_buku
2026-08-20T11:26:34.944,34.645,-1.66,179.16,0.2013,Fokus,Ma et al. (2s eye / 3s yaw),baca_buku
2026-08-20T11:26:34.973,34.674,-1.27,-179.91,0.2066,Fokus,Ma et al. (2s eye / 3s yaw),baca_buku
2026-08-20T11:26:35.008,34.709,-2.62,-179.64,0.2108,Fokus,Ma et al. (2s eye / 3s yaw),baca_buku
2026-08-20T11:26:35.044,34.744,-4.92,179.7,0.2144,Fokus,Ma et al. (2s eye / 3s yaw),baca_buku
2026-08-20T11:26:35.079,34.779,-3.15,179.65,0.214,Fokus,Ma et al. (2s eye / 3s yaw),baca_buku
2026-08-20T11:26:35.114,34.815,-6.77,179.83,0.2156,Fokus,Ma et al. (2s eye / 3s yaw),baca_buku
2026-08-20T11:26:35.150,34.85,-8.21,179.75,0.2147,Fokus,Ma et al. (2s eye / 3s yaw),baca_buku
2026-08-20T11:26:35.184,34.885,-7.26,179.91,0.2154,Fokus,Ma et al. (2s eye / 3s yaw),baca_buku
2026-08-20T11:26:35.219,34.919,-8.91,-179.95,0.2167,Fokus,Ma et al. (2s eye / 3s yaw),baca_buku
2026-08-20T11:26:35.253,34.954,-7.86,179.86,0.2158,Fokus,Ma et al. (2s eye / 3s yaw),baca_buku
2026-08-20T11:26:35.288,34.989,-7.16,179.88,0.2135,Fokus,Ma et al. (2s eye / 3s yaw),baca_buku
2026-08-20T11:26:35.324,35.025,-8.28,-179.99,0.2134,Fokus,Ma et al. (2s eye / 3s yaw),baca_buku
2026-08-20T11:26:35.363,35.064,-7.96,-179.81,0.2136,Fokus,Ma et al. (2s eye / 3s yaw),baca_buku
2026-08-20T11:26:35.400,35.1,-9.29,-179.69,0.213,Fokus,Ma et al. (2s eye / 3s yaw),baca_buku
2026-08-20T11:26:35.435,35.135,-9.09,-179.71,0.2096,Fokus,Ma et al. (2s eye / 3s yaw),baca_buku
2026-08-20T11:26:35.461,35.162,-9.64,-179.61,0.2061,Fokus,Ma et al. (2s eye / 3s yaw),baca_buku
2026-08-20T11:26:35.481,35.181,-8.73,-179.63,0.2023,Fokus,Ma et al. (2s eye / 3s yaw),baca_buku
2026-08-20T11:26:35.500,35.2,-9.33,-179.43,0.202,Fokus,Ma et al. (2s eye / 3s yaw),baca_buku
2026-08-20T11:26:35.518,35.219,-10.55,-179.23,0.2072,Fokus,Ma et al. (2s eye / 3s yaw),baca_buku
2026-08-20T11:26:35.567,35.268,-12.08,-178.87,0.2127,Fokus,Ma et al. (2s eye / 3s yaw),baca_buku
2026-08-20T11:26:35.602,35.303,-12.85,-178.65,0.2175,Fokus,Ma et al. (2s eye / 3s yaw),baca_buku
2026-08-20T11:26:35.627,35.327,-14.49,-178.47,0.2256,Fokus,Ma et al. (2s eye / 3s yaw),baca_buku
2026-08-20T11:26:35.663,35.363,-15.23,-178.21,0.2318,Fokus,Ma et al. (2s eye / 3s yaw),baca_buku
2026-08-20T11:26:35.691,35.392,-15.14,-178.16,0.2314,Fokus,Ma et al. (2s eye / 3s yaw),baca_buku
2026-08-20T11:26:35.736,35.436,-15.85,-178.08,0.2342,Fokus,Ma et al. (2s eye / 3s yaw),baca_buku
2026-08-20T11:26:35.771,35.471,-16.02,-178.0,0.2344,Fokus,Ma et al. (2s eye / 3s yaw),baca_buku
2026-08-20T11:26:35.797,35.498,-15.82,-177.98,0.2336,Fokus,Ma et al. (2s eye / 3s yaw),baca_buku
2026-08-20T11:26:35.827,35.528,-15.8,-177.9,0.237,Fokus,Ma et al. (2s eye / 3s yaw),baca_buku
2026-08-20T11:26:35.860,35.561,-16.16,-177.79,0.2364,Fokus,Ma et al. (2s eye / 3s yaw),baca_buku
2026-08-20T11:26:35.900,35.601,-15.84,-177.77,0.2325,Fokus,Ma et al. (2s eye / 3s yaw),baca_buku
2026-08-20T11:26:35.926,35.627,-13.43,-178.0,0.1958,Fokus,Ma et al. (2s eye / 3s yaw),baca_buku
2026-08-20T11:26:35.968,35.668,-13.92,-177.99,0.1875,Fokus,Ma et al. (2s eye / 3s yaw),baca_buku
2026-08-20T11:26:36.003,35.703,-13.38,-178.2,0.1843,Fokus,Ma et al. (2s eye / 3s yaw),baca_buku
2026-08-20T11:26:36.029,35.73,-12.36,-178.43,0.1805,Fokus,Ma et al. (2s eye / 3s yaw),baca_buku
2026-08-20T11:26:36.064,35.764,-13.13,-178.64,0.1955,Fokus,Ma et al. (2s eye / 3s yaw),baca_buku
2026-08-20T11:26:36.103,35.804,-13.02,-179.02,0.2005,Fokus,Ma et al. (2s eye / 3s yaw),baca_buku
2026-08-20T11:26:36.138,35.839,-13.22,-178.94,0.2095,Fokus,Ma et al. (2s eye / 3s yaw),baca_buku
2026-08-20T11:26:36.164,35.865,-14.42,-178.79,0.2174,Fokus,Ma et al. (2s eye / 3s yaw),baca_buku
2026-08-20T11:26:36.203,35.904,-14.04,-178.62,0.2174,Fokus,Ma et al. (2s eye / 3s yaw),baca_buku
2026-08-20T11:26:36.238,35.939,-14.1,-179.14,0.225,Fokus,Ma et al. (2s eye / 3s yaw),baca_buku
2026-08-20T11:26:36.273,35.974,-13.09,-179.44,0.2255,Fokus,Ma et al. (2s eye / 3s yaw),baca_buku
2026-08-20T11:26:36.308,36.009,-12.84,-179.22,0.2241,Fokus,Ma et al. (2s eye / 3s yaw),baca_buku
2026-08-20T11:26:36.337,36.038,-11.4,-179.58,0.2223,Fokus,Ma et al. (2s eye / 3s yaw),baca_buku
2026-08-20T11:26:36.359,36.059,-10.86,-179.43,0.2214,Fokus,Ma et al. (2s eye / 3s yaw),baca_buku
2026-08-20T11:26:36.401,36.101,-9.4,-179.72,0.2153,Fokus,Ma et al. (2s eye / 3s yaw),baca_buku
2026-08-20T11:26:36.439,36.14,-9.81,-179.85,0.2186,Fokus,Ma et al. (2s eye / 3s yaw),baca_buku
2026-08-20T11:26:36.473,36.174,-10.65,-179.68,0.2188,Fokus,Ma et al. (2s eye / 3s yaw),baca_buku
2026-08-20T11:26:36.496,36.197,-10.17,-179.73,0.2182,Fokus,Ma et al. (2s eye / 3s yaw),baca_buku
2026-08-20T11:26:36.536,36.236,-10.65,-179.64,0.2185,Fokus,Ma et al. (2s eye / 3s yaw),baca_buku
2026-08-20T11:26:36.569,36.27,-10.7,-179.6,0.2179,Fokus,Ma et al. (2s eye / 3s yaw),baca_buku
2026-08-20T11:26:36.603,36.304,-10.51,-179.43,0.2146,Fokus,Ma et al. (2s eye / 3s yaw),baca_buku
2026-08-20T11:26:36.633,36.333,-10.61,-179.41,0.212,Fokus,Ma et al. (2s eye / 3s yaw),baca_buku
2026-08-20T11:26:36.665,36.366,-8.9,-179.54,0.1812,Fokus,Ma et al. (2s eye / 3s yaw),baca_buku
2026-08-20T11:26:36.705,36.406,-6.97,-179.84,0.1607,Fokus,Ma et al. (2s eye / 3s yaw),baca_buku
2026-08-20T11:26:36.737,36.437,-7.44,-179.83,0.1611,Fokus,Ma et al. (2s eye / 3s yaw),baca_buku
2026-08-20T11:26:36.772,36.473,-7.11,-179.92,0.1664,Fokus,Ma et al. (2s eye / 3s yaw),baca_buku
2026-08-20T11:26:36.808,36.509,-7.13,179.99,0.168,Fokus,Ma et al. (2s eye / 3s yaw),baca_buku
2026-08-20T11:26:36.842,36.543,-6.16,179.51,0.1756,Fokus,Ma et al. (2s eye / 3s yaw),baca_buku
2026-08-20T11:26:36.872,36.573,-6.35,179.54,0.1912,Fokus,Ma et al. (2s eye / 3s yaw),baca_buku
2026-08-20T11:26:36.895,36.596,-6.73,179.61,0.1968,Fokus,Ma et al. (2s eye / 3s yaw),baca_buku
2026-08-20T11:26:36.926,36.627,-6.58,179.48,0.2042,Fokus,Ma et al. (2s eye / 3s yaw),baca_buku
2026-08-20T11:26:36.962,36.663,-7.15,179.9,0.2122,Fokus,Ma et al. (2s eye / 3s yaw),baca_buku
2026-08-20T11:26:36.998,36.699,-7.32,-179.95,0.2133,Fokus,Ma et al. (2s eye / 3s yaw),baca_buku
2026-08-20T11:26:37.026,36.727,-7.01,-179.91,0.214,Fokus,Ma et al. (2s eye / 3s yaw),baca_buku
2026-08-20T11:26:37.070,36.771,-6.65,-179.93,0.2134,Fokus,Ma et al. (2s eye / 3s yaw),baca_buku
2026-08-20T11:26:37.105,36.805,-7.12,-179.84,0.2127,Fokus,Ma et al. (2s eye / 3s yaw),baca_buku
2026-08-20T11:26:37.137,36.838,-7.43,179.95,0.2195,Fokus,Ma et al. (2s eye / 3s yaw),baca_buku
2026-08-20T11:26:37.175,36.876,-7.26,179.8,0.2177,Fokus,Ma et al. (2s eye / 3s yaw),baca_buku
2026-08-20T11:26:37.208,36.909,-7.06,179.51,0.2195,Fokus,Ma et al. (2s eye / 3s yaw),baca_buku
2026-08-20T11:26:37.245,36.945,-4.31,178.9,0.2242,Fokus,Ma et al. (2s eye / 3s yaw),baca_buku
2026-08-20T11:26:37.280,36.981,-3.93,-179.85,0.2238,Fokus,Ma et al. (2s eye / 3s yaw),baca_buku
2026-08-20T11:26:37.316,37.017,-4.59,179.3,0.2194,Fokus,Ma et al. (2s eye / 3s yaw),baca_buku
2026-08-20T11:26:37.351,37.052,-4.73,179.59,0.2183,Fokus,Ma et al. (2s eye / 3s yaw),baca_buku
2026-08-20T11:26:37.385,37.085,-2.25,178.98,0.216,Fokus,Ma et al. (2s eye / 3s yaw),baca_buku
2026-08-20T11:26:37.420,37.121,-1.38,179.2,0.2165,Fokus,Ma et al. (2s eye / 3s yaw),baca_buku
2026-08-20T11:26:37.461,37.161,-3.76,179.25,0.2192,Fokus,Ma et al. (2s eye / 3s yaw),baca_buku
2026-08-20T11:26:37.496,37.196,-4.93,179.62,0.2173,Fokus,Ma et al. (2s eye / 3s yaw),baca_buku
2026-08-20T11:26:37.532,37.232,-4.78,179.74,0.2115,Fokus,Ma et al. (2s eye / 3s yaw),baca_buku
2026-08-20T11:26:37.566,37.266,-4.02,179.66,0.2107,Fokus,Ma et al. (2s eye / 3s yaw),baca_buku
2026-08-20T11:26:37.599,37.3,-4.96,179.59,0.2089,Fokus,Ma et al. (2s eye / 3s yaw),baca_buku
2026-08-20T11:26:37.634,37.335,-4.9,179.26,0.2053,Fokus,Ma et al. (2s eye / 3s yaw),baca_buku
2026-08-20T11:26:37.670,37.37,-8.07,179.74,0.2061,Fokus,Ma et al. (2s eye / 3s yaw),baca_buku
2026-08-20T11:26:37.704,37.404,-9.67,179.96,0.2056,Fokus,Ma et al. (2s eye / 3s yaw),baca_buku
2026-08-20T11:26:37.737,37.438,-9.83,179.96,0.2117,Fokus,Ma et al. (2s eye / 3s yaw),baca_buku
2026-08-20T11:26:37.771,37.472,-9.92,179.93,0.2093,Fokus,Ma et al. (2s eye / 3s yaw),baca_buku
2026-08-20T11:26:37.807,37.508,-9.78,179.83,0.2086,Fokus,Ma et al. (2s eye / 3s yaw),baca_buku
2026-08-20T11:26:37.842,37.543,-9.15,179.78,0.2067,Fokus,Ma et al. (2s eye / 3s yaw),baca_buku
2026-08-20T11:26:37.877,37.578,-9.05,179.75,0.1985,Fokus,Ma et al. (2s eye / 3s yaw),baca_buku
2026-08-20T11:26:37.913,37.613,-8.08,179.78,0.1989,Fokus,Ma et al. (2s eye / 3s yaw),baca_buku
2026-08-20T11:26:37.947,37.648,-8.64,179.94,0.1949,Fokus,Ma et al. (2s eye / 3s yaw),baca_buku
2026-08-20T11:26:37.971,37.672,-8.48,179.94,0.1942,Fokus,Ma et al. (2s eye / 3s yaw),baca_buku
2026-08-20T11:26:37.992,37.693,-8.41,-179.99,0.1923,Fokus,Ma et al. (2s eye / 3s yaw),baca_buku
2026-08-20T11:26:38.011,37.712,-9.14,-179.88,0.1868,Fokus,Ma et al. (2s eye / 3s yaw),baca_buku
2026-08-20T11:26:38.040,37.74,-9.49,-179.9,0.1834,Fokus,Ma et al. (2s eye / 3s yaw),baca_buku
2026-08-20T11:26:38.079,37.779,-9.31,-179.99,0.1848,Fokus,Ma et al. (2s eye / 3s yaw),baca_buku
2026-08-20T11:26:38.114,37.814,-8.76,179.96,0.1835,Fokus,Ma et al. (2s eye / 3s yaw),baca_buku
2026-08-20T11:26:38.148,37.848,-9.19,-179.95,0.1808,Fokus,Ma et al. (2s eye / 3s yaw),baca_buku
2026-08-20T11:26:38.170,37.87,-8.9,-179.94,0.1818,Fokus,Ma et al. (2s eye / 3s yaw),baca_buku
2026-08-20T11:26:38.206,37.907,-8.74,179.89,0.1818,Fokus,Ma et al. (2s eye / 3s yaw),baca_buku
2026-08-20T11:26:38.248,37.948,-8.64,179.91,0.1819,Fokus,Ma et al. (2s eye / 3s yaw),baca_buku
2026-08-20T11:26:38.284,37.984,-8.65,179.97,0.1801,Fokus,Ma et al. (2s eye / 3s yaw),baca_buku
2026-08-20T11:26:38.319,38.019,-9.12,179.99,0.1825,Fokus,Ma et al. (2s eye / 3s yaw),baca_buku
2026-08-20T11:26:38.355,38.055,-9.58,179.99,0.1834,Fokus,Ma et al. (2s eye / 3s yaw),baca_buku
2026-08-20T11:26:38.389,38.09,-9.47,180.0,0.1791,Fokus,Ma et al. (2s eye / 3s yaw),baca_buku
2026-08-20T11:26:38.424,38.125,-8.95,179.88,0.1801,Fokus,Ma et al. (2s eye / 3s yaw),baca_buku
2026-08-20T11:26:38.461,38.161,-9.1,179.91,0.1806,Fokus,Ma et al. (2s eye / 3s yaw),baca_buku
2026-08-20T11:26:38.496,38.196,-9.08,-179.9,0.1805,Fokus,Ma et al. (2s eye / 3s yaw),baca_buku
2026-08-20T11:26:38.531,38.232,-8.74,-179.92,0.172,Fokus,Ma et al. (2s eye / 3s yaw),baca_buku
2026-08-20T11:26:38.567,38.268,-8.79,-179.94,0.172,Fokus,Ma et al. (2s eye / 3s yaw),baca_buku
2026-08-20T11:26:38.603,38.303,-9.09,-179.96,0.1713,Fokus,Ma et al. (2s eye / 3s yaw),baca_buku
2026-08-20T11:26:38.638,38.339,-9.23,180.0,0.174,Fokus,Ma et al. (2s eye / 3s yaw),baca_buku
2026-08-20T11:26:38.674,38.374,-9.28,-179.92,0.1754,Fokus,Ma et al. (2s eye / 3s yaw),baca_buku
2026-08-20T11:26:38.709,38.409,-9.36,-179.9,0.1733,Fokus,Ma et al. (2s eye / 3s yaw),baca_buku
2026-08-20T11:26:38.743,38.443,-9.11,-179.91,0.1711,Fokus,Ma et al. (2s eye / 3s yaw),baca_buku
2026-08-20T11:26:38.768,38.468,-8.77,-179.94,0.1666,Fokus,Ma et al. (2s eye / 3s yaw),baca_buku
2026-08-20T11:26:38.792,38.492,-8.76,-179.83,0.1679,Fokus,Ma et al. (2s eye / 3s yaw),baca_buku
2026-08-20T11:26:38.821,38.522,-8.81,-179.83,0.1684,Fokus,Ma et al. (2s eye / 3s yaw),baca_buku
2026-08-20T11:26:38.855,38.555,-8.78,-179.81,0.1705,Fokus,Ma et al. (2s eye / 3s yaw),baca_buku
2026-08-20T11:26:38.891,38.591,-8.49,-179.81,0.1725,Fokus,Ma et al. (2s eye / 3s yaw),baca_buku
2026-08-20T11:26:38.926,38.627,-8.34,-179.83,0.1662,Fokus,Ma et al. (2s eye / 3s yaw),baca_buku
2026-08-20T11:26:38.963,38.664,-8.77,-179.75,0.1715,Fokus,Ma et al. (2s eye / 3s yaw),baca_buku
2026-08-20T11:26:38.999,38.699,-8.94,-179.7,0.1722,Fokus,Ma et al. (2s eye / 3s yaw),baca_buku
2026-08-20T11:26:39.034,38.735,-8.72,-179.7,0.1675,Fokus,Ma et al. (2s eye / 3s yaw),baca_buku
2026-08-20T11:26:39.069,38.769,-8.7,-179.6,0.1672,Fokus,Ma et al. (2s eye / 3s yaw),baca_buku
2026-08-20T11:26:39.104,38.804,-8.91,-179.34,0.1656,Fokus,Ma et al. (2s eye / 3s yaw),baca_buku
2026-08-20T11:26:39.139,38.84,-9.37,-179.27,0.1636,Fokus,Ma et al. (2s eye / 3s yaw),baca_buku
2026-08-20T11:26:39.173,38.874,-10.01,-179.08,0.1634,Fokus,Ma et al. (2s eye / 3s yaw),baca_buku
2026-08-20T11:26:39.208,38.909,-10.41,-178.71,0.1617,Fokus,Ma et al. (2s eye / 3s yaw),baca_buku
2026-08-20T11:26:39.244,38.945,-10.28,-178.75,0.1629,Fokus,Ma et al. (2s eye / 3s yaw),baca_buku
2026-08-20T11:26:39.279,38.98,-9.9,-178.75,0.1497,Fokus,Ma et al. (2s eye / 3s yaw),baca_buku
2026-08-20T11:26:39.315,39.016,-10.07,-177.88,0.1513,Fokus,Ma et al. (2s eye / 3s yaw),baca_buku
2026-08-20T11:26:39.352,39.052,-10.16,-177.32,0.1466,Fokus,Ma et al. (2s eye / 3s yaw),baca_buku
2026-08-20T11:26:39.388,39.089,-10.1,-176.43,0.1399,Fokus,Ma et al. (2s eye / 3s yaw),baca_buku
2026-08-20T11:26:39.423,39.124,-9.95,-176.61,0.1405,Fokus,Ma et al. (2s eye / 3s yaw),baca_buku
2026-08-20T11:26:39.459,39.16,-9.79,-176.36,0.1384,Fokus,Ma et al. (2s eye / 3s yaw),baca_buku
2026-08-20T11:26:39.496,39.196,-10.22,-175.67,0.1499,Fokus,Ma et al. (2s eye / 3s yaw),baca_buku
2026-08-20T11:26:39.532,39.232,-9.79,-175.04,0.1271,Fokus,Ma et al. (2s eye / 3s yaw),baca_buku
2026-08-20T11:26:39.567,39.267,-8.53,-174.55,0.0576,Fokus,Ma et al. (2s eye / 3s yaw),baca_buku
2026-08-20T11:26:39.600,39.301,-7.84,-173.96,0.0666,Fokus,Ma et al. (2s eye / 3s yaw),baca_buku
2026-08-20T11:26:39.636,39.337,-7.21,-173.52,0.0797,Fokus,Ma et al. (2s eye / 3s yaw),baca_buku
2026-08-20T11:26:39.671,39.372,-6.37,-173.43,0.0715,Fokus,Ma et al. (2s eye / 3s yaw),baca_buku
2026-08-20T11:26:39.706,39.406,-6.24,-172.58,0.0909,Fokus,Ma et al. (2s eye / 3s yaw),baca_buku
2026-08-20T11:26:39.741,39.442,-5.88,-171.58,0.0726,Fokus,Ma et al. (2s eye / 3s yaw),baca_buku
2026-08-20T11:26:39.772,39.472,-4.91,-170.89,0.0725,Teralih,Ma et al. (2s eye / 3s yaw),baca_buku
2026-08-20T11:26:39.793,39.494,-4.12,-171.01,0.0641,Teralih,Ma et al. (2s eye / 3s yaw),baca_buku
2026-08-20T11:26:39.813,39.513,-3.85,-170.66,0.0635,Teralih,Ma et al. (2s eye / 3s yaw),baca_buku
2026-08-20T11:26:39.831,39.532,-3.1,-170.99,0.0692,Teralih,Ma et al. (2s eye / 3s yaw),baca_buku
2026-08-20T11:26:39.850,39.55,-4.6,-170.85,0.0737,Teralih,Ma et al. (2s eye / 3s yaw),baca_buku
2026-08-20T11:26:39.877,39.578,-4.55,-171.51,0.0884,Teralih,Ma et al. (2s eye / 3s yaw),baca_buku
2026-08-20T11:26:39.924,39.624,-6.69,-171.39,0.0965,Teralih,Ma et al. (2s eye / 3s yaw),baca_buku
2026-08-20T11:26:39.960,39.661,-9.46,-171.41,0.1165,Teralih,Ma et al. (2s eye / 3s yaw),baca_buku
2026-08-20T11:26:39.996,39.696,-11.18,-170.44,0.1219,Teralih,Ma et al. (2s eye / 3s yaw),baca_buku
2026-08-20T11:26:40.030,39.731,-14.09,-170.2,0.1404,Teralih,Ma et al. (2s eye / 3s yaw),baca_buku
2026-08-20T11:26:40.065,39.766,-16.34,-170.53,0.1545,Teralih,Ma et al. (2s eye / 3s yaw),baca_buku
2026-08-20T11:26:40.100,39.801,-18.12,-170.52,0.148,Teralih,Ma et al. (2s eye / 3s yaw),baca_buku
2026-08-20T11:26:40.135,39.836,-20.91,-170.8,0.1693,Teralih,Ma et al. (2s eye / 3s yaw),baca_buku
2026-08-20T11:26:40.171,39.871,-22.13,-171.28,0.1782,Teralih,Ma et al. (2s eye / 3s yaw),baca_buku
2026-08-20T11:26:40.205,39.906,-23.32,-171.4,0.1944,Teralih,Ma et al. (2s eye / 3s yaw),baca_buku
2026-08-20T11:26:40.236,39.937,-24.21,-171.22,0.2104,Fokus,Ma et al. (2s eye / 3s yaw),baca_buku
2026-08-20T11:26:40.258,39.958,-24.4,-170.97,0.2249,Fokus,Ma et al. (2s eye / 3s yaw),baca_buku
2026-08-20T11:26:40.280,39.98,-25.61,-170.98,0.2334,Fokus,Ma et al. (2s eye / 3s yaw),baca_buku
2026-08-20T11:26:40.323,40.024,-25.96,-170.84,0.2418,Fokus,Ma et al. (2s eye / 3s yaw),baca_buku
2026-08-20T11:26:40.357,40.058,-26.23,-170.74,0.2511,Fokus,Ma et al. (2s eye / 3s yaw),baca_buku
2026-08-20T11:26:40.391,40.092,-26.47,-170.89,0.2543,Fokus,Ma et al. (2s eye / 3s yaw),baca_buku
2026-08-20T11:26:40.420,40.121,-26.5,-171.29,0.2606,Fokus,Ma et al. (2s eye / 3s yaw),baca_buku
2026-08-20T11:26:40.458,40.159,-26.47,-171.33,0.2642,Fokus,Ma et al. (2s eye / 3s yaw),baca_buku
2026-08-20T11:26:40.493,40.194,-27.5,-171.14,0.2648,Fokus,Ma et al. (2s eye / 3s yaw),baca_buku
2026-08-20T11:26:40.527,40.227,-26.8,-171.26,0.2369,Fokus,Ma et al. (2s eye / 3s yaw),baca_buku
2026-08-20T11:26:40.560,40.261,-27.02,-171.4,0.2274,Fokus,Ma et al. (2s eye / 3s yaw),baca_buku
2026-08-20T11:26:40.591,40.292,-26.47,-171.2,0.2147,Fokus,Ma et al. (2s eye / 3s yaw),baca_buku
2026-08-20T11:26:40.625,40.326,-26.46,-171.09,0.2215,Fokus,Ma et al. (2s eye / 3s yaw),baca_buku
2026-08-20T11:26:40.658,40.359,-26.42,-171.36,0.1989,Fokus,Ma et al. (2s eye / 3s yaw),baca_buku
2026-08-20T11:26:40.692,40.392,-26.27,-171.56,0.2066,Fokus,Ma et al. (2s eye / 3s yaw),baca_buku
2026-08-20T11:26:40.724,40.425,-26.35,-171.45,0.2164,Fokus,Ma et al. (2s eye / 3s yaw),baca_buku
2026-08-20T11:26:40.759,40.459,-26.22,-171.55,0.2151,Fokus,Ma et al. (2s eye / 3s yaw),baca_buku
2026-08-20T11:26:40.790,40.49,-26.16,-171.63,0.2183,Fokus,Ma et al. (2s eye / 3s yaw),baca_buku
2026-08-20T11:26:40.826,40.527,-24.83,-171.91,0.2028,Fokus,Ma et al. (2s eye / 3s yaw),baca_buku
2026-08-20T11:26:40.860,40.561,-23.31,-172.05,0.2035,Fokus,Ma et al. (2s eye / 3s yaw),baca_buku
2026-08-20T11:26:40.895,40.596,-22.57,-171.81,0.1836,Fokus,Ma et al. (2s eye / 3s yaw),baca_buku
2026-08-20T11:26:40.930,40.63,-21.55,-172.09,0.1594,Fokus,Ma et al. (2s eye / 3s yaw),baca_buku
2026-08-20T11:26:40.961,40.661,-21.07,-172.68,0.1596,Fokus,Ma et al. (2s eye / 3s yaw),baca_buku
2026-08-20T11:26:40.993,40.694,-20.75,-173.21,0.1671,Fokus,Ma et al. (2s eye / 3s yaw),baca_buku
2026-08-20T11:26:41.022,40.723,-20.47,-173.78,0.1797,Fokus,Ma et al. (2s eye / 3s yaw),baca_buku
2026-08-20T11:26:41.058,40.758,-20.92,-174.47,0.1807,Fokus,Ma et al. (2s eye / 3s yaw),baca_buku
2026-08-20T11:26:41.095,40.796,-19.12,-174.62,0.1394,Fokus,Ma et al. (2s eye / 3s yaw),baca_buku
2026-08-20T11:26:41.130,40.83,-17.91,-174.2,0.1184,Fokus,Ma et al. (2s eye / 3s yaw),baca_buku
2026-08-20T11:26:41.161,40.862,-16.51,-173.97,0.1146,Fokus,Ma et al. (2s eye / 3s yaw),baca_buku
2026-08-20T11:26:41.184,40.885,-15.22,-174.1,0.1011,Fokus,Ma et al. (2s eye / 3s yaw),baca_buku
2026-08-20T11:26:41.227,40.927,-13.04,-174.46,0.0967,Fokus,Ma et al. (2s eye / 3s yaw),baca_buku
2026-08-20T11:26:41.265,40.965,-12.1,-174.64,0.0958,Fokus,Ma et al. (2s eye / 3s yaw),baca_buku
2026-08-20T11:26:41.298,40.999,-12.62,-175.0,0.0987,Fokus,Ma et al. (2s eye / 3s yaw),baca_buku
2026-08-20T11:26:41.330,41.031,-13.77,-175.58,0.1143,Fokus,Ma et al. (2s eye / 3s yaw),baca_buku
2026-08-20T11:26:41.353,41.054,-14.93,-175.66,0.1262,Fokus,Ma et al. (2s eye / 3s yaw),baca_buku
2026-08-20T11:26:41.395,41.096,-15.25,-175.67,0.1426,Fokus,Ma et al. (2s eye / 3s yaw),baca_buku
2026-08-20T11:26:41.429,41.13,-15.58,-175.89,0.1481,Fokus,Ma et al. (2s eye / 3s yaw),baca_buku
2026-08-20T11:26:41.462,41.163,-14.14,-175.86,0.1495,Fokus,Ma et al. (2s eye / 3s yaw),baca_buku
2026-08-20T11:26:41.496,41.197,-12.29,-175.62,0.1468,Fokus,Ma et al. (2s eye / 3s yaw),baca_buku
2026-08-20T11:26:41.528,41.229,-11.62,-175.23,0.1502,Fokus,Ma et al. (2s eye / 3s yaw),baca_buku
2026-08-20T11:26:41.563,41.264,-12.1,-174.5,0.1774,Fokus,Ma et al. (2s eye / 3s yaw),baca_buku
2026-08-20T11:26:41.596,41.297,-9.8,-174.63,0.181,Fokus,Ma et al. (2s eye / 3s yaw),baca_buku
2026-08-20T11:26:41.627,41.328,-10.23,-174.53,0.1779,Fokus,Ma et al. (2s eye / 3s yaw),baca_buku
2026-08-20T11:26:41.663,41.364,-9.23,-173.92,0.1741,Fokus,Ma et al. (2s eye / 3s yaw),baca_buku
2026-08-20T11:26:41.699,41.4,-8.86,-174.08,0.1704,Fokus,Ma et al. (2s eye / 3s yaw),baca_buku
2026-08-20T11:26:41.733,41.433,-8.85,-174.09,0.1765,Fokus,Ma et al. (2s eye / 3s yaw),baca_buku
2026-08-20T11:26:41.767,41.468,-8.18,-174.3,0.1703,Fokus,Ma et al. (2s eye / 3s yaw),baca_buku
2026-08-20T11:26:41.804,41.504,-8.64,-174.2,0.1821,Fokus,Ma et al. (2s eye / 3s yaw),baca_buku
2026-08-20T11:26:41.840,41.54,-7.82,-173.8,0.1831,Fokus,Ma et al. (2s eye / 3s yaw),baca_buku
2026-08-20T11:26:41.875,41.575,-9.0,-173.6,0.187,Fokus,Ma et al. (2s eye / 3s yaw),baca_buku
2026-08-20T11:26:41.911,41.611,-9.38,-173.09,0.1864,Fokus,Ma et al. (2s eye / 3s yaw),baca_buku
2026-08-20T11:26:41.946,41.646,-7.59,-172.18,0.1875,Fokus,Ma et al. (2s eye / 3s yaw),baca_buku
2026-08-20T11:26:41.982,41.683,-4.95,-172.01,0.1817,Fokus,Ma et al. (2s eye / 3s yaw),baca_buku
2026-08-20T11:26:42.018,41.719,-5.01,-171.47,0.1812,Fokus,Ma et al. (2s eye / 3s yaw),baca_buku
2026-08-20T11:26:42.054,41.755,-3.66,-171.35,0.1801,Fokus,Ma et al. (2s eye / 3s yaw),baca_buku
2026-08-20T11:26:42.090,41.79,-4.12,-170.71,0.1777,Fokus,Ma et al. (2s eye / 3s yaw),baca_buku
2026-08-20T11:26:42.125,41.826,-2.17,-170.57,0.1755,Fokus,Ma et al. (2s eye / 3s yaw),baca_buku
2026-08-20T11:26:42.161,41.862,-1.62,-170.54,0.1756,Fokus,Ma et al. (2s eye / 3s yaw),baca_buku
2026-08-20T11:26:42.197,41.898,-1.9,-170.42,0.1656,Fokus,Ma et al. (2s eye / 3s yaw),baca_buku
2026-08-20T11:26:42.233,41.933,-2.4,-170.42,0.1656,Fokus,Ma et al. (2s eye / 3s yaw),baca_buku
2026-08-20T11:26:42.268,41.968,-2.37,-170.04,0.1588,Fokus,Ma et al. (2s eye / 3s yaw),baca_buku
2026-08-20T11:26:42.304,42.004,-2.6,-169.91,0.1541,Fokus,Ma et al. (2s eye / 3s yaw),baca_buku
2026-08-20T11:26:42.339,42.04,-2.55,-169.82,0.1582,Fokus,Ma et al. (2s eye / 3s yaw),baca_buku
2026-08-20T11:26:42.374,42.075,-2.87,-169.6,0.1571,Fokus,Ma et al. (2s eye / 3s yaw),baca_buku
2026-08-20T11:26:42.410,42.111,-2.31,-169.6,0.1593,Fokus,Ma et al. (2s eye / 3s yaw),baca_buku
2026-08-20T11:26:42.445,42.146,-1.71,-169.63,0.1655,Fokus,Ma et al. (2s eye / 3s yaw),baca_buku
2026-08-20T11:26:42.481,42.181,-1.03,-169.49,0.1658,Fokus,Ma et al. (2s eye / 3s yaw),baca_buku
2026-08-20T11:26:42.516,42.217,-0.71,-169.32,0.1661,Fokus,Ma et al. (2s eye / 3s yaw),baca_buku
2026-08-20T11:26:42.552,42.252,-0.37,-169.23,0.1685,Fokus,Ma et al. (2s eye / 3s yaw),baca_buku
2026-08-20T11:26:42.587,42.287,-0.6,-169.16,0.1699,Fokus,Ma et al. (2s eye / 3s yaw),baca_buku
2026-08-20T11:26:42.622,42.323,-0.4,-169.19,0.1721,Fokus,Ma et al. (2s eye / 3s yaw),baca_buku
2026-08-20T11:26:42.657,42.358,-0.1,-169.19,0.1744,Fokus,Ma et al. (2s eye / 3s yaw),baca_buku
2026-08-20T11:26:42.693,42.393,0.05,-169.18,0.1738,Fokus,Ma et al. (2s eye / 3s yaw),baca_buku
2026-08-20T11:26:42.728,42.429,0.14,-169.16,0.1686,Fokus,Ma et al. (2s eye / 3s yaw),baca_buku
2026-08-20T11:26:42.763,42.464,0.06,-169.14,0.1695,Fokus,Ma et al. (2s eye / 3s yaw),baca_buku
2026-08-20T11:26:42.798,42.498,0.38,-169.54,0.1699,Fokus,Ma et al. (2s eye / 3s yaw),baca_buku
2026-08-20T11:26:42.833,42.534,0.42,-169.54,0.1708,Teralih,Ma et al. (2s eye / 3s yaw),baca_buku
2026-08-20T11:26:42.868,42.569,-0.04,-169.62,0.1756,Teralih,Ma et al. (2s eye / 3s yaw),baca_buku
2026-08-20T11:26:42.903,42.604,0.25,-169.56,0.1806,Teralih,Ma et al. (2s eye / 3s yaw),baca_buku
2026-08-20T11:26:42.938,42.639,0.0,-170.1,0.1902,Teralih,Ma et al. (2s eye / 3s yaw),baca_buku
2026-08-20T11:26:42.974,42.674,-0.32,-170.14,0.1854,Teralih,Ma et al. (2s eye / 3s yaw),baca_buku
2026-08-20T11:26:43.009,42.709,-0.25,-170.77,0.1829,Teralih,Ma et al. (2s eye / 3s yaw),baca_buku
2026-08-20T11:26:43.044,42.745,-1.54,-171.01,0.1903,Teralih,Ma et al. (2s eye / 3s yaw),baca_buku
2026-08-20T11:26:43.078,42.778,-2.04,-171.24,0.191,Teralih,Ma et al. (2s eye / 3s yaw),baca_buku
2026-08-20T11:26:43.113,42.813,-1.58,-171.42,0.1922,Teralih,Ma et al. (2s eye / 3s yaw),baca_buku
2026-08-20T11:26:43.147,42.848,-1.03,-171.56,0.1918,Teralih,Ma et al. (2s eye / 3s yaw),baca_buku
2026-08-20T11:26:43.182,42.882,-0.35,-171.56,0.1971,Teralih,Ma et al. (2s eye / 3s yaw),baca_buku
2026-08-20T11:26:43.216,42.916,1.71,-171.51,0.2,Teralih,Ma et al. (2s eye / 3s yaw),baca_buku
2026-08-20T11:26:43.251,42.951,2.56,-171.29,0.2032,Teralih,Ma et al. (2s eye / 3s yaw),baca_buku
2026-08-20T11:26:43.285,42.985,2.13,-170.9,0.2086,Teralih,Ma et al. (2s eye / 3s yaw),baca_buku
2026-08-20T11:26:43.319,43.019,2.64,-170.38,0.2014,Teralih,Ma et al. (2s eye / 3s yaw),baca_buku
2026-08-20T11:26:43.352,43.053,2.86,-169.4,0.1988,Teralih,Ma et al. (2s eye / 3s yaw),baca_buku
2026-08-20T11:26:43.385,43.086,2.39,-169.01,0.1929,Teralih,Ma et al. (2s eye / 3s yaw),baca_buku
2026-08-20T11:26:43.419,43.119,3.2,-168.58,0.1899,Teralih,Ma et al. (2s eye / 3s yaw),baca_buku
2026-08-20T11:26:43.451,43.152,2.99,-168.37,0.1805,Teralih,Ma et al. (2s eye / 3s yaw),baca_buku
2026-08-20T11:26:43.479,43.179,3.09,-168.27,0.182,Teralih,Ma et al. (2s eye / 3s yaw),baca_buku
2026-08-20T11:26:43.509,43.21,3.14,-168.17,0.1768,Teralih,Ma et al. (2s eye / 3s yaw),baca_buku
2026-08-20T11:26:43.538,43.239,3.76,-168.03,0.1777,Teralih,Ma et al. (2s eye / 3s yaw),baca_buku
2026-08-20T11:26:43.574,43.274,3.16,-167.98,0.1722,Teralih,Ma et al. (2s eye / 3s yaw),baca_buku
2026-08-20T11:26:43.608,43.308,3.04,-168.11,0.1692,Teralih,Ma et al. (2s eye / 3s yaw),baca_buku
2026-08-20T11:26:43.643,43.344,3.02,-168.07,0.1676,Teralih,Ma et al. (2s eye / 3s yaw),baca_buku
2026-08-20T11:26:43.679,43.379,3.56,-168.35,0.1646,Teralih,Ma et al. (2s eye / 3s yaw),baca_buku
2026-08-20T11:26:43.712,43.413,3.47,-168.45,0.1606,Teralih,Ma et al. (2s eye / 3s yaw),baca_buku
2026-08-20T11:26:43.747,43.448,3.06,-168.38,0.1572,Teralih,Ma et al. (2s eye / 3s yaw),baca_buku
2026-08-20T11:26:43.781,43.482,3.34,-168.79,0.1516,Teralih,Ma et al. (2s eye / 3s yaw),baca_buku
2026-08-20T11:26:43.815,43.516,3.04,-169.14,0.1544,Teralih,Ma et al. (2s eye / 3s yaw),baca_buku
2026-08-20T11:26:43.851,43.552,3.42,-169.39,0.1555,Teralih,Ma et al. (2s eye / 3s yaw),baca_buku
2026-08-20T11:26:43.886,43.587,3.23,-169.82,0.1575,Teralih,Ma et al. (2s eye / 3s yaw),baca_buku
2026-08-20T11:26:43.916,43.616,3.55,-170.27,0.1625,Teralih,Ma et al. (2s eye / 3s yaw),baca_buku
2026-08-20T11:26:43.948,43.649,3.76,-170.93,0.1603,Teralih,Ma et al. (2s eye / 3s yaw),baca_buku
2026-08-20T11:26:43.971,43.672,4.02,-171.74,0.1619,Teralih,Ma et al. (2s eye / 3s yaw),baca_buku
2026-08-20T11:26:43.990,43.69,4.86,-172.28,0.1707,Teralih,Ma et al. (2s eye / 3s yaw),baca_buku
2026-08-20T11:26:44.013,43.714,5.54,-172.6,0.165,Teralih,Ma et al. (2s eye / 3s yaw),baca_buku
2026-08-20T11:26:44.048,43.749,5.71,-172.89,0.1701,Teralih,Ma et al. (2s eye / 3s yaw),baca_buku
2026-08-20T11:26:44.083,43.783,6.06,-173.18,0.1705,Teralih,Ma et al. (2s eye / 3s yaw),baca_buku
2026-08-20T11:26:44.118,43.819,6.04,-173.34,0.1761,Teralih,Ma et al. (2s eye / 3s yaw),baca_buku
2026-08-20T11:26:44.154,43.855,5.85,-173.44,0.1634,Teralih,Ma et al. (2s eye / 3s yaw),baca_buku
2026-08-20T11:26:44.189,43.89,5.39,-173.05,0.1686,Teralih,Ma et al. (2s eye / 3s yaw),baca_buku
2026-08-20T11:26:44.225,43.926,5.51,-173.77,0.169,Teralih,Ma et al. (2s eye / 3s yaw),baca_buku
2026-08-20T11:26:44.261,43.961,5.04,-173.94,0.1661,Teralih,Ma et al. (2s eye / 3s yaw),baca_buku
2026-08-20T11:26:44.296,43.996,6.4,-173.84,0.1649,Teralih,Ma et al. (2s eye / 3s yaw),baca_buku
2026-08-20T11:26:44.331,44.032,6.73,-173.89,0.1726,Teralih,Ma et al. (2s eye / 3s yaw),baca_buku
2026-08-20T11:26:44.367,44.067,6.18,-173.93,0.1749,Teralih,Ma et al. (2s eye / 3s yaw),baca_buku
2026-08-20T11:26:44.402,44.102,6.43,-173.97,0.1721,Teralih,Ma et al. (2s eye / 3s yaw),baca_buku
2026-08-20T11:26:44.436,44.137,6.32,-173.77,0.1707,Teralih,Ma et al. (2s eye / 3s yaw),baca_buku
2026-08-20T11:26:44.473,44.173,5.81,-173.73,0.17,Teralih,Ma et al. (2s eye / 3s yaw),baca_buku
2026-08-20T11:26:44.507,44.208,3.16,-173.74,0.1694,Teralih,Ma et al. (2s eye / 3s yaw),baca_buku
2026-08-20T11:26:44.542,44.243,3.59,-173.71,0.1699,Teralih,Ma et al. (2s eye / 3s yaw),baca_buku
2026-08-20T11:26:44.577,44.278,2.01,-173.71,0.169,Teralih,Ma et al. (2s eye / 3s yaw),baca_buku
2026-08-20T11:26:44.607,44.308,3.37,-173.49,0.1718,Teralih,Ma et al. (2s eye / 3s yaw),baca_buku
2026-08-20T11:26:44.628,44.329,3.4,-173.47,0.1736,Teralih,Ma et al. (2s eye / 3s yaw),baca_buku
2026-08-20T11:26:44.654,44.355,5.26,-173.36,0.1724,Teralih,Ma et al. (2s eye / 3s yaw),baca_buku
2026-08-20T11:26:44.689,44.39,5.68,-173.42,0.1759,Teralih,Ma et al. (2s eye / 3s yaw),baca_buku
2026-08-20T11:26:44.724,44.424,4.35,-173.3,0.1769,Teralih,Ma et al. (2s eye / 3s yaw),baca_buku
2026-08-20T11:26:44.757,44.458,3.92,-173.11,0.173,Teralih,Ma et al. (2s eye / 3s yaw),baca_buku
2026-08-20T11:26:44.792,44.493,3.91,-172.69,0.1706,Teralih,Ma et al. (2s eye / 3s yaw),baca_buku
2026-08-20T11:26:44.826,44.527,4.2,-172.4,0.1718,Teralih,Ma et al. (2s eye / 3s yaw),baca_buku
2026-08-20T11:26:44.861,44.562,3.83,-172.02,0.1715,Teralih,Ma et al. (2s eye / 3s yaw),baca_buku
2026-08-20T11:26:44.896,44.597,3.73,-172.11,0.1662,Teralih,Ma et al. (2s eye / 3s yaw),baca_buku
2026-08-20T11:26:44.931,44.632,3.93,-171.98,0.1757,Teralih,Ma et al. (2s eye / 3s yaw),baca_buku
2026-08-20T11:26:44.966,44.666,4.23,-172.03,0.1795,Teralih,Ma et al. (2s eye / 3s yaw),baca_buku
2026-08-20T11:26:45.000,44.7,4.37,-172.17,0.1797,Teralih,Ma et al. (2s eye / 3s yaw),baca_buku
2026-08-20T11:26:45.035,44.736,4.75,-172.27,0.181,Teralih,Ma et al. (2s eye / 3s yaw),baca_buku
2026-08-20T11:26:45.070,44.771,4.91,-172.21,0.1853,Teralih,Ma et al. (2s eye / 3s yaw),baca_buku
2026-08-20T11:26:45.105,44.806,5.04,-172.44,0.188,Teralih,Ma et al. (2s eye / 3s yaw),baca_buku
2026-08-20T11:26:45.141,44.841,5.03,-172.71,0.1887,Teralih,Ma et al. (2s eye / 3s yaw),baca_buku
2026-08-20T11:26:45.176,44.876,5.21,-172.85,0.1911,Teralih,Ma et al. (2s eye / 3s yaw),baca_buku
2026-08-20T11:26:45.210,44.911,5.31,-173.11,0.1906,Teralih,Ma et al. (2s eye / 3s yaw),baca_buku
2026-08-20T11:26:45.245,44.946,5.82,-172.99,0.1857,Teralih,Ma et al. (2s eye / 3s yaw),baca_buku
2026-08-20T11:26:45.277,44.977,6.19,-172.84,0.1834,Teralih,Ma et al. (2s eye / 3s yaw),baca_buku
2026-08-20T11:26:45.309,45.01,4.4,-172.77,0.1834,Teralih,Ma et al. (2s eye / 3s yaw),baca_buku
2026-08-20T11:26:45.344,45.044,4.37,-172.7,0.179,Teralih,Ma et al. (2s eye / 3s yaw),baca_buku
2026-08-20T11:26:45.378,45.079,6.48,-172.63,0.179,Teralih,Ma et al. (2s eye / 3s yaw),baca_buku
2026-08-20T11:26:45.413,45.113,8.66,-172.62,0.1879,Teralih,Ma et al. (2s eye / 3s yaw),baca_buku
2026-08-20T11:26:45.448,45.148,8.8,-172.18,0.1772,Teralih,Ma et al. (2s eye / 3s yaw),baca_buku
2026-08-20T11:26:45.483,45.184,9.87,-172.18,0.1718,Teralih,Ma et al. (2s eye / 3s yaw),baca_buku
2026-08-20T11:26:45.518,45.218,10.5,-172.41,0.1702,Teralih,Ma et al. (2s eye / 3s yaw),baca_buku
2026-08-20T11:26:45.553,45.253,13.09,-172.07,0.1769,Teralih,Ma et al. (2s eye / 3s yaw),baca_buku
2026-08-20T11:26:45.588,45.288,12.77,-172.27,0.1815,Teralih,Ma et al. (2s eye / 3s yaw),baca_buku
2026-08-20T11:26:45.622,45.323,13.1,-171.95,0.1772,Teralih,Ma et al. (2s eye / 3s yaw),baca_buku
2026-08-20T11:26:45.657,45.358,12.94,-171.98,0.1761,Teralih,Ma et al. (2s eye / 3s yaw),baca_buku
2026-08-20T11:26:45.691,45.392,12.79,-172.11,0.1778,Teralih,Ma et al. (2s eye / 3s yaw),baca_buku
2026-08-20T11:26:45.727,45.427,12.47,-172.11,0.18,Teralih,Ma et al. (2s eye / 3s yaw),baca_buku
2026-08-20T11:26:45.761,45.462,13.58,-171.98,0.1774,Teralih,Ma et al. (2s eye / 3s yaw),baca_buku
2026-08-20T11:26:45.795,45.496,13.83,-172.06,0.1764,Teralih,Ma et al. (2s eye / 3s yaw),baca_buku
2026-08-20T11:26:45.829,45.53,13.83,-172.11,0.1809,Teralih,Ma et al. (2s eye / 3s yaw),baca_buku
2026-08-20T11:26:45.864,45.565,14.8,-172.07,0.1833,Teralih,Ma et al. (2s eye / 3s yaw),baca_buku
2026-08-20T11:26:45.899,45.6,15.44,-172.17,0.185,Teralih,Ma et al. (2s eye / 3s yaw),baca_buku
2026-08-20T11:26:45.935,45.635,16.5,-172.12,0.1861,Teralih,Ma et al. (2s eye / 3s yaw),baca_buku
2026-08-20T11:26:45.968,45.669,17.02,-172.07,0.1862,Teralih,Ma et al. (2s eye / 3s yaw),baca_buku
2026-08-20T11:26:46.003,45.704,15.94,-172.01,0.1791,Teralih,Ma et al. (2s eye / 3s yaw),baca_buku
2026-08-20T11:26:46.037,45.738,15.82,-171.93,0.1767,Teralih,Ma et al. (2s eye / 3s yaw),baca_buku
2026-08-20T11:26:46.072,45.773,16.1,-171.91,0.1773,Teralih,Ma et al. (2s eye / 3s yaw),baca_buku
2026-08-20T11:26:46.108,45.808,16.43,-171.91,0.1772,Teralih,Ma et al. (2s eye / 3s yaw),baca_buku
2026-08-20T11:26:46.143,45.843,16.83,-171.81,0.1797,Teralih,Ma et al. (2s eye / 3s yaw),baca_buku
2026-08-20T11:26:46.178,45.879,17.3,-171.66,0.1807,Teralih,Ma et al. (2s eye / 3s yaw),baca_buku
2026-08-20T11:26:46.213,45.913,16.87,-171.61,0.1767,Teralih,Ma et al. (2s eye / 3s yaw),baca_buku
2026-08-20T11:26:46.248,45.948,17.0,-171.57,0.175,Teralih,Ma et al. (2s eye / 3s yaw),baca_buku
2026-08-20T11:26:46.282,45.983,16.64,-171.64,0.1764,Teralih,Ma et al. (2s eye / 3s yaw),baca_buku
2026-08-20T11:26:46.318,46.018,16.71,-171.58,0.1754,Teralih,Ma et al. (2s eye / 3s yaw),baca_buku
2026-08-20T11:26:46.353,46.054,16.73,-171.71,0.1763,Teralih,Ma et al. (2s eye / 3s yaw),baca_buku
2026-08-20T11:26:46.389,46.09,16.4,-171.83,0.1778,Teralih,Ma et al. (2s eye / 3s yaw),baca_buku
2026-08-20T11:26:46.425,46.126,16.4,-171.8,0.1768,Teralih,Ma et al. (2s eye / 3s yaw),baca_buku
2026-08-20T11:26:46.459,46.16,16.37,-171.69,0.1771,Teralih,Ma et al. (2s eye / 3s yaw),baca_buku
2026-08-20T11:26:46.495,46.195,16.28,-171.69,0.1781,Teralih,Ma et al. (2s eye / 3s yaw),baca_buku
2026-08-20T11:26:46.528,46.229,16.23,-171.74,0.1765,Teralih,Ma et al. (2s eye / 3s yaw),baca_buku
2026-08-20T11:26:46.562,46.263,16.23,-171.79,0.1769,Teralih,Ma et al. (2s eye / 3s yaw),baca_buku
2026-08-20T11:26:46.598,46.298,16.52,-171.8,0.1801,Teralih,Ma et al. (2s eye / 3s yaw),baca_buku
2026-08-20T11:26:46.632,46.333,16.6,-171.87,0.1781,Teralih,Ma et al. (2s eye / 3s yaw),baca_buku
2026-08-20T11:26:46.667,46.368,16.55,-171.93,0.1817,Teralih,Ma et al. (2s eye / 3s yaw),baca_buku
2026-08-20T11:26:46.702,46.403,16.67,-171.83,0.1777,Teralih,Ma et al. (2s eye / 3s yaw),baca_buku
2026-08-20T11:26:46.732,46.432,16.53,-171.79,0.1759,Teralih,Ma et al. (2s eye / 3s yaw),baca_buku
2026-08-20T11:26:46.752,46.452,16.68,-171.79,0.179,Teralih,Ma et al. (2s eye / 3s yaw),baca_buku
2026-08-20T11:26:46.773,46.474,16.7,-171.85,0.179,Teralih,Ma et al. (2s eye / 3s yaw),baca_buku
2026-08-20T11:26:46.805,46.506,16.56,-171.82,0.18,Teralih,Ma et al. (2s eye / 3s yaw),baca_buku
2026-08-20T11:26:46.840,46.541,16.78,-171.78,0.179,Teralih,Ma et al. (2s eye / 3s yaw),baca_buku
2026-08-20T11:26:46.875,46.575,16.72,-171.69,0.1767,Teralih,Ma et al. (2s eye / 3s yaw),baca_buku
2026-08-20T11:26:46.909,46.61,16.96,-171.86,0.1777,Teralih,Ma et al. (2s eye / 3s yaw),baca_buku
2026-08-20T11:26:46.943,46.644,16.95,-171.91,0.1768,Teralih,Ma et al. (2s eye / 3s yaw),baca_buku
2026-08-20T11:26:46.977,46.678,17.06,-171.99,0.1775,Teralih,Ma et al. (2s eye / 3s yaw),baca_buku
2026-08-20T11:26:47.009,46.709,17.29,-172.08,0.1774,Teralih,Ma et al. (2s eye / 3s yaw),baca_buku
2026-08-20T11:26:47.043,46.744,17.23,-171.99,0.1791,Teralih,Ma et al. (2s eye / 3s yaw),baca_buku
2026-08-20T11:26:47.078,46.778,16.92,-171.92,0.1746,Teralih,Ma et al. (2s eye / 3s yaw),baca_buku
2026-08-20T11:26:47.113,46.814,16.65,-172.0,0.1736,Teralih,Ma et al. (2s eye / 3s yaw),baca_buku
2026-08-20T11:26:47.148,46.848,16.44,-171.99,0.1721,Teralih,Ma et al. (2s eye / 3s yaw),baca_buku
2026-08-20T11:26:47.181,46.882,16.5,-171.98,0.1706,Teralih,Ma et al. (2s eye / 3s yaw),baca_buku
2026-08-20T11:26:47.209,46.909,16.56,-171.96,0.1699,Teralih,Ma et al. (2s eye / 3s yaw),baca_buku
2026-08-20T11:26:47.230,46.931,16.84,-171.9,0.1707,Teralih,Ma et al. (2s eye / 3s yaw),baca_buku
2026-08-20T11:26:47.249,46.949,17.1,-171.85,0.1699,Teralih,Ma et al. (2s eye / 3s yaw),baca_buku
2026-08-20T11:26:47.271,46.971,17.02,-171.84,0.1693,Teralih,Ma et al. (2s eye / 3s yaw),baca_buku
2026-08-20T11:26:47.303,47.004,17.1,-171.86,0.1699,Teralih,Ma et al. (2s eye / 3s yaw),baca_buku
2026-08-20T11:26:47.336,47.036,16.98,-171.93,0.1709,Teralih,Ma et al. (2s eye / 3s yaw),baca_buku
2026-08-20T11:26:47.370,47.07,17.07,-171.96,0.1728,Teralih,Ma et al. (2s eye / 3s yaw),baca_buku
2026-08-20T11:26:47.404,47.105,17.25,-171.99,0.1759,Teralih,Ma et al. (2s eye / 3s yaw),baca_buku
2026-08-20T11:26:47.439,47.139,17.75,-171.95,0.1775,Teralih,Ma et al. (2s eye / 3s yaw),baca_buku
2026-08-20T11:26:47.474,47.174,17.98,-171.98,0.1791,Teralih,Ma et al. (2s eye / 3s yaw),baca_buku
2026-08-20T11:26:47.508,47.209,17.91,-172.02,0.1779,Teralih,Ma et al. (2s eye / 3s yaw),baca_buku
2026-08-20T11:26:47.544,47.244,18.07,-171.84,0.1791,Teralih,Ma et al. (2s eye / 3s yaw),baca_buku
2026-08-20T11:26:47.578,47.279,18.1,-171.79,0.1809,Teralih,Ma et al. (2s eye / 3s yaw),baca_buku
2026-08-20T11:26:47.611,47.311,17.82,-171.83,0.1815,Teralih,Ma et al. (2s eye / 3s yaw),baca_buku
2026-08-20T11:26:47.646,47.347,18.05,-171.87,0.1823,Teralih,Ma et al. (2s eye / 3s yaw),baca_buku
2026-08-20T11:26:47.680,47.381,17.53,-171.78,0.1726,Teralih,Ma et al. (2s eye / 3s yaw),baca_buku
2026-08-20T11:26:47.715,47.415,17.53,-171.83,0.1715,Teralih,Ma et al. (2s eye / 3s yaw),baca_buku
2026-08-20T11:26:47.749,47.45,17.61,-171.82,0.1735,Teralih,Ma et al. (2s eye / 3s yaw),baca_buku
2026-08-20T11:26:47.784,47.485,17.59,-171.8,0.174,Teralih,Ma et al. (2s eye / 3s yaw),baca_buku
2026-08-20T11:26:47.819,47.52,17.44,-171.81,0.1714,Teralih,Ma et al. (2s eye / 3s yaw),baca_buku
2026-08-20T11:26:47.854,47.555,17.35,-171.82,0.1719,Teralih,Ma et al. (2s eye / 3s yaw),baca_buku
2026-08-20T11:26:47.889,47.589,17.43,-171.75,0.1735,Teralih,Ma et al. (2s eye / 3s yaw),baca_buku
2026-08-20T11:26:47.924,47.624,17.43,-171.75,0.1737,Teralih,Ma et al. (2s eye / 3s yaw),baca_buku
2026-08-20T11:26:47.958,47.659,17.59,-171.76,0.1746,Teralih,Ma et al. (2s eye / 3s yaw),baca_buku
2026-08-20T11:26:47.987,47.687,17.68,-171.73,0.1749,Teralih,Ma et al. (2s eye / 3s yaw),baca_buku
2026-08-20T11:26:48.007,47.708,17.49,-171.71,0.1741,Teralih,Ma et al. (2s eye / 3s yaw),baca_buku
2026-08-20T11:26:48.027,47.727,17.49,-171.71,0.1739,Teralih,Ma et al. (2s eye / 3s yaw),baca_buku
2026-08-20T11:26:48.061,47.761,17.58,-171.75,0.1746,Teralih,Ma et al. (2s eye / 3s yaw),baca_buku
2026-08-20T11:26:48.095,47.795,17.55,-171.67,0.1746,Teralih,Ma et al. (2s eye / 3s yaw),baca_buku
2026-08-20T11:26:48.132,47.832,17.34,-171.72,0.1734,Teralih,Ma et al. (2s eye / 3s yaw),baca_buku
2026-08-20T11:26:48.168,47.868,17.36,-171.66,0.1737,Teralih,Ma et al. (2s eye / 3s yaw),baca_buku
2026-08-20T11:26:48.203,47.903,17.46,-171.78,0.1775,Teralih,Ma et al. (2s eye / 3s yaw),baca_buku
2026-08-20T11:26:48.236,47.937,17.64,-171.8,0.1789,Teralih,Ma et al. (2s eye / 3s yaw),baca_buku
2026-08-20T11:26:48.271,47.971,17.5,-171.83,0.1793,Teralih,Ma et al. (2s eye / 3s yaw),baca_buku
2026-08-20T11:26:48.306,48.006,17.55,-171.84,0.1785,Teralih,Ma et al. (2s eye / 3s yaw),baca_buku
2026-08-20T11:26:48.341,48.042,17.27,-171.9,0.1778,Teralih,Ma et al. (2s eye / 3s yaw),baca_buku
2026-08-20T11:26:48.375,48.076,17.39,-171.93,0.1787,Teralih,Ma et al. (2s eye / 3s yaw),baca_buku
2026-08-20T11:26:48.410,48.11,17.47,-171.92,0.1778,Teralih,Ma et al. (2s eye / 3s yaw),baca_buku
2026-08-20T11:26:48.445,48.146,17.53,-171.96,0.1788,Teralih,Ma et al. (2s eye / 3s yaw),baca_buku
2026-08-20T11:26:48.479,48.18,17.45,-171.93,0.1775,Teralih,Ma et al. (2s eye / 3s yaw),baca_buku
2026-08-20T11:26:48.515,48.216,17.73,-171.93,0.1774,Teralih,Ma et al. (2s eye / 3s yaw),baca_buku
2026-08-20T11:26:48.551,48.251,17.76,-171.92,0.1787,Teralih,Ma et al. (2s eye / 3s yaw),baca_buku
2026-08-20T11:26:48.585,48.286,17.73,-171.88,0.1794,Teralih,Ma et al. (2s eye / 3s yaw),baca_buku
2026-08-20T11:26:48.619,48.32,17.23,-171.81,0.1779,Teralih,Ma et al. (2s eye / 3s yaw),baca_buku
2026-08-20T11:26:48.653,48.354,17.19,-171.81,0.1765,Teralih,Ma et al. (2s eye / 3s yaw),baca_buku
2026-08-20T11:26:48.687,48.388,16.97,-171.82,0.1746,Teralih,Ma et al. (2s eye / 3s yaw),baca_buku
2026-08-20T11:26:48.722,48.423,17.36,-171.83,0.1742,Teralih,Ma et al. (2s eye / 3s yaw),baca_buku
2026-08-20T11:26:48.759,48.459,17.33,-171.87,0.1746,Teralih,Ma et al. (2s eye / 3s yaw),baca_buku
2026-08-20T11:26:48.792,48.493,17.3,-171.89,0.1732,Teralih,Ma et al. (2s eye / 3s yaw),baca_buku
2026-08-20T11:26:48.827,48.528,17.23,-171.97,0.1733,Teralih,Ma et al. (2s eye / 3s yaw),baca_buku
2026-08-20T11:26:48.861,48.561,17.16,-171.95,0.1735,Teralih,Ma et al. (2s eye / 3s yaw),baca_buku
2026-08-20T11:26:48.890,48.591,17.24,-171.97,0.1741,Teralih,Ma et al. (2s eye / 3s yaw),baca_buku
2026-08-20T11:26:48.925,48.625,17.29,-171.92,0.1758,Teralih,Ma et al. (2s eye / 3s yaw),baca_buku
2026-08-20T11:26:48.960,48.66,17.08,-171.97,0.1756,Teralih,Ma et al. (2s eye / 3s yaw),baca_buku
2026-08-20T11:26:48.995,48.696,16.96,-171.97,0.1735,Teralih,Ma et al. (2s eye / 3s yaw),baca_buku
2026-08-20T11:26:49.029,48.73,16.63,-171.77,0.1719,Teralih,Ma et al. (2s eye / 3s yaw),baca_buku
2026-08-20T11:26:49.064,48.764,16.72,-171.78,0.1724,Teralih,Ma et al. (2s eye / 3s yaw),baca_buku
2026-08-20T11:26:49.099,48.8,16.65,-171.76,0.1724,Teralih,Ma et al. (2s eye / 3s yaw),baca_buku
2026-08-20T11:26:49.135,48.836,16.71,-171.87,0.1748,Teralih,Ma et al. (2s eye / 3s yaw),baca_buku
2026-08-20T11:26:49.171,48.871,16.96,-171.79,0.1739,Teralih,Ma et al. (2s eye / 3s yaw),baca_buku
2026-08-20T11:26:49.207,48.907,17.07,-171.82,0.1763,Teralih,Ma et al. (2s eye / 3s yaw),baca_buku
2026-08-20T11:26:49.242,48.943,17.15,-171.78,0.1745,Teralih,Ma et al. (2s eye / 3s yaw),baca_buku
2026-08-20T11:26:49.277,48.978,17.12,-171.85,0.1764,Teralih,Ma et al. (2s eye / 3s yaw),baca_buku
2026-08-20T11:26:49.312,49.012,16.96,-171.98,0.1757,Teralih,Ma et al. (2s eye / 3s yaw),baca_buku
2026-08-20T11:26:49.348,49.048,16.98,-172.06,0.176,Teralih,Ma et al. (2s eye / 3s yaw),baca_buku
2026-08-20T11:26:49.383,49.084,17.0,-172.05,0.1746,Teralih,Ma et al. (2s eye / 3s yaw),baca_buku
2026-08-20T11:26:49.417,49.118,16.92,-172.25,0.1759,Teralih,Ma et al. (2s eye / 3s yaw),baca_buku
2026-08-20T11:26:49.452,49.152,16.83,-172.11,0.1754,Teralih,Ma et al. (2s eye / 3s yaw),baca_buku
2026-08-20T11:26:49.486,49.187,16.94,-172.03,0.1739,Teralih,Ma et al. (2s eye / 3s yaw),baca_buku
2026-08-20T11:26:49.520,49.221,16.79,-172.04,0.173,Teralih,Ma et al. (2s eye / 3s yaw),baca_buku
2026-08-20T11:26:49.545,49.246,16.67,-172.03,0.1731,Teralih,Ma et al. (2s eye / 3s yaw),baca_buku
2026-08-20T11:26:49.569,49.27,16.89,-172.1,0.1747,Teralih,Ma et al. (2s eye / 3s yaw),baca_buku
2026-08-20T11:26:49.592,49.293,16.96,-171.98,0.1716,Teralih,Ma et al. (2s eye / 3s yaw),baca_buku
2026-08-20T11:26:49.612,49.312,17.09,-171.9,0.1713,Teralih,Ma et al. (2s eye / 3s yaw),baca_buku
2026-08-20T11:26:49.632,49.332,17.2,-171.93,0.1716,Teralih,Ma et al. (2s eye / 3s yaw),baca_buku
2026-08-20T11:26:49.671,49.372,17.31,-172.01,0.1721,Teralih,Ma et al. (2s eye / 3s yaw),baca_buku
2026-08-20T11:26:49.705,49.406,17.28,-172.1,0.1723,Teralih,Ma et al. (2s eye / 3s yaw),baca_buku
2026-08-20T11:26:49.742,49.442,17.32,-172.09,0.1732,Teralih,Ma et al. (2s eye / 3s yaw),baca_buku
2026-08-20T11:26:49.777,49.478,16.85,-171.9,0.1708,Teralih,Ma et al. (2s eye / 3s yaw),baca_buku
2026-08-20T11:26:49.812,49.513,16.9,-171.69,0.1691,Teralih,Ma et al. (2s eye / 3s yaw),baca_buku
2026-08-20T11:26:49.847,49.548,17.33,-171.61,0.1705,Teralih,Ma et al. (2s eye / 3s yaw),baca_buku
2026-08-20T11:26:49.883,49.583,16.94,-172.03,0.169,Teralih,Ma et al. (2s eye / 3s yaw),baca_buku
2026-08-20T11:26:49.917,49.618,17.23,-172.07,0.1667,Teralih,Ma et al. (2s eye / 3s yaw),baca_buku
2026-08-20T11:26:49.951,49.652,17.23,-172.08,0.1672,Teralih,Ma et al. (2s eye / 3s yaw),baca_buku
2026-08-20T11:26:49.985,49.686,17.29,-172.09,0.1673,Teralih,Ma et al. (2s eye / 3s yaw),baca_buku
2026-08-20T11:26:50.020,49.721,16.94,-172.13,0.1669,Teralih,Ma et al. (2s eye / 3s yaw),baca_buku
2026-08-20T11:26:50.055,49.756,17.28,-171.93,0.1678,Teralih,Ma et al. (2s eye / 3s yaw),baca_buku
2026-08-20T11:26:50.090,49.79,17.2,-171.94,0.1638,Teralih,Ma et al. (2s eye / 3s yaw),baca_buku
2026-08-20T11:26:50.123,49.824,17.23,-172.0,0.1632,Teralih,Ma et al. (2s eye / 3s yaw),baca_buku
2026-08-20T11:26:50.159,49.859,17.3,-172.02,0.1658,Teralih,Ma et al. (2s eye / 3s yaw),baca_buku
2026-08-20T11:26:50.194,49.895,17.57,-172.21,0.1667,Teralih,Ma et al. (2s eye / 3s yaw),baca_buku
2026-08-20T11:26:50.229,49.93,17.53,-172.25,0.1671,Teralih,Ma et al. (2s eye / 3s yaw),baca_buku
2026-08-20T11:26:50.259,49.959,17.48,-172.33,0.1655,Teralih,Ma et al. (2s eye / 3s yaw),baca_buku
2026-08-20T11:26:50.288,49.989,17.26,-172.28,0.165,Teralih,Ma et al. (2s eye / 3s yaw),baca_buku
2026-08-20T11:26:50.323,50.024,17.39,-172.31,0.1662,Teralih,Ma et al. (2s eye / 3s yaw),baca_buku
2026-08-20T11:26:50.359,50.06,17.55,-172.26,0.1677,Teralih,Ma et al. (2s eye / 3s yaw),baca_buku
2026-08-20T11:26:50.395,50.095,17.46,-172.45,0.1702,Teralih,Ma et al. (2s eye / 3s yaw),baca_buku
2026-08-20T11:26:50.426,50.127,17.43,-172.4,0.1745,Teralih,Ma et al. (2s eye / 3s yaw),baca_buku
2026-08-20T11:26:50.453,50.154,17.54,-172.35,0.1728,Teralih,Ma et al. (2s eye / 3s yaw),baca_buku
2026-08-20T11:26:50.487,50.188,17.6,-172.37,0.1734,Teralih,Ma et al. (2s eye / 3s yaw),baca_buku
2026-08-20T11:26:50.522,50.223,17.67,-172.36,0.1759,Teralih,Ma et al. (2s eye / 3s yaw),baca_buku
2026-08-20T11:26:50.557,50.258,17.86,-172.32,0.1769,Teralih,Ma et al. (2s eye / 3s yaw),baca_buku
2026-08-20T11:26:50.592,50.293,17.58,-172.38,0.177,Teralih,Ma et al. (2s eye / 3s yaw),baca_buku
2026-08-20T11:26:50.628,50.329,18.01,-172.35,0.1762,Teralih,Ma et al. (2s eye / 3s yaw),baca_buku
2026-08-20T11:26:50.663,50.363,17.6,-172.44,0.174,Teralih,Ma et al. (2s eye / 3s yaw),baca_buku
2026-08-20T11:26:50.698,50.399,17.65,-172.44,0.1741,Teralih,Ma et al. (2s eye / 3s yaw),baca_buku
2026-08-20T11:26:50.733,50.434,17.79,-172.39,0.1731,Teralih,Ma et al. (2s eye / 3s yaw),baca_buku
2026-08-20T11:26:50.765,50.465,17.76,-172.5,0.1749,Teralih,Ma et al. (2s eye / 3s yaw),baca_buku
2026-08-20T11:26:50.788,50.489,17.75,-172.46,0.1739,Teralih,Ma et al. (2s eye / 3s yaw),baca_buku
2026-08-20T11:26:50.807,50.507,17.74,-172.43,0.1738,Teralih,Ma et al. (2s eye / 3s yaw),baca_buku
2026-08-20T11:26:50.831,50.531,17.63,-172.45,0.1742,Teralih,Ma et al. (2s eye / 3s yaw),baca_buku
2026-08-20T11:26:50.875,50.576,17.71,-172.34,0.1736,Teralih,Ma et al. (2s eye / 3s yaw),baca_buku
2026-08-20T11:26:50.911,50.612,17.57,-172.32,0.1722,Teralih,Ma et al. (2s eye / 3s yaw),baca_buku
2026-08-20T11:26:50.945,50.646,17.93,-172.5,0.175,Teralih,Ma et al. (2s eye / 3s yaw),baca_buku
2026-08-20T11:26:50.981,50.682,17.99,-172.44,0.1755,Teralih,Ma et al. (2s eye / 3s yaw),baca_buku
2026-08-20T11:26:51.016,50.716,18.12,-172.42,0.1785,Teralih,Ma et al. (2s eye / 3s yaw),baca_buku
2026-08-20T11:26:51.051,50.751,17.86,-172.48,0.1765,Teralih,Ma et al. (2s eye / 3s yaw),baca_buku
2026-08-20T11:26:51.085,50.786,17.88,-172.47,0.1772,Teralih,Ma et al. (2s eye / 3s yaw),baca_buku
2026-08-20T11:26:51.120,50.821,17.72,-172.31,0.1794,Teralih,Ma et al. (2s eye / 3s yaw),baca_buku
2026-08-20T11:26:51.155,50.856,17.76,-172.13,0.1825,Teralih,Ma et al. (2s eye / 3s yaw),baca_buku
2026-08-20T11:26:51.186,50.886,17.86,-172.17,0.1808,Teralih,Ma et al. (2s eye / 3s yaw),baca_buku
2026-08-20T11:26:51.212,50.913,17.84,-172.14,0.1801,Teralih,Ma et al. (2s eye / 3s yaw),baca_buku
2026-08-20T11:26:51.240,50.941,17.66,-172.26,0.1774,Teralih,Ma et al. (2s eye / 3s yaw),baca_buku
2026-08-20T11:26:51.279,50.98,17.68,-172.21,0.175,Teralih,Ma et al. (2s eye / 3s yaw),baca_buku
2026-08-20T11:26:51.316,51.016,17.78,-172.17,0.1776,Teralih,Ma et al. (2s eye / 3s yaw),baca_buku
2026-08-20T11:26:51.344,51.045,17.76,-172.16,0.176,Teralih,Ma et al. (2s eye / 3s yaw),baca_buku
2026-08-20T11:26:51.380,51.08,18.01,-172.28,0.1781,Teralih,Ma et al. (2s eye / 3s yaw),baca_buku
2026-08-20T11:26:51.416,51.116,17.81,-172.26,0.1791,Teralih,Ma et al. (2s eye / 3s yaw),baca_buku
2026-08-20T11:26:51.450,51.151,17.72,-172.29,0.1796,Teralih,Ma et al. (2s eye / 3s yaw),baca_buku
2026-08-20T11:26:51.485,51.185,17.32,-172.18,0.1779,Teralih,Ma et al. (2s eye / 3s yaw),baca_buku
2026-08-20T11:26:51.520,51.22,17.06,-172.2,0.1775,Teralih,Ma et al. (2s eye / 3s yaw),baca_buku
2026-08-20T11:26:51.554,51.254,17.01,-172.15,0.176,Teralih,Ma et al. (2s eye / 3s yaw),baca_buku
2026-08-20T11:26:51.589,51.29,17.0,-172.23,0.1771,Teralih,Ma et al. (2s eye / 3s yaw),baca_buku
2026-08-20T11:26:51.623,51.324,17.69,-172.16,0.177,Teralih,Ma et al. (2s eye / 3s yaw),baca_buku
2026-08-20T11:26:51.658,51.359,17.86,-172.22,0.1759,Teralih,Ma et al. (2s eye / 3s yaw),baca_buku
2026-08-20T11:26:51.687,51.388,17.87,-172.28,0.1753,Teralih,Ma et al. (2s eye / 3s yaw),baca_buku
2026-08-20T11:26:51.721,51.422,17.83,-172.32,0.1736,Teralih,Ma et al. (2s eye / 3s yaw),baca_buku
2026-08-20T11:26:51.755,51.456,17.78,-172.24,0.1724,Teralih,Ma et al. (2s eye / 3s yaw),baca_buku
2026-08-20T11:26:51.790,51.491,17.79,-172.22,0.1716,Teralih,Ma et al. (2s eye / 3s yaw),baca_buku
2026-08-20T11:26:51.825,51.526,17.21,-172.35,0.1709,Teralih,Ma et al. (2s eye / 3s yaw),baca_buku
2026-08-20T11:26:51.860,51.56,17.2,-172.4,0.1705,Teralih,Ma et al. (2s eye / 3s yaw),baca_buku
2026-08-20T11:26:51.895,51.595,17.21,-172.32,0.1691,Teralih,Ma et al. (2s eye / 3s yaw),baca_buku
2026-08-20T11:26:51.929,51.63,17.2,-172.35,0.1691,Teralih,Ma et al. (2s eye / 3s yaw),baca_buku
2026-08-20T11:26:51.964,51.664,17.73,-172.22,0.1695,Teralih,Ma et al. (2s eye / 3s yaw),baca_buku
2026-08-20T11:26:51.999,51.7,17.76,-172.31,0.1688,Teralih,Ma et al. (2s eye / 3s yaw),baca_buku
2026-08-20T11:26:52.034,51.735,17.89,-172.45,0.168,Teralih,Ma et al. (2s eye / 3s yaw),baca_buku
2026-08-20T11:26:52.069,51.769,18.05,-172.49,0.1714,Teralih,Ma et al. (2s eye / 3s yaw),baca_buku
2026-08-20T11:26:52.104,51.805,18.22,-172.57,0.1716,Teralih,Ma et al. (2s eye / 3s yaw),baca_buku
2026-08-20T11:26:52.139,51.839,18.28,-172.57,0.1703,Teralih,Ma et al. (2s eye / 3s yaw),baca_buku
2026-08-20T11:26:52.172,51.873,18.17,-172.53,0.1696,Teralih,Ma et al. (2s eye / 3s yaw),baca_buku
2026-08-20T11:26:52.203,51.904,18.11,-172.52,0.1692,Teralih,Ma et al. (2s eye / 3s yaw),baca_buku
2026-08-20T11:26:52.237,51.938,18.02,-172.58,0.1678,Teralih,Ma et al. (2s eye / 3s yaw),baca_buku
2026-08-20T11:26:52.271,51.972,17.96,-172.52,0.1673,Teralih,Ma et al. (2s eye / 3s yaw),baca_buku
2026-08-20T11:26:52.305,52.006,18.03,-172.51,0.17,Teralih,Ma et al. (2s eye / 3s yaw),baca_buku
2026-08-20T11:26:52.341,52.041,17.84,-172.43,0.167,Teralih,Ma et al. (2s eye / 3s yaw),baca_buku
2026-08-20T11:26:52.374,52.075,17.91,-172.43,0.1678,Teralih,Ma et al. (2s eye / 3s yaw),baca_buku
2026-08-20T11:26:52.409,52.11,17.9,-172.46,0.1675,Teralih,Ma et al. (2s eye / 3s yaw),baca_buku
2026-08-20T11:26:52.444,52.145,17.9,-172.37,0.1675,Teralih,Ma et al. (2s eye / 3s yaw),baca_buku
2026-08-20T11:26:52.479,52.179,17.87,-172.42,0.1699,Teralih,Ma et al. (2s eye / 3s yaw),baca_buku
2026-08-20T11:26:52.513,52.213,17.83,-172.4,0.1712,Teralih,Ma et al. (2s eye / 3s yaw),baca_buku
2026-08-20T11:26:52.547,52.248,17.5,-172.16,0.1705,Teralih,Ma et al. (2s eye / 3s yaw),baca_buku
2026-08-20T11:26:52.582,52.283,17.43,-172.18,0.1692,Teralih,Ma et al. (2s eye / 3s yaw),baca_buku
2026-08-20T11:26:52.616,52.317,17.55,-172.01,0.168,Teralih,Ma et al. (2s eye / 3s yaw),baca_buku
2026-08-20T11:26:52.651,52.351,17.5,-172.13,0.1702,Teralih,Ma et al. (2s eye / 3s yaw),baca_buku
2026-08-20T11:26:52.685,52.386,17.51,-172.09,0.1687,Teralih,Ma et al. (2s eye / 3s yaw),baca_buku
2026-08-20T11:26:52.716,52.416,17.36,-172.26,0.1688,Teralih,Ma et al. (2s eye / 3s yaw),baca_buku
2026-08-20T11:26:52.735,52.436,17.45,-172.29,0.1698,Teralih,Ma et al. (2s eye / 3s yaw),baca_buku
2026-08-20T11:26:52.754,52.455,17.37,-172.29,0.1688,Teralih,Ma et al. (2s eye / 3s yaw),baca_buku
2026-08-20T11:26:52.774,52.475,17.62,-172.36,0.1695,Teralih,Ma et al. (2s eye / 3s yaw),baca_buku
2026-08-20T11:26:52.811,52.512,17.49,-172.32,0.1694,Teralih,Ma et al. (2s eye / 3s yaw),baca_buku
2026-08-20T11:26:52.845,52.545,17.35,-172.47,0.1706,Teralih,Ma et al. (2s eye / 3s yaw),baca_buku
2026-08-20T11:26:52.884,52.584,17.26,-172.46,0.1702,Teralih,Ma et al. (2s eye / 3s yaw),baca_buku
2026-08-20T11:26:52.916,52.616,17.28,-172.27,0.1667,Teralih,Ma et al. (2s eye / 3s yaw),baca_buku
2026-08-20T11:26:52.955,52.656,17.26,-172.36,0.1654,Teralih,Ma et al. (2s eye / 3s yaw),baca_buku
2026-08-20T11:26:52.980,52.681,17.3,-172.32,0.167,Teralih,Ma et al. (2s eye / 3s yaw),baca_buku
2026-08-20T11:26:53.021,52.722,17.41,-172.32,0.1662,Teralih,Ma et al. (2s eye / 3s yaw),baca_buku
2026-08-20T11:26:53.061,52.762,17.43,-172.21,0.1646,Teralih,Ma et al. (2s eye / 3s yaw),baca_buku
2026-08-20T11:26:53.094,52.794,17.41,-172.22,0.1652,Teralih,Ma et al. (2s eye / 3s yaw),baca_buku
2026-08-20T11:26:53.116,52.816,17.27,-172.22,0.1638,Teralih,Ma et al. (2s eye / 3s yaw),baca_buku
2026-08-20T11:26:53.146,52.846,17.32,-172.23,0.1626,Teralih,Ma et al. (2s eye / 3s yaw),baca_buku
2026-08-20T11:26:53.187,52.888,17.41,-172.19,0.1627,Teralih,Ma et al. (2s eye / 3s yaw),baca_buku
2026-08-20T11:26:53.223,52.923,17.59,-172.25,0.1654,Teralih,Ma et al. (2s eye / 3s yaw),baca_buku
2026-08-20T11:26:53.257,52.958,17.7,-172.48,0.168,Teralih,Ma et al. (2s eye / 3s yaw),baca_buku
2026-08-20T11:26:53.291,52.992,17.81,-172.51,0.1696,Teralih,Ma et al. (2s eye / 3s yaw),baca_buku
2026-08-20T11:26:53.322,53.023,17.56,-172.65,0.1716,Teralih,Ma et al. (2s eye / 3s yaw),baca_buku
2026-08-20T11:26:53.352,53.053,17.54,-172.51,0.1697,Teralih,Ma et al. (2s eye / 3s yaw),baca_buku
2026-08-20T11:26:53.384,53.084,17.29,-172.5,0.1686,Teralih,Ma et al. (2s eye / 3s yaw),baca_buku
2026-08-20T11:26:53.421,53.122,16.95,-172.47,0.1649,Teralih,Ma et al. (2s eye / 3s yaw),baca_buku
2026-08-20T11:26:53.456,53.156,16.83,-172.5,0.1649,Teralih,Ma et al. (2s eye / 3s yaw),baca_buku
2026-08-20T11:26:53.492,53.193,17.0,-172.48,0.1636,Teralih,Ma et al. (2s eye / 3s yaw),baca_buku
2026-08-20T11:26:53.528,53.228,17.01,-172.57,0.1673,Teralih,Ma et al. (2s eye / 3s yaw),baca_buku
2026-08-20T11:26:53.563,53.264,16.91,-172.68,0.1657,Teralih,Ma et al. (2s eye / 3s yaw),baca_buku
2026-08-20T11:26:53.598,53.299,16.93,-172.67,0.1643,Teralih,Ma et al. (2s eye / 3s yaw),baca_buku
2026-08-20T11:26:53.634,53.335,17.15,-172.67,0.1659,Teralih,Ma et al. (2s eye / 3s yaw),baca_buku
2026-08-20T11:26:53.662,53.363,16.85,-172.52,0.1634,Teralih,Ma et al. (2s eye / 3s yaw),baca_buku
2026-08-20T11:26:53.681,53.382,17.13,-172.4,0.1623,Teralih,Ma et al. (2s eye / 3s yaw),baca_buku
2026-08-20T11:26:53.714,53.415,17.14,-172.42,0.1606,Teralih,Ma et al. (2s eye / 3s yaw),baca_buku
2026-08-20T11:26:53.754,53.454,17.13,-172.33,0.1565,Teralih,Ma et al. (2s eye / 3s yaw),baca_buku
2026-08-20T11:26:53.785,53.485,17.17,-172.31,0.1583,Teralih,Ma et al. (2s eye / 3s yaw),baca_buku
2026-08-20T11:26:53.824,53.525,17.42,-172.32,0.1589,Teralih,Ma et al. (2s eye / 3s yaw),baca_buku
2026-08-20T11:26:53.860,53.56,17.45,-172.47,0.164,Teralih,Ma et al. (2s eye / 3s yaw),baca_buku
2026-08-20T11:26:53.894,53.595,17.44,-172.45,0.1601,Teralih,Ma et al. (2s eye / 3s yaw),baca_buku
2026-08-20T11:26:53.927,53.627,17.84,-172.65,0.1671,Teralih,Ma et al. (2s eye / 3s yaw),baca_buku
2026-08-20T11:26:53.962,53.663,17.86,-172.47,0.1674,Teralih,Ma et al. (2s eye / 3s yaw),baca_buku
2026-08-20T11:26:53.997,53.698,18.04,-172.57,0.1697,Teralih,Ma et al. (2s eye / 3s yaw),baca_buku
2026-08-20T11:26:54.024,53.724,18.2,-172.5,0.1708,Teralih,Ma et al. (2s eye / 3s yaw),baca_buku
2026-08-20T11:26:54.055,53.756,18.41,-172.53,0.1752,Teralih,Ma et al. (2s eye / 3s yaw),baca_buku
2026-08-20T11:26:54.090,53.791,18.7,-172.67,0.1743,Teralih,Ma et al. (2s eye / 3s yaw),baca_buku
2026-08-20T11:26:54.127,53.828,19.08,-172.86,0.1747,Teralih,Ma et al. (2s eye / 3s yaw),baca_buku
2026-08-20T11:26:54.157,53.858,18.81,-172.86,0.1745,Teralih,Ma et al. (2s eye / 3s yaw),baca_buku
2026-08-20T11:26:54.196,53.896,18.75,-172.93,0.1736,Teralih,Ma et al. (2s eye / 3s yaw),baca_buku
2026-08-20T11:26:54.231,53.932,18.55,-172.88,0.1722,Teralih,Ma et al. (2s eye / 3s yaw),baca_buku
2026-08-20T11:26:54.266,53.966,18.46,-172.84,0.1681,Teralih,Ma et al. (2s eye / 3s yaw),baca_buku
2026-08-20T11:26:54.299,54.0,18.43,-172.78,0.1666,Teralih,Ma et al. (2s eye / 3s yaw),baca_buku
2026-08-20T11:26:54.334,54.034,18.55,-172.68,0.1663,Teralih,Ma et al. (2s eye / 3s yaw),baca_buku
2026-08-20T11:26:54.368,54.069,18.17,-172.67,0.1672,Teralih,Ma et al. (2s eye / 3s yaw),baca_buku
2026-08-20T11:26:54.403,54.103,18.25,-172.69,0.1703,Teralih,Ma et al. (2s eye / 3s yaw),baca_buku
2026-08-20T11:26:54.437,54.137,18.16,-172.64,0.1679,Teralih,Ma et al. (2s eye / 3s yaw),baca_buku
2026-08-20T11:26:54.469,54.17,17.5,-172.45,0.163,Teralih,Ma et al. (2s eye / 3s yaw),baca_buku
2026-08-20T11:26:54.495,54.195,17.56,-172.5,0.1633,Teralih,Ma et al. (2s eye / 3s yaw),baca_buku
2026-08-20T11:26:54.519,54.22,17.64,-172.5,0.1636,Teralih,Ma et al. (2s eye / 3s yaw),baca_buku
2026-08-20T11:26:54.564,54.264,17.85,-172.48,0.1648,Teralih,Ma et al. (2s eye / 3s yaw),baca_buku
2026-08-20T11:26:54.600,54.3,17.9,-172.43,0.1624,Teralih,Ma et al. (2s eye / 3s yaw),baca_buku
2026-08-20T11:26:54.634,54.335,18.09,-172.48,0.1588,Teralih,Ma et al. (2s eye / 3s yaw),baca_buku
2026-08-20T11:26:54.671,54.371,18.1,-172.5,0.1623,Teralih,Ma et al. (2s eye / 3s yaw),baca_buku
2026-08-20T11:26:54.705,54.406,18.04,-172.46,0.1627,Teralih,Ma et al. (2s eye / 3s yaw),baca_buku
2026-08-20T11:26:54.741,54.442,18.04,-172.35,0.1629,Teralih,Ma et al. (2s eye / 3s yaw),baca_buku
2026-08-20T11:26:54.778,54.478,17.8,-172.38,0.1645,Teralih,Ma et al. (2s eye / 3s yaw),baca_buku
2026-08-20T11:26:54.812,54.513,17.92,-172.29,0.1646,Teralih,Ma et al. (2s eye / 3s yaw),baca_buku
2026-08-20T11:26:54.847,54.547,17.94,-172.3,0.1646,Teralih,Ma et al. (2s eye / 3s yaw),baca_buku
2026-08-20T11:26:54.883,54.584,17.88,-172.39,0.165,Teralih,Ma et al. (2s eye / 3s yaw),baca_buku
2026-08-20T11:26:54.917,54.618,17.7,-172.22,0.1647,Teralih,Ma et al. (2s eye / 3s yaw),baca_buku
2026-08-20T11:26:54.951,54.652,17.68,-172.32,0.1641,Teralih,Ma et al. (2s eye / 3s yaw),baca_buku
2026-08-20T11:26:54.986,54.686,17.6,-172.25,0.1613,Teralih,Ma et al. (2s eye / 3s yaw),baca_buku
2026-08-20T11:26:55.020,54.721,17.73,-172.09,0.1611,Teralih,Ma et al. (2s eye / 3s yaw),baca_buku
2026-08-20T11:26:55.055,54.756,17.76,-172.16,0.1579,Teralih,Ma et al. (2s eye / 3s yaw),baca_buku
2026-08-20T11:26:55.091,54.791,17.83,-172.08,0.1545,Teralih,Ma et al. (2s eye / 3s yaw),baca_buku
2026-08-20T11:26:55.127,54.828,17.71,-172.19,0.1549,Teralih,Ma et al. (2s eye / 3s yaw),baca_buku
2026-08-20T11:26:55.163,54.863,17.74,-172.13,0.1561,Teralih,Ma et al. (2s eye / 3s yaw),baca_buku
2026-08-20T11:26:55.191,54.891,17.69,-172.21,0.1562,Teralih,Ma et al. (2s eye / 3s yaw),baca_buku
2026-08-20T11:26:55.211,54.911,17.62,-172.17,0.1556,Teralih,Ma et al. (2s eye / 3s yaw),baca_buku
2026-08-20T11:26:55.232,54.933,17.59,-172.21,0.1551,Teralih,Ma et al. (2s eye / 3s yaw),baca_buku
2026-08-20T11:26:55.258,54.958,17.78,-172.27,0.1583,Teralih,Ma et al. (2s eye / 3s yaw),baca_buku
2026-08-20T11:26:55.299,55.0,17.83,-172.39,0.159,Teralih,Ma et al. (2s eye / 3s yaw),baca_buku
2026-08-20T11:26:55.335,55.036,17.48,-172.48,0.1558,Teralih,Ma et al. (2s eye / 3s yaw),baca_buku
2026-08-20T11:26:55.369,55.07,17.55,-172.36,0.1569,Teralih,Ma et al. (2s eye / 3s yaw),baca_buku
2026-08-20T11:26:55.404,55.105,17.67,-172.32,0.1565,Teralih,Ma et al. (2s eye / 3s yaw),baca_buku
2026-08-20T11:26:55.438,55.139,17.18,-172.3,0.1555,Teralih,Ma et al. (2s eye / 3s yaw),baca_buku
2026-08-20T11:26:55.465,55.166,17.19,-172.28,0.1541,Teralih,Ma et al. (2s eye / 3s yaw),baca_buku
2026-08-20T11:26:55.495,55.195,17.27,-172.26,0.1555,Teralih,Ma et al. (2s eye / 3s yaw),baca_buku
2026-08-20T11:26:55.535,55.236,17.5,-172.18,0.1545,Teralih,Ma et al. (2s eye / 3s yaw),baca_buku
2026-08-20T11:26:55.558,55.259,17.45,-172.19,0.1551,Teralih,Ma et al. (2s eye / 3s yaw),baca_buku
2026-08-20T11:26:55.593,55.294,17.29,-172.18,0.1544,Teralih,Ma et al. (2s eye / 3s yaw),baca_buku
2026-08-20T11:26:55.632,55.333,17.35,-172.27,0.1543,Teralih,Ma et al. (2s eye / 3s yaw),baca_buku
2026-08-20T11:26:55.663,55.364,17.18,-172.36,0.1526,Teralih,Ma et al. (2s eye / 3s yaw),baca_buku
2026-08-20T11:26:55.700,55.401,17.06,-172.36,0.1534,Teralih,Ma et al. (2s eye / 3s yaw),baca_buku
2026-08-20T11:26:55.738,55.439,17.42,-172.42,0.1564,Teralih,Ma et al. (2s eye / 3s yaw),baca_buku
2026-08-20T11:26:55.776,55.476,17.59,-172.44,0.1577,Teralih,Ma et al. (2s eye / 3s yaw),baca_buku
2026-08-20T11:26:55.799,55.499,17.75,-172.44,0.1615,Teralih,Ma et al. (2s eye / 3s yaw),baca_buku
2026-08-20T11:26:55.830,55.53,17.48,-172.42,0.1591,Teralih,Ma et al. (2s eye / 3s yaw),baca_buku
2026-08-20T11:26:55.867,55.568,17.55,-172.36,0.1591,Teralih,Ma et al. (2s eye / 3s yaw),baca_buku
2026-08-20T11:26:55.903,55.604,17.58,-172.36,0.1583,Teralih,Ma et al. (2s eye / 3s yaw),baca_buku
2026-08-20T11:26:55.938,55.638,17.65,-172.38,0.1589,Teralih,Ma et al. (2s eye / 3s yaw),baca_buku
2026-08-20T11:26:55.972,55.673,17.64,-172.46,0.1568,Teralih,Ma et al. (2s eye / 3s yaw),baca_buku
2026-08-20T11:26:56.007,55.707,17.29,-172.46,0.1553,Teralih,Ma et al. (2s eye / 3s yaw),baca_buku
2026-08-20T11:26:56.041,55.742,17.19,-172.35,0.1534,Teralih,Ma et al. (2s eye / 3s yaw),baca_buku
2026-08-20T11:26:56.077,55.778,17.23,-172.35,0.1536,Teralih,Ma et al. (2s eye / 3s yaw),baca_buku
2026-08-20T11:26:56.111,55.812,17.15,-172.41,0.1535,Teralih,Ma et al. (2s eye / 3s yaw),baca_buku
2026-08-20T11:26:56.147,55.848,17.18,-172.3,0.1521,Teralih,Ma et al. (2s eye / 3s yaw),baca_buku
2026-08-20T11:26:56.183,55.884,17.08,-172.26,0.1507,Teralih,Ma et al. (2s eye / 3s yaw),baca_buku
2026-08-20T11:26:56.218,55.919,17.04,-172.39,0.1513,Teralih,Ma et al. (2s eye / 3s yaw),baca_buku
2026-08-20T11:26:56.254,55.955,16.9,-172.38,0.1462,Teralih,Ma et al. (2s eye / 3s yaw),baca_buku
2026-08-20T11:26:56.288,55.989,16.96,-172.32,0.1467,Teralih,Ma et al. (2s eye / 3s yaw),baca_buku
2026-08-20T11:26:56.323,56.024,17.17,-172.35,0.1481,Teralih,Ma et al. (2s eye / 3s yaw),baca_buku
2026-08-20T11:26:56.357,56.058,17.19,-172.32,0.1483,Teralih,Ma et al. (2s eye / 3s yaw),baca_buku
2026-08-20T11:26:56.391,56.092,17.17,-172.4,0.1494,Teralih,Ma et al. (2s eye / 3s yaw),baca_buku
2026-08-20T11:26:56.427,56.127,17.28,-172.39,0.1475,Teralih,Ma et al. (2s eye / 3s yaw),baca_buku
2026-08-20T11:26:56.461,56.162,17.29,-172.69,0.1514,Teralih,Ma et al. (2s eye / 3s yaw),baca_buku
2026-08-20T11:26:56.492,56.193,17.49,-172.75,0.156,Teralih,Ma et al. (2s eye / 3s yaw),baca_buku
2026-08-20T11:26:56.527,56.228,17.61,-172.83,0.1594,Teralih,Ma et al. (2s eye / 3s yaw),baca_buku
2026-08-20T11:26:56.563,56.264,17.68,-172.82,0.1627,Teralih,Ma et al. (2s eye / 3s yaw),baca_buku
2026-08-20T11:26:56.598,56.298,17.62,-172.8,0.1638,Teralih,Ma et al. (2s eye / 3s yaw),baca_buku
2026-08-20T11:26:56.633,56.333,17.64,-172.82,0.1637,Teralih,Ma et al. (2s eye / 3s yaw),baca_buku
2026-08-20T11:26:56.669,56.37,17.62,-172.85,0.1658,Teralih,Ma et al. (2s eye / 3s yaw),baca_buku
2026-08-20T11:26:56.704,56.405,18.13,-173.22,0.1708,Teralih,Ma et al. (2s eye / 3s yaw),baca_buku
2026-08-20T11:26:56.739,56.44,18.41,-173.19,0.1726,Teralih,Ma et al. (2s eye / 3s yaw),baca_buku
2026-08-20T11:26:56.775,56.475,18.77,-173.31,0.1771,Teralih,Ma et al. (2s eye / 3s yaw),baca_buku
2026-08-20T11:26:56.809,56.51,18.88,-173.29,0.178,Teralih,Ma et al. (2s eye / 3s yaw),baca_buku
2026-08-20T11:26:56.844,56.545,18.74,-173.22,0.1757,Teralih,Ma et al. (2s eye / 3s yaw),baca_buku
2026-08-20T11:26:56.880,56.581,18.8,-173.57,0.1776,Teralih,Ma et al. (2s eye / 3s yaw),baca_buku
2026-08-20T11:26:56.915,56.616,18.79,-173.66,0.1806,Teralih,Ma et al. (2s eye / 3s yaw),baca_buku
2026-08-20T11:26:56.950,56.651,18.69,-173.76,0.1834,Teralih,Ma et al. (2s eye / 3s yaw),baca_buku
2026-08-20T11:26:56.984,56.685,18.71,-173.79,0.1858,Teralih,Ma et al. (2s eye / 3s yaw),baca_buku
2026-08-20T11:26:57.019,56.72,18.52,-173.79,0.1884,Teralih,Ma et al. (2s eye / 3s yaw),baca_buku
2026-08-20T11:26:57.054,56.754,18.42,-173.76,0.1893,Teralih,Ma et al. (2s eye / 3s yaw),baca_buku
2026-08-20T11:26:57.087,56.788,18.79,-173.74,0.19,Teralih,Ma et al. (2s eye / 3s yaw),baca_buku
2026-08-20T11:26:57.118,56.818,18.76,-173.78,0.1927,Teralih,Ma et al. (2s eye / 3s yaw),baca_buku
2026-08-20T11:26:57.147,56.848,18.75,-173.79,0.1937,Teralih,Ma et al. (2s eye / 3s yaw),baca_buku
2026-08-20T11:26:57.183,56.883,18.24,-173.9,0.1945,Teralih,Ma et al. (2s eye / 3s yaw),baca_buku
2026-08-20T11:26:57.217,56.918,18.28,-173.86,0.1988,Teralih,Ma et al. (2s eye / 3s yaw),baca_buku
2026-08-20T11:26:57.252,56.952,17.92,-173.91,0.2073,Teralih,Ma et al. (2s eye / 3s yaw),baca_buku
2026-08-20T11:26:57.283,56.984,17.58,-173.65,0.2073,Teralih,Ma et al. (2s eye / 3s yaw),baca_buku
2026-08-20T11:26:57.315,57.015,17.01,-173.8,0.2093,Teralih,Ma et al. (2s eye / 3s yaw),baca_buku
2026-08-20T11:26:57.345,57.046,16.54,-174.2,0.2145,Fokus,Ma et al. (2s eye / 3s yaw),baca_buku
2026-08-20T11:26:57.374,57.075,16.56,-174.24,0.2144,Fokus,Ma et al. (2s eye / 3s yaw),baca_buku
2026-08-20T11:26:57.406,57.107,14.77,-174.03,0.1303,Fokus,Ma et al. (2s eye / 3s yaw),baca_buku
2026-08-20T11:26:57.440,57.14,11.64,-173.62,0.0782,Fokus,Ma et al. (2s eye / 3s yaw),baca_buku
2026-08-20T11:26:57.468,57.169,9.93,-173.67,0.0837,Fokus,Ma et al. (2s eye / 3s yaw),baca_buku
2026-08-20T11:26:57.498,57.199,11.5,-173.84,0.0997,Fokus,Ma et al. (2s eye / 3s yaw),baca_buku
2026-08-20T11:26:57.518,57.218,11.28,-174.0,0.1071,Fokus,Ma et al. (2s eye / 3s yaw),baca_buku
2026-08-20T11:26:57.536,57.237,11.52,-174.11,0.1135,Fokus,Ma et al. (2s eye / 3s yaw),baca_buku
2026-08-20T11:26:57.563,57.263,12.01,-174.34,0.1347,Fokus,Ma et al. (2s eye / 3s yaw),baca_buku
2026-08-20T11:26:57.612,57.313,11.3,-174.48,0.1539,Fokus,Ma et al. (2s eye / 3s yaw),baca_buku
2026-08-20T11:26:57.647,57.348,10.69,-174.63,0.1697,Fokus,Ma et al. (2s eye / 3s yaw),baca_buku
2026-08-20T11:26:57.675,57.376,11.12,-174.66,0.1886,Fokus,Ma et al. (2s eye / 3s yaw),baca_buku
2026-08-20T11:26:57.707,57.408,12.11,-174.63,0.1983,Fokus,Ma et al. (2s eye / 3s yaw),baca_buku
2026-08-20T11:26:57.743,57.444,11.16,-174.63,0.2079,Fokus,Ma et al. (2s eye / 3s yaw),baca_buku
2026-08-20T11:26:57.782,57.483,10.66,-174.73,0.2103,Fokus,Ma et al. (2s eye / 3s yaw),baca_buku
2026-08-20T11:26:57.818,57.519,9.04,-174.67,0.2154,Fokus,Ma et al. (2s eye / 3s yaw),baca_buku
2026-08-20T11:26:57.853,57.553,9.02,-174.63,0.2171,Fokus,Ma et al. (2s eye / 3s yaw),baca_buku
2026-08-20T11:26:57.889,57.59,8.09,-174.6,0.221,Fokus,Ma et al. (2s eye / 3s yaw),baca_buku
2026-08-20T11:26:57.924,57.625,7.51,-174.63,0.2215,Fokus,Ma et al. (2s eye / 3s yaw),baca_buku
2026-08-20T11:26:57.960,57.661,5.71,-174.43,0.2194,Fokus,Ma et al. (2s eye / 3s yaw),baca_buku
2026-08-20T11:26:57.993,57.694,5.14,-174.42,0.2223,Fokus,Ma et al. (2s eye / 3s yaw),baca_buku
2026-08-20T11:26:58.018,57.718,2.43,-174.2,0.2187,Fokus,Ma et al. (2s eye / 3s yaw),baca_buku
2026-08-20T11:26:58.038,57.738,3.62,-174.36,0.2212,Fokus,Ma et al. (2s eye / 3s yaw),baca_buku
2026-08-20T11:26:58.074,57.775,0.17,-174.04,0.2284,Fokus,Ma et al. (2s eye / 3s yaw),baca_buku
2026-08-20T11:26:58.104,57.805,-2.55,-173.91,0.2269,Fokus,Ma et al. (2s eye / 3s yaw),baca_buku
2026-08-20T11:26:58.149,57.85,-2.58,-174.1,0.229,Fokus,Ma et al. (2s eye / 3s yaw),baca_buku
2026-08-20T11:26:58.185,57.886,-3.01,-173.88,0.2311,Fokus,Ma et al. (2s eye / 3s yaw),baca_buku
2026-08-20T11:26:58.212,57.912,-3.51,-173.82,0.2309,Fokus,Ma et al. (2s eye / 3s yaw),baca_buku
2026-08-20T11:26:58.246,57.946,-3.9,-173.78,0.2297,Fokus,Ma et al. (2s eye / 3s yaw),baca_buku
2026-08-20T11:26:58.281,57.981,-7.64,-173.58,0.2331,Fokus,Ma et al. (2s eye / 3s yaw),baca_buku
2026-08-20T11:26:58.317,58.018,-6.9,-173.65,0.2313,Fokus,Ma et al. (2s eye / 3s yaw),baca_buku
2026-08-20T11:26:58.351,58.051,-7.03,-173.6,0.223,Fokus,Ma et al. (2s eye / 3s yaw),baca_buku
2026-08-20T11:26:58.385,58.086,-7.96,-173.57,0.2261,Fokus,Ma et al. (2s eye / 3s yaw),baca_buku
2026-08-20T11:26:58.420,58.121,-9.55,-173.51,0.2244,Fokus,Ma et al. (2s eye / 3s yaw),baca_buku
2026-08-20T11:26:58.456,58.157,-10.54,-173.47,0.222,Fokus,Ma et al. (2s eye / 3s yaw),baca_buku
2026-08-20T11:26:58.492,58.192,-9.86,-173.54,0.2259,Fokus,Ma et al. (2s eye / 3s yaw),baca_buku
2026-08-20T11:26:58.527,58.227,-10.44,-173.45,0.2273,Fokus,Ma et al. (2s eye / 3s yaw),baca_buku
2026-08-20T11:26:58.562,58.262,-10.07,-173.38,0.2245,Fokus,Ma et al. (2s eye / 3s yaw),baca_buku
2026-08-20T11:26:58.597,58.298,-10.08,-173.33,0.2244,Fokus,Ma et al. (2s eye / 3s yaw),baca_buku
2026-08-20T11:26:58.632,58.332,-9.45,-173.4,0.2161,Fokus,Ma et al. (2s eye / 3s yaw),baca_buku
2026-08-20T11:26:58.666,58.367,-8.78,-173.4,0.2158,Fokus,Ma et al. (2s eye / 3s yaw),baca_buku
2026-08-20T11:26:58.702,58.402,-8.69,-173.42,0.2141,Fokus,Ma et al. (2s eye / 3s yaw),baca_buku
2026-08-20T11:26:58.738,58.439,-8.98,-173.3,0.2165,Fokus,Ma et al. (2s eye / 3s yaw),baca_buku
2026-08-20T11:26:58.773,58.474,-9.55,-173.4,0.2162,Fokus,Ma et al. (2s eye / 3s yaw),baca_buku
2026-08-20T11:26:58.808,58.509,-10.01,-173.35,0.2172,Fokus,Ma et al. (2s eye / 3s yaw),baca_buku
2026-08-20T11:26:58.842,58.543,-10.39,-173.37,0.2186,Fokus,Ma et al. (2s eye / 3s yaw),baca_buku
2026-08-20T11:26:58.866,58.566,-11.35,-173.36,0.2196,Fokus,Ma et al. (2s eye / 3s yaw),baca_buku
2026-08-20T11:26:58.887,58.588,-11.44,-173.32,0.2195,Fokus,Ma et al. (2s eye / 3s yaw),baca_buku
2026-08-20T11:26:58.909,58.61,-11.49,-173.22,0.2194,Fokus,Ma et al. (2s eye / 3s yaw),baca_buku
2026-08-20T11:26:58.945,58.645,-11.65,-173.21,0.2202,Fokus,Ma et al. (2s eye / 3s yaw),baca_buku
2026-08-20T11:26:58.977,58.677,-11.88,-173.08,0.2205,Fokus,Ma et al. (2s eye / 3s yaw),baca_buku
2026-08-20T11:26:59.015,58.716,-12.25,-173.11,0.2205,Fokus,Ma et al. (2s eye / 3s yaw),baca_buku
2026-08-20T11:26:59.049,58.75,-11.65,-173.14,0.2189,Fokus,Ma et al. (2s eye / 3s yaw),baca_buku
2026-08-20T11:26:59.082,58.783,-11.47,-173.15,0.2194,Fokus,Ma et al. (2s eye / 3s yaw),baca_buku
2026-08-20T11:26:59.118,58.819,-11.47,-173.1,0.2202,Fokus,Ma et al. (2s eye / 3s yaw),baca_buku
2026-08-20T11:26:59.153,58.854,-11.54,-173.12,0.2214,Fokus,Ma et al. (2s eye / 3s yaw),baca_buku
2026-08-20T11:26:59.189,58.89,-11.66,-173.13,0.2221,Fokus,Ma et al. (2s eye / 3s yaw),baca_buku
2026-08-20T11:26:59.224,58.925,-11.3,-173.11,0.2211,Fokus,Ma et al. (2s eye / 3s yaw),baca_buku
2026-08-20T11:26:59.259,58.96,-10.83,-173.08,0.2218,Fokus,Ma et al. (2s eye / 3s yaw),baca_buku
2026-08-20T11:26:59.284,58.985,-10.58,-173.07,0.2236,Fokus,Ma et al. (2s eye / 3s yaw),baca_buku
2026-08-20T11:26:59.310,59.011,-10.57,-173.13,0.224,Fokus,Ma et al. (2s eye / 3s yaw),baca_buku
2026-08-20T11:26:59.352,59.052,-10.61,-173.23,0.2285,Fokus,Ma et al. (2s eye / 3s yaw),baca_buku
2026-08-20T11:26:59.388,59.089,-11.5,-173.18,0.2295,Fokus,Ma et al. (2s eye / 3s yaw),baca_buku
2026-08-20T11:26:59.424,59.124,-12.4,-173.12,0.2288,Fokus,Ma et al. (2s eye / 3s yaw),baca_buku
2026-08-20T11:26:59.460,59.161,-11.91,-173.19,0.2302,Fokus,Ma et al. (2s eye / 3s yaw),baca_buku
2026-08-20T11:26:59.496,59.197,-12.39,-173.27,0.2288,Fokus,Ma et al. (2s eye / 3s yaw),baca_buku
2026-08-20T11:26:59.533,59.234,-12.06,-173.25,0.2282,Fokus,Ma et al. (2s eye / 3s yaw),baca_buku
2026-08-20T11:26:59.568,59.269,-13.7,-173.09,0.2275,Fokus,Ma et al. (2s eye / 3s yaw),baca_buku
2026-08-20T11:26:59.602,59.302,-13.21,-173.09,0.2251,Fokus,Ma et al. (2s eye / 3s yaw),baca_buku
2026-08-20T11:26:59.629,59.329,-13.21,-173.11,0.2259,Fokus,Ma et al. (2s eye / 3s yaw),baca_buku
2026-08-20T11:26:59.656,59.357,-13.03,-173.13,0.2249,Fokus,Ma et al. (2s eye / 3s yaw),baca_buku
2026-08-20T11:26:59.687,59.387,-12.99,-173.19,0.2277,Fokus,Ma et al. (2s eye / 3s yaw),baca_buku
2026-08-20T11:26:59.715,59.416,-13.12,-173.15,0.228,Fokus,Ma et al. (2s eye / 3s yaw),baca_buku
2026-08-20T11:26:59.754,59.454,-13.06,-173.2,0.2291,Fokus,Ma et al. (2s eye / 3s yaw),baca_buku
2026-08-20T11:26:59.785,59.486,-13.62,-173.27,0.2284,Fokus,Ma et al. (2s eye / 3s yaw),baca_buku
2026-08-20T11:26:59.824,59.524,-12.84,-173.33,0.2282,Fokus,Ma et al. (2s eye / 3s yaw),baca_buku
2026-08-20T11:26:59.860,59.561,-12.86,-173.3,0.2263,Fokus,Ma et al. (2s eye / 3s yaw),baca_buku
2026-08-20T11:26:59.895,59.596,-12.8,-173.32,0.227,Fokus,Ma et al. (2s eye / 3s yaw),baca_buku
2026-08-20T11:26:59.931,59.632,-12.83,-173.45,0.2274,Fokus,Ma et al. (2s eye / 3s yaw),baca_buku
2026-08-20T11:26:59.966,59.667,-13.05,-173.61,0.231,Fokus,Ma et al. (2s eye / 3s yaw),baca_buku
2026-08-20T11:27:00.001,59.702,-12.68,-173.6,0.2319,Fokus,Ma et al. (2s eye / 3s yaw),baca_buku
2026-08-20T11:27:00.037,59.738,-13.18,-173.54,0.2311,Fokus,Ma et al. (2s eye / 3s yaw),baca_buku
2026-08-20T11:27:00.072,59.772,-13.03,-173.5,0.2308,Fokus,Ma et al. (2s eye / 3s yaw),baca_buku
2026-08-20T11:27:00.100,59.8,-12.93,-173.48,0.2312,Fokus,Ma et al. (2s eye / 3s yaw),baca_buku
2026-08-20T11:27:00.127,59.827,-12.88,-173.49,0.2319,Fokus,Ma et al. (2s eye / 3s yaw),baca_buku
2026-08-20T11:27:00.162,59.863,-12.64,-173.52,0.2312,Fokus,Ma et al. (2s eye / 3s yaw),baca_buku
2026-08-20T11:27:00.198,59.899,-12.47,-173.53,0.2325,Fokus,Ma et al. (2s eye / 3s yaw),baca_buku
2026-08-20T11:27:00.233,59.933,-12.65,-173.52,0.2322,Fokus,Ma et al. (2s eye / 3s yaw),baca_buku
2026-08-20T11:27:00.267,59.967,-12.83,-173.54,0.2263,Fokus,Ma et al. (2s eye / 3s yaw),baca_buku
2026-08-20T11:27:00.302,60.003,-12.71,-173.44,0.2219,Fokus,Ma et al. (2s eye / 3s yaw),baca_buku
2026-08-20T11:27:00.340,60.041,-12.19,-173.42,0.2194,Fokus,Ma et al. (2s eye / 3s yaw),baca_buku
2026-08-20T11:27:00.375,60.076,-11.91,-173.43,0.2188,Fokus,Ma et al. (2s eye / 3s yaw),baca_buku
2026-08-20T11:27:00.411,60.112,-11.8,-173.43,0.219,Fokus,Ma et al. (2s eye / 3s yaw),baca_buku
2026-08-20T11:27:00.445,60.145,-11.47,-173.5,0.222,Fokus,Ma et al. (2s eye / 3s yaw),baca_buku
2026-08-20T11:27:00.479,60.179,-10.92,-173.2,0.2199,Fokus,Ma et al. (2s eye / 3s yaw),baca_buku
2026-08-20T11:27:00.513,60.214,-10.73,-173.22,0.2186,Fokus,Ma et al. (2s eye / 3s yaw),baca_buku
2026-08-20T11:27:00.550,60.251,-10.65,-173.19,0.2188,Fokus,Ma et al. (2s eye / 3s yaw),baca_buku
2026-08-20T11:27:00.584,60.285,-10.87,-173.15,0.219,Fokus,Ma et al. (2s eye / 3s yaw),baca_buku
2026-08-20T11:27:00.618,60.319,-10.56,-173.23,0.2179,Fokus,Ma et al. (2s eye / 3s yaw),baca_buku
2026-08-20T11:27:00.653,60.353,-10.48,-173.28,0.2218,Fokus,Ma et al. (2s eye / 3s yaw),baca_buku
2026-08-20T11:27:00.687,60.387,-10.29,-173.27,0.2227,Fokus,Ma et al. (2s eye / 3s yaw),baca_buku
2026-08-20T11:27:00.721,60.422,-9.94,-173.3,0.2243,Fokus,Ma et al. (2s eye / 3s yaw),baca_buku
2026-08-20T11:27:00.757,60.457,-9.88,-173.34,0.2246,Fokus,Ma et al. (2s eye / 3s yaw),baca_buku
2026-08-20T11:27:00.791,60.492,-9.67,-173.34,0.2242,Fokus,Ma et al. (2s eye / 3s yaw),baca_buku
2026-08-20T11:27:00.826,60.527,-9.28,-173.51,0.2273,Fokus,Ma et al. (2s eye / 3s yaw),baca_buku
2026-08-20T11:27:00.862,60.562,-9.92,-173.66,0.2295,Fokus,Ma et al. (2s eye / 3s yaw),baca_buku
2026-08-20T11:27:00.896,60.597,-9.96,-173.69,0.2284,Fokus,Ma et al. (2s eye / 3s yaw),baca_buku
2026-08-20T11:27:00.931,60.632,-10.65,-173.59,0.2117,Fokus,Ma et al. (2s eye / 3s yaw),baca_buku
2026-08-20T11:27:00.966,60.666,-11.27,-173.61,0.2181,Fokus,Ma et al. (2s eye / 3s yaw),baca_buku
2026-08-20T11:27:00.992,60.692,-11.86,-173.72,0.2334,Fokus,Ma et al. (2s eye / 3s yaw),baca_buku
2026-08-20T11:27:01.011,60.712,-12.4,-173.63,0.2454,Fokus,Ma et al. (2s eye / 3s yaw),baca_buku
2026-08-20T11:27:01.036,60.737,-12.34,-173.87,0.2231,Fokus,Ma et al. (2s eye / 3s yaw),baca_buku
2026-08-20T11:27:01.066,60.766,-8.4,-173.38,0.1509,Fokus,Ma et al. (2s eye / 3s yaw),baca_buku
2026-08-20T11:27:01.086,60.787,-7.76,-173.05,0.1,Fokus,Ma et al. (2s eye / 3s yaw),baca_buku
2026-08-20T11:27:01.121,60.822,-8.84,-173.63,0.1539,Fokus,Ma et al. (2s eye / 3s yaw),baca_buku
2026-08-20T11:27:01.163,60.864,-10.7,-174.73,0.1883,Fokus,Ma et al. (2s eye / 3s yaw),baca_buku
2026-08-20T11:27:01.198,60.899,-11.85,-174.73,0.2272,Fokus,Ma et al. (2s eye / 3s yaw),baca_buku
2026-08-20T11:27:01.225,60.926,-9.53,-174.97,0.2523,Fokus,Ma et al. (2s eye / 3s yaw),baca_buku
2026-08-20T11:27:01.257,60.957,-0.58,-175.92,0.2576,Fokus,Ma et al. (2s eye / 3s yaw),baca_buku
2026-08-20T11:27:01.295,60.995,7.58,-175.95,0.2574,Fokus,Ma et al. (2s eye / 3s yaw),baca_buku
2026-08-20T11:27:01.328,61.029,11.81,-176.4,0.2623,Fokus,Ma et al. (2s eye / 3s yaw),baca_buku
2026-08-20T11:27:01.360,61.061,14.37,-176.67,0.2481,Fokus,Ma et al. (2s eye / 3s yaw),baca_buku
2026-08-20T11:27:01.394,61.095,15.32,-177.14,0.2301,Fokus,Ma et al. (2s eye / 3s yaw),baca_buku
2026-08-20T11:27:01.430,61.131,15.39,-177.36,0.2382,Fokus,Ma et al. (2s eye / 3s yaw),baca_buku
2026-08-20T11:27:01.464,61.165,14.88,-178.08,0.2406,Fokus,Ma et al. (2s eye / 3s yaw),baca_buku
2026-08-20T11:27:01.493,61.193,14.46,-178.36,0.2342,Fokus,Ma et al. (2s eye / 3s yaw),baca_buku
2026-08-20T11:27:01.531,61.231,14.8,-178.46,0.2386,Fokus,Ma et al. (2s eye / 3s yaw),baca_buku
2026-08-20T11:27:01.566,61.267,14.36,-178.89,0.2267,Fokus,Ma et al. (2s eye / 3s yaw),baca_buku
2026-08-20T11:27:01.593,61.294,13.15,-179.21,0.2271,Fokus,Ma et al. (2s eye / 3s yaw),baca_buku
2026-08-20T11:27:01.630,61.33,13.13,-179.35,0.2207,Fokus,Ma et al. (2s eye / 3s yaw),baca_buku
2026-08-20T11:27:01.665,61.366,10.88,178.86,0.2259,Fokus,Ma et al. (2s eye / 3s yaw),baca_buku
2026-08-20T11:27:01.699,61.4,9.35,178.59,0.2293,Fokus,Ma et al. (2s eye / 3s yaw),baca_buku
2026-08-20T11:27:01.728,61.429,5.05,177.25,0.2259,Fokus,Ma et al. (2s eye / 3s yaw),baca_buku
2026-08-20T11:27:01.761,61.462,1.62,179.3,0.2283,Fokus,Ma et al. (2s eye / 3s yaw),baca_buku
2026-08-20T11:27:01.800,61.501,9.46,179.41,0.2372,Fokus,Ma et al. (2s eye / 3s yaw),baca_buku
2026-08-20T11:27:01.836,61.536,8.69,178.9,0.2383,Fokus,Ma et al. (2s eye / 3s yaw),baca_buku
2026-08-20T11:27:01.873,61.574,10.23,179.5,0.2361,Fokus,Ma et al. (2s eye / 3s yaw),baca_buku
2026-08-20T11:27:01.902,61.603,9.77,179.3,0.2425,Fokus,Ma et al. (2s eye / 3s yaw),baca_buku
2026-08-20T11:27:01.935,61.636,8.81,179.03,0.2383,Fokus,Ma et al. (2s eye / 3s yaw),baca_buku
2026-08-20T11:27:01.968,61.668,11.75,179.57,0.2422,Fokus,Ma et al. (2s eye / 3s yaw),baca_buku
2026-08-20T11:27:01.996,61.697,10.88,-179.87,0.2436,Fokus,Ma et al. (2s eye / 3s yaw),baca_buku
2026-08-20T11:27:02.032,61.733,10.87,-179.15,0.2426,Fokus,Ma et al. (2s eye / 3s yaw),baca_buku
2026-08-20T11:27:02.068,61.768,10.66,-178.98,0.2389,Fokus,Ma et al. (2s eye / 3s yaw),baca_buku
2026-08-20T11:27:02.105,61.805,11.36,-179.13,0.2427,Fokus,Ma et al. (2s eye / 3s yaw),baca_buku
2026-08-20T11:27:02.141,61.842,12.34,-179.16,0.242,Fokus,Ma et al. (2s eye / 3s yaw),baca_buku
2026-08-20T11:27:02.177,61.878,13.27,-179.36,0.2411,Fokus,Ma et al. (2s eye / 3s yaw),baca_buku
2026-08-20T11:27:02.212,61.912,13.2,-179.29,0.2487,Fokus,Ma et al. (2s eye / 3s yaw),baca_buku
2026-08-20T11:27:02.247,61.948,14.69,-178.79,0.2452,Fokus,Ma et al. (2s eye / 3s yaw),baca_buku
2026-08-20T11:27:02.284,61.984,15.5,-179.18,0.2452,Fokus,Ma et al. (2s eye / 3s yaw),baca_buku
2026-08-20T11:27:02.318,62.019,15.43,-178.9,0.2454,Fokus,Ma et al. (2s eye / 3s yaw),baca_buku
2026-08-20T11:27:02.353,62.054,15.63,-178.43,0.2395,Fokus,Ma et al. (2s eye / 3s yaw),baca_buku
2026-08-20T11:27:02.388,62.089,15.79,-177.8,0.2366,Fokus,Ma et al. (2s eye / 3s yaw),baca_buku
2026-08-20T11:27:02.423,62.124,15.62,-177.35,0.2401,Fokus,Ma et al. (2s eye / 3s yaw),baca_buku
2026-08-20T11:27:02.458,62.159,15.39,-176.94,0.2405,Fokus,Ma et al. (2s eye / 3s yaw),baca_buku
2026-08-20T11:27:02.494,62.194,13.51,-176.98,0.2494,Fokus,Ma et al. (2s eye / 3s yaw),baca_buku
2026-08-20T11:27:02.529,62.229,13.36,-176.56,0.2575,Fokus,Ma et al. (2s eye / 3s yaw),baca_buku
2026-08-20T11:27:02.565,62.265,14.25,-176.22,0.2588,Fokus,Ma et al. (2s eye / 3s yaw),baca_buku
2026-08-20T11:27:02.601,62.301,14.42,-175.75,0.2695,Fokus,Ma et al. (2s eye / 3s yaw),baca_buku
2026-08-20T11:27:02.637,62.337,14.66,-175.47,0.2595,Fokus,Ma et al. (2s eye / 3s yaw),baca_buku
2026-08-20T11:27:02.671,62.372,16.01,-175.17,0.267,Fokus,Ma et al. (2s eye / 3s yaw),baca_buku
2026-08-20T11:27:02.706,62.406,15.23,-175.45,0.2656,Fokus,Ma et al. (2s eye / 3s yaw),baca_buku
2026-08-20T11:27:02.741,62.442,14.65,-175.66,0.2626,Fokus,Ma et al. (2s eye / 3s yaw),baca_buku
2026-08-20T11:27:02.777,62.478,14.94,-175.74,0.264,Fokus,Ma et al. (2s eye / 3s yaw),baca_buku
2026-08-20T11:27:02.812,62.512,14.27,-175.23,0.2613,Fokus,Ma et al. (2s eye / 3s yaw),baca_buku
2026-08-20T11:27:02.846,62.546,13.73,-174.8,0.2603,Fokus,Ma et al. (2s eye / 3s yaw),baca_buku
2026-08-20T11:27:02.877,62.578,14.45,-173.78,0.2641,Fokus,Ma et al. (2s eye / 3s yaw),baca_buku
2026-08-20T11:27:02.911,62.612,12.63,-173.73,0.2649,Fokus,Ma et al. (2s eye / 3s yaw),baca_buku
2026-08-20T11:27:02.940,62.64,12.36,-173.66,0.2601,Fokus,Ma et al. (2s eye / 3s yaw),baca_buku
2026-08-20T11:27:02.975,62.676,9.29,-173.2,0.1394,Fokus,Ma et al. (2s eye / 3s yaw),baca_buku
2026-08-20T11:27:03.010,62.71,6.5,-172.74,0.081,Fokus,Ma et al. (2s eye / 3s yaw),baca_buku
2026-08-20T11:27:03.044,62.744,5.34,-171.78,0.0609,Fokus,Ma et al. (2s eye / 3s yaw),baca_buku
2026-08-20T11:27:03.078,62.778,5.23,-171.41,0.0664,Fokus,Ma et al. (2s eye / 3s yaw),baca_buku
2026-08-20T11:27:03.109,62.81,6.2,-171.47,0.0975,Fokus,Ma et al. (2s eye / 3s yaw),baca_buku
2026-08-20T11:27:03.135,62.836,7.14,-171.01,0.1215,Fokus,Ma et al. (2s eye / 3s yaw),baca_buku
2026-08-20T11:27:03.162,62.862,6.68,-170.72,0.1364,Fokus,Ma et al. (2s eye / 3s yaw),baca_buku
2026-08-20T11:27:03.194,62.895,6.36,-170.51,0.1325,Fokus,Ma et al. (2s eye / 3s yaw),baca_buku
2026-08-20T11:27:03.230,62.93,7.11,-171.11,0.1789,Fokus,Ma et al. (2s eye / 3s yaw),baca_buku
2026-08-20T11:27:03.265,62.965,6.87,-170.71,0.1831,Fokus,Ma et al. (2s eye / 3s yaw),baca_buku
2026-08-20T11:27:03.299,62.999,6.23,-170.51,0.1843,Fokus,Ma et al. (2s eye / 3s yaw),baca_buku
2026-08-20T11:27:03.333,63.034,5.8,-170.08,0.188,Fokus,Ma et al. (2s eye / 3s yaw),baca_buku
2026-08-20T11:27:03.367,63.068,5.8,-170.2,0.1855,Fokus,Ma et al. (2s eye / 3s yaw),baca_buku
2026-08-20T11:27:03.394,63.095,5.41,-170.64,0.1745,Fokus,Ma et al. (2s eye / 3s yaw),baca_buku
2026-08-20T11:27:03.423,63.123,4.24,-170.69,0.1819,Fokus,Ma et al. (2s eye / 3s yaw),baca_buku
2026-08-20T11:27:03.447,63.147,2.6,-171.23,0.1805,Fokus,Ma et al. (2s eye / 3s yaw),baca_buku
2026-08-20T11:27:03.473,63.174,0.45,-171.39,0.1917,Fokus,Ma et al. (2s eye / 3s yaw),baca_buku
2026-08-20T11:27:03.507,63.208,-4.59,-171.66,0.1895,Fokus,Ma et al. (2s eye / 3s yaw),baca_buku
2026-08-20T11:27:03.541,63.242,-6.7,-171.34,0.1739,Fokus,Ma et al. (2s eye / 3s yaw),baca_buku
2026-08-20T11:27:03.575,63.276,-10.03,-171.97,0.1691,Fokus,Ma et al. (2s eye / 3s yaw),baca_buku
2026-08-20T11:27:03.609,63.309,-12.19,-172.28,0.1778,Fokus,Ma et al. (2s eye / 3s yaw),baca_buku
2026-08-20T11:27:03.635,63.336,-11.07,-172.32,0.1869,Fokus,Ma et al. (2s eye / 3s yaw),baca_buku
2026-08-20T11:27:03.670,63.371,-12.49,-172.76,0.1813,Fokus,Ma et al. (2s eye / 3s yaw),baca_buku
2026-08-20T11:27:03.706,63.406,-13.38,-173.51,0.1748,Fokus,Ma et al. (2s eye / 3s yaw),baca_buku
2026-08-20T11:27:03.740,63.441,-13.24,-172.81,0.1833,Fokus,Ma et al. (2s eye / 3s yaw),baca_buku
2026-08-20T11:27:03.768,63.468,-14.71,-172.93,0.1881,Fokus,Ma et al. (2s eye / 3s yaw),baca_buku
2026-08-20T11:27:03.806,63.507,-14.13,-172.29,0.184,Fokus,Ma et al. (2s eye / 3s yaw),baca_buku
2026-08-20T11:27:03.844,63.545,-15.29,-172.77,0.1842,Fokus,Ma et al. (2s eye / 3s yaw),baca_buku
2026-08-20T11:27:03.878,63.579,-15.45,-173.13,0.1841,Fokus,Ma et al. (2s eye / 3s yaw),baca_buku
2026-08-20T11:27:03.912,63.613,-16.61,-172.89,0.1844,Fokus,Ma et al. (2s eye / 3s yaw),baca_buku
2026-08-20T11:27:03.949,63.649,-14.93,-172.63,0.1865,Fokus,Ma et al. (2s eye / 3s yaw),baca_buku
2026-08-20T11:27:03.977,63.678,-13.16,-172.76,0.1908,Fokus,Ma et al. (2s eye / 3s yaw),baca_buku
2026-08-20T11:27:03.998,63.699,-11.94,-172.86,0.1804,Fokus,Ma et al. (2s eye / 3s yaw),baca_buku
2026-08-20T11:27:04.043,63.744,-11.52,-173.02,0.1806,Fokus,Ma et al. (2s eye / 3s yaw),baca_buku
2026-08-20T11:27:04.076,63.777,-11.37,-173.36,0.1781,Fokus,Ma et al. (2s eye / 3s yaw),baca_buku
2026-08-20T11:27:04.111,63.812,-10.84,-173.22,0.1712,Fokus,Ma et al. (2s eye / 3s yaw),baca_buku
2026-08-20T11:27:04.145,63.846,-10.11,-172.82,0.1731,Fokus,Ma et al. (2s eye / 3s yaw),baca_buku
2026-08-20T11:27:04.179,63.88,-8.72,-172.51,0.1742,Fokus,Ma et al. (2s eye / 3s yaw),baca_buku
2026-08-20T11:27:04.207,63.908,-7.69,-172.26,0.164,Fokus,Ma et al. (2s eye / 3s yaw),baca_buku
2026-08-20T11:27:04.235,63.936,-9.42,-171.96,0.1758,Fokus,Ma et al. (2s eye / 3s yaw),baca_buku
2026-08-20T11:27:04.270,63.971,-8.8,-171.74,0.1689,Fokus,Ma et al. (2s eye / 3s yaw),baca_buku
2026-08-20T11:27:04.309,64.01,-9.71,-172.2,0.1717,Fokus,Ma et al. (2s eye / 3s yaw),baca_buku
2026-08-20T11:27:04.344,64.045,-10.05,-172.06,0.1669,Fokus,Ma et al. (2s eye / 3s yaw),baca_buku
2026-08-20T11:27:04.384,64.084,-9.97,-172.01,0.1651,Fokus,Ma et al. (2s eye / 3s yaw),baca_buku
2026-08-20T11:27:04.418,64.118,-9.89,-171.74,0.1667,Fokus,Ma et al. (2s eye / 3s yaw),baca_buku
2026-08-20T11:27:04.452,64.153,-9.91,-171.44,0.1684,Fokus,Ma et al. (2s eye / 3s yaw),baca_buku
2026-08-20T11:27:04.487,64.188,-10.04,-171.38,0.1679,Fokus,Ma et al. (2s eye / 3s yaw),baca_buku
2026-08-20T11:27:04.522,64.223,-10.23,-171.23,0.1687,Fokus,Ma et al. (2s eye / 3s yaw),baca_buku
2026-08-20T11:27:04.558,64.258,-10.12,-170.9,0.1735,Fokus,Ma et al. (2s eye / 3s yaw),baca_buku
2026-08-20T11:27:04.592,64.293,-10.16,-170.79,0.1653,Fokus,Ma et al. (2s eye / 3s yaw),baca_buku
2026-08-20T11:27:04.627,64.328,-10.49,-171.03,0.1676,Fokus,Ma et al. (2s eye / 3s yaw),baca_buku
2026-08-20T11:27:04.661,64.362,-10.33,-170.78,0.1717,Fokus,Ma et al. (2s eye / 3s yaw),baca_buku
2026-08-20T11:27:04.695,64.396,-10.53,-170.34,0.1708,Fokus,Ma et al. (2s eye / 3s yaw),baca_buku
2026-08-20T11:27:04.730,64.431,-9.61,-170.06,0.1756,Fokus,Ma et al. (2s eye / 3s yaw),baca_buku
2026-08-20T11:27:04.765,64.466,-9.05,-169.87,0.1751,Fokus,Ma et al. (2s eye / 3s yaw),baca_buku
2026-08-20T11:27:04.800,64.5,-8.83,-169.65,0.1724,Fokus,Ma et al. (2s eye / 3s yaw),baca_buku
2026-08-20T11:27:04.830,64.53,-8.94,-169.53,0.1744,Fokus,Ma et al. (2s eye / 3s yaw),baca_buku
2026-08-20T11:27:04.852,64.552,-8.94,-169.54,0.1723,Fokus,Ma et al. (2s eye / 3s yaw),baca_buku
2026-08-20T11:27:04.877,64.578,-8.74,-169.78,0.1704,Fokus,Ma et al. (2s eye / 3s yaw),baca_buku
2026-08-20T11:27:04.913,64.614,-8.68,-169.72,0.1767,Fokus,Ma et al. (2s eye / 3s yaw),baca_buku
2026-08-20T11:27:04.943,64.644,-8.77,-169.89,0.1789,Fokus,Ma et al. (2s eye / 3s yaw),baca_buku
2026-08-20T11:27:04.976,64.676,-8.65,-169.82,0.1758,Teralih,Ma et al. (2s eye / 3s yaw),baca_buku
2026-08-20T11:27:05.015,64.716,-8.57,-170.01,0.1714,Teralih,Ma et al. (2s eye / 3s yaw),baca_buku
2026-08-20T11:27:05.050,64.751,-8.54,-170.05,0.1711,Teralih,Ma et al. (2s eye / 3s yaw),baca_buku
2026-08-20T11:27:05.085,64.785,-8.79,-170.21,0.1694,Teralih,Ma et al. (2s eye / 3s yaw),baca_buku
2026-08-20T11:27:05.111,64.812,-8.77,-170.36,0.1678,Teralih,Ma et al. (2s eye / 3s yaw),baca_buku
2026-08-20T11:27:05.144,64.845,-8.55,-170.4,0.1664,Teralih,Ma et al. (2s eye / 3s yaw),baca_buku
2026-08-20T11:27:05.182,64.883,-8.5,-170.41,0.1704,Teralih,Ma et al. (2s eye / 3s yaw),baca_buku
2026-08-20T11:27:05.213,64.914,-9.11,-170.69,0.1717,Teralih,Ma et al. (2s eye / 3s yaw),baca_buku
2026-08-20T11:27:05.245,64.946,-8.97,-170.92,0.1726,Teralih,Ma et al. (2s eye / 3s yaw),baca_buku
2026-08-20T11:27:05.283,64.984,-8.75,-171.19,0.172,Teralih,Ma et al. (2s eye / 3s yaw),baca_buku
2026-08-20T11:27:05.317,65.018,-8.83,-171.31,0.1785,Teralih,Ma et al. (2s eye / 3s yaw),baca_buku
2026-08-20T11:27:05.350,65.05,-7.44,-171.46,0.1819,Teralih,Ma et al. (2s eye / 3s yaw),baca_buku
2026-08-20T11:27:05.384,65.085,-8.21,-171.57,0.1835,Teralih,Ma et al. (2s eye / 3s yaw),baca_buku
2026-08-20T11:27:05.419,65.119,-6.82,-171.72,0.182,Teralih,Ma et al. (2s eye / 3s yaw),baca_buku
2026-08-20T11:27:05.444,65.144,-6.65,-171.67,0.1807,Teralih,Ma et al. (2s eye / 3s yaw),baca_buku
2026-08-20T11:27:05.484,65.184,-6.75,-171.54,0.1801,Teralih,Ma et al. (2s eye / 3s yaw),baca_buku
2026-08-20T11:27:05.518,65.219,-7.2,-171.5,0.1816,Teralih,Ma et al. (2s eye / 3s yaw),baca_buku
2026-08-20T11:27:05.558,65.259,-7.56,-171.33,0.1713,Teralih,Ma et al. (2s eye / 3s yaw),baca_buku
2026-08-20T11:27:05.607,65.308,-7.67,-171.14,0.1637,Teralih,Ma et al. (2s eye / 3s yaw),baca_buku
2026-08-20T11:27:05.642,65.343,-7.14,-171.15,0.1594,Teralih,Ma et al. (2s eye / 3s yaw),baca_buku
2026-08-20T11:27:05.670,65.371,-6.61,-170.95,0.1609,Teralih,Ma et al. (2s eye / 3s yaw),baca_buku
2026-08-20T11:27:05.695,65.395,-7.06,-170.96,0.1616,Teralih,Ma et al. (2s eye / 3s yaw),baca_buku
2026-08-20T11:27:05.717,65.418,-7.09,-170.45,0.1653,Teralih,Ma et al. (2s eye / 3s yaw),baca_buku
2026-08-20T11:27:05.741,65.442,-7.2,-170.56,0.1653,Teralih,Ma et al. (2s eye / 3s yaw),baca_buku
2026-08-20T11:27:05.772,65.472,-7.1,-170.4,0.163,Teralih,Ma et al. (2s eye / 3s yaw),baca_buku
2026-08-20T11:27:05.819,65.52,-7.07,-170.16,0.1727,Teralih,Ma et al. (2s eye / 3s yaw),baca_buku
2026-08-20T11:27:05.855,65.556,-7.48,-170.42,0.1646,Teralih,Ma et al. (2s eye / 3s yaw),baca_buku
2026-08-20T11:27:05.890,65.591,-8.01,-170.1,0.1638,Teralih,Ma et al. (2s eye / 3s yaw),baca_buku
2026-08-20T11:27:05.925,65.625,-7.99,-170.25,0.1629,Teralih,Ma et al. (2s eye / 3s yaw),baca_buku
2026-08-20T11:27:05.960,65.66,-8.0,-170.08,0.1615,Teralih,Ma et al. (2s eye / 3s yaw),baca_buku
2026-08-20T11:27:05.996,65.696,-7.85,-170.17,0.1642,Teralih,Ma et al. (2s eye / 3s yaw),baca_buku
2026-08-20T11:27:06.031,65.731,-7.72,-170.29,0.1681,Teralih,Ma et al. (2s eye / 3s yaw),baca_buku
2026-08-20T11:27:06.065,65.766,-8.64,-170.43,0.1676,Teralih,Ma et al. (2s eye / 3s yaw),baca_buku
2026-08-20T11:27:06.100,65.8,-8.23,-170.39,0.1668,Teralih,Ma et al. (2s eye / 3s yaw),baca_buku
2026-08-20T11:27:06.134,65.835,-8.12,-170.41,0.1671,Teralih,Ma et al. (2s eye / 3s yaw),baca_buku
2026-08-20T11:27:06.169,65.869,-8.44,-170.3,0.1672,Teralih,Ma et al. (2s eye / 3s yaw),baca_buku
2026-08-20T11:27:06.203,65.904,-8.41,-170.29,0.1692,Teralih,Ma et al. (2s eye / 3s yaw),baca_buku
2026-08-20T11:27:06.239,65.939,-8.0,-170.29,0.163,Teralih,Ma et al. (2s eye / 3s yaw),baca_buku
2026-08-20T11:27:06.274,65.975,-7.98,-170.42,0.1627,Teralih,Ma et al. (2s eye / 3s yaw),baca_buku
2026-08-20T11:27:06.308,66.009,-7.54,-170.41,0.1644,Teralih,Ma et al. (2s eye / 3s yaw),baca_buku
2026-08-20T11:27:06.334,66.035,-7.71,-170.31,0.1608,Teralih,Ma et al. (2s eye / 3s yaw),baca_buku
2026-08-20T11:27:06.359,66.06,-7.39,-170.45,0.163,Teralih,Ma et al. (2s eye / 3s yaw),baca_buku
2026-08-20T11:27:06.394,66.095,-7.68,-170.57,0.1634,Teralih,Ma et al. (2s eye / 3s yaw),baca_buku
2026-08-20T11:27:06.426,66.126,-7.71,-170.56,0.1651,Teralih,Ma et al. (2s eye / 3s yaw),baca_buku
2026-08-20T11:27:06.458,66.159,-7.76,-170.68,0.1678,Teralih,Ma et al. (2s eye / 3s yaw),baca_buku
2026-08-20T11:27:06.494,66.194,-7.65,-170.68,0.1699,Teralih,Ma et al. (2s eye / 3s yaw),baca_buku
2026-08-20T11:27:06.529,66.23,-7.99,-170.57,0.1674,Teralih,Ma et al. (2s eye / 3s yaw),baca_buku
2026-08-20T11:27:06.566,66.266,-8.43,-170.6,0.1667,Teralih,Ma et al. (2s eye / 3s yaw),baca_buku
2026-08-20T11:27:06.600,66.301,-8.26,-170.69,0.1677,Teralih,Ma et al. (2s eye / 3s yaw),baca_buku
2026-08-20T11:27:06.635,66.336,-8.71,-170.64,0.17,Teralih,Ma et al. (2s eye / 3s yaw),baca_buku
2026-08-20T11:27:06.670,66.371,-7.76,-170.55,0.1665,Teralih,Ma et al. (2s eye / 3s yaw),baca_buku
2026-08-20T11:27:06.706,66.406,-7.08,-170.66,0.1661,Teralih,Ma et al. (2s eye / 3s yaw),baca_buku
2026-08-20T11:27:06.740,66.44,-6.98,-170.62,0.1643,Teralih,Ma et al. (2s eye / 3s yaw),baca_buku
2026-08-20T11:27:06.774,66.475,-6.38,-170.67,0.1642,Teralih,Ma et al. (2s eye / 3s yaw),baca_buku
2026-08-20T11:27:06.809,66.509,-6.88,-170.7,0.1645,Teralih,Ma et al. (2s eye / 3s yaw),baca_buku
2026-08-20T11:27:06.843,66.544,-6.74,-170.64,0.1688,Teralih,Ma et al. (2s eye / 3s yaw),baca_buku
2026-08-20T11:27:06.879,66.58,-6.7,-170.48,0.1659,Teralih,Ma et al. (2s eye / 3s yaw),baca_buku
2026-08-20T11:27:06.915,66.615,-6.77,-170.62,0.1672,Teralih,Ma et al. (2s eye / 3s yaw),baca_buku
2026-08-20T11:27:06.949,66.65,-6.88,-170.71,0.1747,Teralih,Ma et al. (2s eye / 3s yaw),baca_buku
2026-08-20T11:27:06.984,66.685,-6.76,-170.56,0.1803,Teralih,Ma et al. (2s eye / 3s yaw),baca_buku
2026-08-20T11:27:07.019,66.719,-6.56,-170.55,0.1773,Teralih,Ma et al. (2s eye / 3s yaw),baca_buku
2026-08-20T11:27:07.051,66.752,-5.42,-170.25,0.1755,Teralih,Ma et al. (2s eye / 3s yaw),baca_buku
2026-08-20T11:27:07.076,66.777,-4.55,-170.03,0.1737,Teralih,Ma et al. (2s eye / 3s yaw),baca_buku
2026-08-20T11:27:07.103,66.804,-3.71,-170.22,0.1784,Teralih,Ma et al. (2s eye / 3s yaw),baca_buku
2026-08-20T11:27:07.134,66.835,-3.16,-170.11,0.1773,Teralih,Ma et al. (2s eye / 3s yaw),baca_buku
2026-08-20T11:27:07.158,66.858,-1.3,-170.09,0.182,Teralih,Ma et al. (2s eye / 3s yaw),baca_buku
2026-08-20T11:27:07.190,66.891,-0.82,-170.2,0.18,Teralih,Ma et al. (2s eye / 3s yaw),baca_buku
2026-08-20T11:27:07.229,66.929,2.2,-168.84,0.1766,Teralih,Ma et al. (2s eye / 3s yaw),baca_buku
2026-08-20T11:27:07.264,66.965,2.58,-169.0,0.1877,Teralih,Ma et al. (2s eye / 3s yaw),baca_buku
2026-08-20T11:27:07.299,67.0,4.32,-169.39,0.1853,Teralih,Ma et al. (2s eye / 3s yaw),baca_buku
2026-08-20T11:27:07.334,67.035,5.16,-169.24,0.1803,Teralih,Ma et al. (2s eye / 3s yaw),baca_buku
2026-08-20T11:27:07.367,67.068,4.9,-168.92,0.1684,Teralih,Ma et al. (2s eye / 3s yaw),baca_buku
2026-08-20T11:27:07.402,67.103,6.91,-168.85,0.1765,Teralih,Ma et al. (2s eye / 3s yaw),baca_buku
2026-08-20T11:27:07.435,67.135,6.08,-168.9,0.1713,Teralih,Ma et al. (2s eye / 3s yaw),baca_buku
2026-08-20T11:27:07.466,67.167,6.27,-168.25,0.1758,Teralih,Ma et al. (2s eye / 3s yaw),baca_buku
2026-08-20T11:27:07.501,67.201,6.76,-167.95,0.1703,Teralih,Ma et al. (2s eye / 3s yaw),baca_buku
2026-08-20T11:27:07.535,67.236,7.34,-167.84,0.1635,Teralih,Ma et al. (2s eye / 3s yaw),baca_buku
2026-08-20T11:27:07.570,67.27,7.56,-168.05,0.1627,Teralih,Ma et al. (2s eye / 3s yaw),baca_buku
2026-08-20T11:27:07.604,67.304,7.94,-167.73,0.1669,Teralih,Ma et al. (2s eye / 3s yaw),baca_buku
2026-08-20T11:27:07.638,67.339,8.26,-167.74,0.1718,Teralih,Ma et al. (2s eye / 3s yaw),baca_buku
2026-08-20T11:27:07.673,67.374,7.89,-167.85,0.174,Teralih,Ma et al. (2s eye / 3s yaw),baca_buku
2026-08-20T11:27:07.708,67.409,7.56,-167.83,0.1865,Teralih,Ma et al. (2s eye / 3s yaw),baca_buku
2026-08-20T11:27:07.740,67.441,7.12,-167.92,0.1781,Teralih,Ma et al. (2s eye / 3s yaw),baca_buku
2026-08-20T11:27:07.764,67.465,7.11,-167.79,0.1733,Teralih,Ma et al. (2s eye / 3s yaw),baca_buku
2026-08-20T11:27:07.790,67.49,7.3,-167.87,0.1693,Teralih,Ma et al. (2s eye / 3s yaw),baca_buku
2026-08-20T11:27:07.827,67.527,7.57,-167.61,0.166,Teralih,Ma et al. (2s eye / 3s yaw),baca_buku
2026-08-20T11:27:07.864,67.564,7.05,-167.55,0.1609,Teralih,Ma et al. (2s eye / 3s yaw),baca_buku
2026-08-20T11:27:07.899,67.6,6.74,-167.55,0.154,Teralih,Ma et al. (2s eye / 3s yaw),baca_buku
2026-08-20T11:27:07.938,67.638,6.6,-167.94,0.1523,Teralih,Ma et al. (2s eye / 3s yaw),baca_buku
2026-08-20T11:27:07.963,67.664,7.12,-168.04,0.1585,Teralih,Ma et al. (2s eye / 3s yaw),baca_buku
2026-08-20T11:27:07.991,67.692,7.36,-168.07,0.1619,Teralih,Ma et al. (2s eye / 3s yaw),baca_buku
2026-08-20T11:27:08.032,67.733,7.26,-168.35,0.1622,Teralih,Ma et al. (2s eye / 3s yaw),baca_buku
2026-08-20T11:27:08.068,67.768,7.14,-168.17,0.1551,Teralih,Ma et al. (2s eye / 3s yaw),baca_buku
2026-08-20T11:27:08.103,67.803,7.83,-168.59,0.1573,Teralih,Ma et al. (2s eye / 3s yaw),baca_buku
2026-08-20T11:27:08.138,67.839,7.78,-168.59,0.1573,Teralih,Ma et al. (2s eye / 3s yaw),baca_buku
2026-08-20T11:27:08.173,67.874,7.91,-168.44,0.1613,Teralih,Ma et al. (2s eye / 3s yaw),baca_buku
2026-08-20T11:27:08.208,67.909,7.96,-168.42,0.169,Teralih,Ma et al. (2s eye / 3s yaw),baca_buku
2026-08-20T11:27:08.243,67.943,7.93,-168.43,0.1735,Teralih,Ma et al. (2s eye / 3s yaw),baca_buku
2026-08-20T11:27:08.277,67.978,7.96,-168.36,0.1754,Teralih,Ma et al. (2s eye / 3s yaw),baca_buku
2026-08-20T11:27:08.311,68.012,8.08,-168.21,0.1746,Teralih,Ma et al. (2s eye / 3s yaw),baca_buku
2026-08-20T11:27:08.347,68.048,8.43,-168.48,0.1806,Teralih,Ma et al. (2s eye / 3s yaw),baca_buku
2026-08-20T11:27:08.382,68.083,8.44,-168.57,0.1853,Teralih,Ma et al. (2s eye / 3s yaw),baca_buku
2026-08-20T11:27:08.418,68.118,8.36,-168.64,0.1775,Teralih,Ma et al. (2s eye / 3s yaw),baca_buku
2026-08-20T11:27:08.452,68.153,8.45,-168.53,0.1779,Teralih,Ma et al. (2s eye / 3s yaw),baca_buku
2026-08-20T11:27:08.487,68.188,8.64,-168.65,0.1818,Teralih,Ma et al. (2s eye / 3s yaw),baca_buku
2026-08-20T11:27:08.522,68.223,8.53,-168.71,0.184,Teralih,Ma et al. (2s eye / 3s yaw),baca_buku
2026-08-20T11:27:08.558,68.258,8.27,-168.57,0.1801,Teralih,Ma et al. (2s eye / 3s yaw),baca_buku
2026-08-20T11:27:08.593,68.293,8.22,-168.81,0.1802,Teralih,Ma et al. (2s eye / 3s yaw),baca_buku
2026-08-20T11:27:08.623,68.324,8.55,-168.82,0.1865,Teralih,Ma et al. (2s eye / 3s yaw),baca_buku
2026-08-20T11:27:08.646,68.347,8.76,-168.76,0.1853,Teralih,Ma et al. (2s eye / 3s yaw),baca_buku
2026-08-20T11:27:08.672,68.373,8.9,-169.16,0.1869,Teralih,Ma et al. (2s eye / 3s yaw),baca_buku
2026-08-20T11:27:08.704,68.404,8.68,-168.9,0.1872,Teralih,Ma et al. (2s eye / 3s yaw),baca_buku
2026-08-20T11:27:08.739,68.439,8.03,-168.96,0.1856,Teralih,Ma et al. (2s eye / 3s yaw),baca_buku
2026-08-20T11:27:08.774,68.475,7.8,-168.93,0.1854,Teralih,Ma et al. (2s eye / 3s yaw),baca_buku
2026-08-20T11:27:08.808,68.509,7.75,-169.04,0.1846,Teralih,Ma et al. (2s eye / 3s yaw),baca_buku
2026-08-20T11:27:08.843,68.544,7.74,-169.01,0.1841,Teralih,Ma et al. (2s eye / 3s yaw),baca_buku
2026-08-20T11:27:08.878,68.579,7.73,-168.89,0.1837,Teralih,Ma et al. (2s eye / 3s yaw),baca_buku
2026-08-20T11:27:08.913,68.614,7.68,-168.83,0.1792,Teralih,Ma et al. (2s eye / 3s yaw),baca_buku
2026-08-20T11:27:08.948,68.649,7.88,-168.83,0.1815,Teralih,Ma et al. (2s eye / 3s yaw),baca_buku
2026-08-20T11:27:08.983,68.684,7.99,-168.73,0.1786,Teralih,Ma et al. (2s eye / 3s yaw),baca_buku
2026-08-20T11:27:09.018,68.719,8.06,-168.74,0.1802,Teralih,Ma et al. (2s eye / 3s yaw),baca_buku
2026-08-20T11:27:09.054,68.754,8.14,-168.77,0.1804,Teralih,Ma et al. (2s eye / 3s yaw),baca_buku
2026-08-20T11:27:09.088,68.789,7.94,-168.67,0.1777,Teralih,Ma et al. (2s eye / 3s yaw),baca_buku
2026-08-20T11:27:09.123,68.824,8.03,-168.72,0.1803,Teralih,Ma et al. (2s eye / 3s yaw),baca_buku
2026-08-20T11:27:09.158,68.859,8.57,-168.57,0.1811,Teralih,Ma et al. (2s eye / 3s yaw),baca_buku
2026-08-20T11:27:09.193,68.894,8.63,-168.62,0.1786,Teralih,Ma et al. (2s eye / 3s yaw),baca_buku
2026-08-20T11:27:09.228,68.928,8.69,-168.62,0.178,Teralih,Ma et al. (2s eye / 3s yaw),baca_buku
2026-08-20T11:27:09.262,68.963,8.56,-168.6,0.1725,Teralih,Ma et al. (2s eye / 3s yaw),baca_buku
2026-08-20T11:27:09.297,68.998,8.48,-168.55,0.1716,Teralih,Ma et al. (2s eye / 3s yaw),baca_buku
2026-08-20T11:27:09.331,69.032,8.56,-168.68,0.1782,Teralih,Ma et al. (2s eye / 3s yaw),baca_buku
2026-08-20T11:27:09.366,69.067,8.61,-168.74,0.1775,Teralih,Ma et al. (2s eye / 3s yaw),baca_buku
2026-08-20T11:27:09.401,69.102,8.71,-168.69,0.1771,Teralih,Ma et al. (2s eye / 3s yaw),baca_buku
2026-08-20T11:27:09.435,69.136,8.44,-168.67,0.1776,Teralih,Ma et al. (2s eye / 3s yaw),baca_buku
2026-08-20T11:27:09.470,69.17,8.13,-168.68,0.1746,Teralih,Ma et al. (2s eye / 3s yaw),baca_buku
2026-08-20T11:27:09.504,69.204,8.18,-168.74,0.1747,Teralih,Ma et al. (2s eye / 3s yaw),baca_buku
2026-08-20T11:27:09.538,69.239,8.23,-168.73,0.1752,Teralih,Ma et al. (2s eye / 3s yaw),baca_buku
2026-08-20T11:27:09.572,69.273,8.42,-168.75,0.1748,Teralih,Ma et al. (2s eye / 3s yaw),baca_buku
2026-08-20T11:27:09.607,69.308,8.11,-168.73,0.1761,Teralih,Ma et al. (2s eye / 3s yaw),baca_buku
2026-08-20T11:27:09.642,69.343,8.22,-168.72,0.1775,Teralih,Ma et al. (2s eye / 3s yaw),baca_buku
2026-08-20T11:27:09.678,69.379,7.9,-168.62,0.1745,Teralih,Ma et al. (2s eye / 3s yaw),baca_buku
2026-08-20T11:27:09.713,69.414,7.8,-168.75,0.1748,Teralih,Ma et al. (2s eye / 3s yaw),baca_buku
2026-08-20T11:27:09.748,69.449,7.84,-168.86,0.175,Teralih,Ma et al. (2s eye / 3s yaw),baca_buku
2026-08-20T11:27:09.784,69.484,8.0,-169.04,0.1747,Teralih,Ma et al. (2s eye / 3s yaw),baca_buku
2026-08-20T11:27:09.819,69.52,8.06,-168.86,0.1745,Teralih,Ma et al. (2s eye / 3s yaw),baca_buku
2026-08-20T11:27:09.854,69.554,8.09,-168.88,0.1774,Teralih,Ma et al. (2s eye / 3s yaw),baca_buku
2026-08-20T11:27:09.884,69.585,8.27,-168.93,0.1799,Teralih,Ma et al. (2s eye / 3s yaw),baca_buku
2026-08-20T11:27:09.906,69.606,8.07,-168.91,0.177,Teralih,Ma et al. (2s eye / 3s yaw),baca_buku
2026-08-20T11:27:09.929,69.63,7.96,-168.89,0.1742,Teralih,Ma et al. (2s eye / 3s yaw),baca_buku
2026-08-20T11:27:09.964,69.665,8.24,-168.85,0.1764,Teralih,Ma et al. (2s eye / 3s yaw),baca_buku
2026-08-20T11:27:09.999,69.699,8.31,-168.72,0.1752,Teralih,Ma et al. (2s eye / 3s yaw),baca_buku
2026-08-20T11:27:10.033,69.734,8.45,-168.72,0.1759,Teralih,Ma et al. (2s eye / 3s yaw),baca_buku
2026-08-20T11:27:10.069,69.77,8.38,-168.71,0.1753,Teralih,Ma et al. (2s eye / 3s yaw),baca_buku
2026-08-20T11:27:10.104,69.805,7.98,-168.64,0.1725,Teralih,Ma et al. (2s eye / 3s yaw),baca_buku
2026-08-20T11:27:10.141,69.841,8.02,-168.54,0.171,Teralih,Ma et al. (2s eye / 3s yaw),baca_buku
2026-08-20T11:27:10.176,69.877,7.64,-168.67,0.1746,Teralih,Ma et al. (2s eye / 3s yaw),baca_buku
2026-08-20T11:27:10.211,69.912,7.55,-168.68,0.1783,Teralih,Ma et al. (2s eye / 3s yaw),baca_buku
2026-08-20T11:27:10.246,69.946,7.6,-168.7,0.1783,Teralih,Ma et al. (2s eye / 3s yaw),baca_buku
2026-08-20T11:27:10.281,69.981,7.7,-168.78,0.1801,Teralih,Ma et al. (2s eye / 3s yaw),baca_buku
2026-08-20T11:27:10.315,70.016,7.56,-168.86,0.1808,Teralih,Ma et al. (2s eye / 3s yaw),baca_buku
2026-08-20T11:27:10.349,70.05,7.66,-168.93,0.1801,Teralih,Ma et al. (2s eye / 3s yaw),baca_buku
2026-08-20T11:27:10.383,70.084,7.75,-168.94,0.1765,Teralih,Ma et al. (2s eye / 3s yaw),baca_buku
2026-08-20T11:27:10.413,70.114,7.68,-168.96,0.1763,Teralih,Ma et al. (2s eye / 3s yaw),baca_buku
2026-08-20T11:27:10.446,70.146,7.69,-168.63,0.1756,Teralih,Ma et al. (2s eye / 3s yaw),baca_buku
2026-08-20T11:27:10.481,70.181,7.66,-168.55,0.1775,Teralih,Ma et al. (2s eye / 3s yaw),baca_buku
2026-08-20T11:27:10.515,70.215,7.86,-168.36,0.1765,Teralih,Ma et al. (2s eye / 3s yaw),baca_buku
2026-08-20T11:27:10.548,70.249,7.72,-168.37,0.1766,Teralih,Ma et al. (2s eye / 3s yaw),baca_buku
2026-08-20T11:27:10.583,70.283,7.71,-168.48,0.1784,Teralih,Ma et al. (2s eye / 3s yaw),baca_buku
2026-08-20T11:27:10.618,70.318,7.5,-168.48,0.1771,Teralih,Ma et al. (2s eye / 3s yaw),baca_buku
2026-08-20T11:27:10.652,70.353,7.54,-168.48,0.1819,Teralih,Ma et al. (2s eye / 3s yaw),baca_buku
2026-08-20T11:27:10.688,70.388,7.76,-168.51,0.1801,Teralih,Ma et al. (2s eye / 3s yaw),baca_buku
2026-08-20T11:27:10.723,70.423,7.8,-168.56,0.18,Teralih,Ma et al. (2s eye / 3s yaw),baca_buku
2026-08-20T11:27:10.755,70.455,7.54,-168.61,0.1792,Teralih,Ma et al. (2s eye / 3s yaw),baca_buku
2026-08-20T11:27:10.777,70.478,7.59,-168.57,0.1794,Teralih,Ma et al. (2s eye / 3s yaw),baca_buku
2026-08-20T11:27:10.808,70.509,7.42,-168.56,0.1796,Teralih,Ma et al. (2s eye / 3s yaw),baca_buku
2026-08-20T11:27:10.844,70.545,7.42,-168.52,0.179,Teralih,Ma et al. (2s eye / 3s yaw),baca_buku
2026-08-20T11:27:10.880,70.58,7.39,-168.47,0.1757,Teralih,Ma et al. (2s eye / 3s yaw),baca_buku
2026-08-20T11:27:10.915,70.615,7.35,-168.53,0.1796,Teralih,Ma et al. (2s eye / 3s yaw),baca_buku
2026-08-20T11:27:10.950,70.65,7.36,-168.45,0.179,Teralih,Ma et al. (2s eye / 3s yaw),baca_buku
2026-08-20T11:27:10.985,70.685,7.74,-168.42,0.18,Teralih,Ma et al. (2s eye / 3s yaw),baca_buku
2026-08-20T11:27:11.019,70.72,7.78,-168.41,0.1792,Teralih,Ma et al. (2s eye / 3s yaw),baca_buku
2026-08-20T11:27:11.054,70.755,7.81,-168.52,0.1786,Teralih,Ma et al. (2s eye / 3s yaw),baca_buku
2026-08-20T11:27:11.090,70.79,7.66,-168.61,0.1778,Teralih,Ma et al. (2s eye / 3s yaw),baca_buku
2026-08-20T11:27:11.124,70.825,7.72,-168.62,0.1768,Teralih,Ma et al. (2s eye / 3s yaw),baca_buku
2026-08-20T11:27:11.160,70.86,7.7,-168.7,0.1782,Teralih,Ma et al. (2s eye / 3s yaw),baca_buku
2026-08-20T11:27:11.195,70.895,7.54,-168.78,0.1765,Teralih,Ma et al. (2s eye / 3s yaw),baca_buku
2026-08-20T11:27:11.230,70.93,7.68,-168.75,0.1765,Teralih,Ma et al. (2s eye / 3s yaw),baca_buku
2026-08-20T11:27:11.263,70.964,7.46,-168.71,0.1752,Teralih,Ma et al. (2s eye / 3s yaw),baca_buku
2026-08-20T11:27:11.298,70.998,7.51,-168.7,0.1718,Teralih,Ma et al. (2s eye / 3s yaw),baca_buku
2026-08-20T11:27:11.329,71.03,7.6,-168.62,0.1688,Teralih,Ma et al. (2s eye / 3s yaw),baca_buku
2026-08-20T11:27:11.363,71.064,7.76,-168.77,0.1726,Teralih,Ma et al. (2s eye / 3s yaw),baca_buku
2026-08-20T11:27:11.398,71.098,7.81,-168.67,0.1743,Teralih,Ma et al. (2s eye / 3s yaw),baca_buku
2026-08-20T11:27:11.431,71.132,7.67,-168.56,0.1725,Teralih,Ma et al. (2s eye / 3s yaw),baca_buku
2026-08-20T11:27:11.466,71.166,7.78,-168.53,0.1753,Teralih,Ma et al. (2s eye / 3s yaw),baca_buku
2026-08-20T11:27:11.499,71.2,7.71,-168.69,0.173,Teralih,Ma et al. (2s eye / 3s yaw),baca_buku
2026-08-20T11:27:11.534,71.234,7.78,-168.73,0.1724,Teralih,Ma et al. (2s eye / 3s yaw),baca_buku
2026-08-20T11:27:11.567,71.268,7.81,-168.74,0.1715,Teralih,Ma et al. (2s eye / 3s yaw),baca_buku
2026-08-20T11:27:11.602,71.303,7.52,-168.67,0.1713,Teralih,Ma et al. (2s eye / 3s yaw),baca_buku
2026-08-20T11:27:11.632,71.333,7.5,-168.52,0.1706,Teralih,Ma et al. (2s eye / 3s yaw),baca_buku
2026-08-20T11:27:11.666,71.366,7.51,-168.61,0.1718,Teralih,Ma et al. (2s eye / 3s yaw),baca_buku
2026-08-20T11:27:11.700,71.4,7.84,-168.78,0.175,Teralih,Ma et al. (2s eye / 3s yaw),baca_buku
2026-08-20T11:27:11.735,71.436,7.81,-168.71,0.1742,Teralih,Ma et al. (2s eye / 3s yaw),baca_buku
2026-08-20T11:27:11.771,71.471,7.53,-168.69,0.1706,Teralih,Ma et al. (2s eye / 3s yaw),baca_buku
2026-08-20T11:27:11.806,71.507,7.72,-168.69,0.1729,Teralih,Ma et al. (2s eye / 3s yaw),baca_buku
2026-08-20T11:27:11.839,71.54,7.73,-168.6,0.1713,Teralih,Ma et al. (2s eye / 3s yaw),baca_buku
2026-08-20T11:27:11.862,71.562,7.85,-168.67,0.1727,Teralih,Ma et al. (2s eye / 3s yaw),baca_buku
2026-08-20T11:27:11.889,71.59,7.77,-168.77,0.1728,Teralih,Ma et al. (2s eye / 3s yaw),baca_buku
2026-08-20T11:27:11.924,71.625,7.69,-168.76,0.1729,Teralih,Ma et al. (2s eye / 3s yaw),baca_buku
2026-08-20T11:27:11.959,71.66,7.94,-168.74,0.1745,Teralih,Ma et al. (2s eye / 3s yaw),baca_buku
2026-08-20T11:27:11.994,71.695,7.77,-168.58,0.1731,Teralih,Ma et al. (2s eye / 3s yaw),baca_buku
2026-08-20T11:27:12.029,71.73,7.92,-168.74,0.1721,Teralih,Ma et al. (2s eye / 3s yaw),baca_buku
2026-08-20T11:27:12.064,71.764,7.79,-168.77,0.1706,Teralih,Ma et al. (2s eye / 3s yaw),baca_buku
2026-08-20T11:27:12.100,71.8,7.86,-168.62,0.172,Teralih,Ma et al. (2s eye / 3s yaw),baca_buku
2026-08-20T11:27:12.135,71.836,7.65,-168.7,0.1673,Teralih,Ma et al. (2s eye / 3s yaw),baca_buku
2026-08-20T11:27:12.170,71.871,7.73,-168.53,0.1687,Teralih,Ma et al. (2s eye / 3s yaw),baca_buku
2026-08-20T11:27:12.205,71.905,7.98,-168.55,0.1686,Teralih,Ma et al. (2s eye / 3s yaw),baca_buku
2026-08-20T11:27:12.240,71.941,8.35,-168.46,0.1684,Teralih,Ma et al. (2s eye / 3s yaw),baca_buku
2026-08-20T11:27:12.275,71.975,8.12,-168.39,0.1676,Teralih,Ma et al. (2s eye / 3s yaw),baca_buku
2026-08-20T11:27:12.309,72.01,7.92,-168.63,0.1675,Teralih,Ma et al. (2s eye / 3s yaw),baca_buku
2026-08-20T11:27:12.345,72.045,7.62,-168.62,0.1669,Teralih,Ma et al. (2s eye / 3s yaw),baca_buku
2026-08-20T11:27:12.380,72.08,7.67,-168.59,0.1678,Teralih,Ma et al. (2s eye / 3s yaw),baca_buku
2026-08-20T11:27:12.414,72.115,7.63,-168.58,0.1667,Teralih,Ma et al. (2s eye / 3s yaw),baca_buku
2026-08-20T11:27:12.448,72.149,7.72,-168.52,0.1668,Teralih,Ma et al. (2s eye / 3s yaw),baca_buku
2026-08-20T11:27:12.483,72.183,7.55,-168.55,0.1657,Teralih,Ma et al. (2s eye / 3s yaw),baca_buku
2026-08-20T11:27:12.518,72.219,7.51,-168.65,0.1676,Teralih,Ma et al. (2s eye / 3s yaw),baca_buku
2026-08-20T11:27:12.553,72.254,7.67,-168.7,0.1663,Teralih,Ma et al. (2s eye / 3s yaw),baca_buku
2026-08-20T11:27:12.589,72.29,7.79,-168.58,0.1707,Teralih,Ma et al. (2s eye / 3s yaw),baca_buku
2026-08-20T11:27:12.621,72.321,7.7,-168.68,0.1731,Teralih,Ma et al. (2s eye / 3s yaw),baca_buku
2026-08-20T11:27:12.648,72.349,7.38,-168.54,0.1721,Teralih,Ma et al. (2s eye / 3s yaw),baca_buku
2026-08-20T11:27:12.680,72.381,6.75,-168.64,0.173,Teralih,Ma et al. (2s eye / 3s yaw),baca_buku
2026-08-20T11:27:12.708,72.408,6.96,-168.42,0.1708,Teralih,Ma et al. (2s eye / 3s yaw),baca_buku
2026-08-20T11:27:12.738,72.438,7.0,-168.53,0.1704,Teralih,Ma et al. (2s eye / 3s yaw),baca_buku
2026-08-20T11:27:12.763,72.464,7.09,-168.38,0.1689,Teralih,Ma et al. (2s eye / 3s yaw),baca_buku
2026-08-20T11:27:12.784,72.485,7.22,-168.49,0.1711,Teralih,Ma et al. (2s eye / 3s yaw),baca_buku
2026-08-20T11:27:12.803,72.504,7.3,-168.42,0.1675,Teralih,Ma et al. (2s eye / 3s yaw),baca_buku
2026-08-20T11:27:12.822,72.522,7.35,-168.43,0.1669,Teralih,Ma et al. (2s eye / 3s yaw),baca_buku
2026-08-20T11:27:12.848,72.548,7.39,-168.46,0.1666,Teralih,Ma et al. (2s eye / 3s yaw),baca_buku
2026-08-20T11:27:12.887,72.587,7.48,-168.53,0.1667,Teralih,Ma et al. (2s eye / 3s yaw),baca_buku
2026-08-20T11:27:12.919,72.619,7.47,-168.48,0.1656,Teralih,Ma et al. (2s eye / 3s yaw),baca_buku
2026-08-20T11:27:12.956,72.657,7.49,-168.5,0.1653,Teralih,Ma et al. (2s eye / 3s yaw),baca_buku
2026-08-20T11:27:12.993,72.693,7.38,-168.47,0.1648,Teralih,Ma et al. (2s eye / 3s yaw),baca_buku
2026-08-20T11:27:13.027,72.728,7.59,-168.5,0.165,Teralih,Ma et al. (2s eye / 3s yaw),baca_buku
2026-08-20T11:27:13.060,72.761,8.02,-168.67,0.1712,Teralih,Ma et al. (2s eye / 3s yaw),baca_buku
2026-08-20T11:27:13.095,72.796,7.75,-168.64,0.1748,Teralih,Ma et al. (2s eye / 3s yaw),baca_buku
2026-08-20T11:27:13.130,72.83,7.47,-168.61,0.1724,Teralih,Ma et al. (2s eye / 3s yaw),baca_buku
2026-08-20T11:27:13.160,72.861,7.49,-168.55,0.1713,Teralih,Ma et al. (2s eye / 3s yaw),baca_buku
2026-08-20T11:27:13.187,72.888,7.71,-168.72,0.1717,Teralih,Ma et al. (2s eye / 3s yaw),baca_buku
2026-08-20T11:27:13.221,72.921,8.02,-168.83,0.1724,Teralih,Ma et al. (2s eye / 3s yaw),baca_buku
2026-08-20T11:27:13.255,72.956,8.0,-168.88,0.1723,Teralih,Ma et al. (2s eye / 3s yaw),baca_buku
2026-08-20T11:27:13.289,72.989,8.01,-168.79,0.1719,Teralih,Ma et al. (2s eye / 3s yaw),baca_buku
2026-08-20T11:27:13.322,73.022,7.91,-168.67,0.1719,Teralih,Ma et al. (2s eye / 3s yaw),baca_buku
2026-08-20T11:27:13.355,73.056,7.92,-168.57,0.1743,Teralih,Ma et al. (2s eye / 3s yaw),baca_buku
2026-08-20T11:27:13.391,73.092,8.01,-168.61,0.1741,Teralih,Ma et al. (2s eye / 3s yaw),baca_buku
2026-08-20T11:27:13.426,73.126,8.02,-168.62,0.1735,Teralih,Ma et al. (2s eye / 3s yaw),baca_buku
2026-08-20T11:27:13.460,73.161,7.73,-168.68,0.1723,Teralih,Ma et al. (2s eye / 3s yaw),baca_buku
2026-08-20T11:27:13.490,73.191,7.91,-168.62,0.1713,Teralih,Ma et al. (2s eye / 3s yaw),baca_buku
2026-08-20T11:27:13.520,73.22,7.69,-168.58,0.171,Teralih,Ma et al. (2s eye / 3s yaw),baca_buku
2026-08-20T11:27:13.556,73.256,7.47,-168.42,0.1685,Teralih,Ma et al. (2s eye / 3s yaw),baca_buku
2026-08-20T11:27:13.592,73.292,6.73,-168.18,0.1378,Teralih,Ma et al. (2s eye / 3s yaw),baca_buku
2026-08-20T11:27:13.626,73.327,6.61,-168.02,0.1339,Teralih,Ma et al. (2s eye / 3s yaw),baca_buku
2026-08-20T11:27:13.660,73.361,6.47,-167.92,0.1263,Teralih,Ma et al. (2s eye / 3s yaw),baca_buku
2026-08-20T11:27:13.694,73.395,6.36,-167.91,0.1254,Teralih,Ma et al. (2s eye / 3s yaw),baca_buku
2026-08-20T11:27:13.728,73.429,6.19,-167.83,0.1251,Teralih,Ma et al. (2s eye / 3s yaw),baca_buku
2026-08-20T11:27:13.763,73.464,5.66,-167.82,0.125,Teralih,Ma et al. (2s eye / 3s yaw),baca_buku
2026-08-20T11:27:13.799,73.5,5.54,-167.9,0.138,Teralih,Ma et al. (2s eye / 3s yaw),baca_buku
2026-08-20T11:27:13.827,73.527,5.89,-168.14,0.1499,Teralih,Ma et al. (2s eye / 3s yaw),baca_buku
2026-08-20T11:27:13.854,73.554,5.86,-168.18,0.1518,Teralih,Ma et al. (2s eye / 3s yaw),baca_buku
2026-08-20T11:27:13.889,73.59,5.87,-168.27,0.1538,Teralih,Ma et al. (2s eye / 3s yaw),baca_buku
2026-08-20T11:27:13.920,73.621,5.98,-168.49,0.1545,Teralih,Ma et al. (2s eye / 3s yaw),baca_buku
2026-08-20T11:27:13.953,73.654,5.74,-168.58,0.1558,Teralih,Ma et al. (2s eye / 3s yaw),baca_buku
2026-08-20T11:27:13.989,73.69,6.95,-168.57,0.1587,Teralih,Ma et al. (2s eye / 3s yaw),baca_buku
2026-08-20T11:27:14.027,73.727,6.99,-168.48,0.1575,Teralih,Ma et al. (2s eye / 3s yaw),baca_buku
2026-08-20T11:27:14.052,73.753,6.57,-168.67,0.1592,Teralih,Ma et al. (2s eye / 3s yaw),baca_buku
2026-08-20T11:27:14.086,73.786,6.68,-168.65,0.1609,Teralih,Ma et al. (2s eye / 3s yaw),baca_buku
2026-08-20T11:27:14.125,73.826,7.02,-168.5,0.1574,Teralih,Ma et al. (2s eye / 3s yaw),baca_buku
2026-08-20T11:27:14.157,73.858,7.17,-168.46,0.1619,Teralih,Ma et al. (2s eye / 3s yaw),baca_buku
2026-08-20T11:27:14.196,73.897,6.87,-168.36,0.1616,Teralih,Ma et al. (2s eye / 3s yaw),baca_buku
2026-08-20T11:27:14.232,73.932,6.81,-168.4,0.1624,Teralih,Ma et al. (2s eye / 3s yaw),baca_buku
2026-08-20T11:27:14.266,73.967,7.33,-168.46,0.1693,Teralih,Ma et al. (2s eye / 3s yaw),baca_buku
2026-08-20T11:27:14.300,74.001,7.41,-168.57,0.1676,Teralih,Ma et al. (2s eye / 3s yaw),baca_buku
2026-08-20T11:27:14.335,74.036,7.3,-168.6,0.1686,Teralih,Ma et al. (2s eye / 3s yaw),baca_buku
2026-08-20T11:27:14.371,74.072,7.68,-168.73,0.1728,Teralih,Ma et al. (2s eye / 3s yaw),baca_buku
2026-08-20T11:27:14.407,74.107,7.65,-168.82,0.1783,Teralih,Ma et al. (2s eye / 3s yaw),baca_buku
2026-08-20T11:27:14.441,74.142,7.22,-168.88,0.178,Teralih,Ma et al. (2s eye / 3s yaw),baca_buku
2026-08-20T11:27:14.475,74.176,7.51,-168.91,0.1758,Teralih,Ma et al. (2s eye / 3s yaw),baca_buku
2026-08-20T11:27:14.510,74.211,7.6,-168.75,0.1743,Teralih,Ma et al. (2s eye / 3s yaw),baca_buku
2026-08-20T11:27:14.545,74.246,7.83,-169.05,0.18,Teralih,Ma et al. (2s eye / 3s yaw),baca_buku
2026-08-20T11:27:14.574,74.275,7.77,-169.3,0.1768,Teralih,Ma et al. (2s eye / 3s yaw),baca_buku
2026-08-20T11:27:14.602,74.303,7.88,-169.37,0.1712,Teralih,Ma et al. (2s eye / 3s yaw),baca_buku
2026-08-20T11:27:14.635,74.336,7.92,-169.34,0.1716,Teralih,Ma et al. (2s eye / 3s yaw),baca_buku
2026-08-20T11:27:14.658,74.359,8.35,-169.34,0.1733,Teralih,Ma et al. (2s eye / 3s yaw),baca_buku
2026-08-20T11:27:14.687,74.387,8.6,-169.2,0.1738,Teralih,Ma et al. (2s eye / 3s yaw),baca_buku
2026-08-20T11:27:14.732,74.433,8.76,-169.01,0.1785,Teralih,Ma et al. (2s eye / 3s yaw),baca_buku
2026-08-20T11:27:14.769,74.469,8.58,-168.9,0.1822,Teralih,Ma et al. (2s eye / 3s yaw),baca_buku
2026-08-20T11:27:14.804,74.505,8.32,-169.18,0.1836,Teralih,Ma et al. (2s eye / 3s yaw),baca_buku
2026-08-20T11:27:14.834,74.535,8.99,-169.2,0.1884,Teralih,Ma et al. (2s eye / 3s yaw),baca_buku
2026-08-20T11:27:14.863,74.563,8.49,-169.23,0.1881,Teralih,Ma et al. (2s eye / 3s yaw),baca_buku
2026-08-20T11:27:14.898,74.598,7.56,-169.1,0.1806,Teralih,Ma et al. (2s eye / 3s yaw),baca_buku
2026-08-20T11:27:14.933,74.634,7.32,-169.23,0.1827,Teralih,Ma et al. (2s eye / 3s yaw),baca_buku
2026-08-20T11:27:14.968,74.669,7.18,-169.16,0.1841,Teralih,Ma et al. (2s eye / 3s yaw),baca_buku
2026-08-20T11:27:15.002,74.703,8.15,-169.46,0.1893,Teralih,Ma et al. (2s eye / 3s yaw),baca_buku
2026-08-20T11:27:15.037,74.738,7.26,-169.23,0.1846,Teralih,Ma et al. (2s eye / 3s yaw),baca_buku
2026-08-20T11:27:15.072,74.772,7.05,-169.33,0.1843,Teralih,Ma et al. (2s eye / 3s yaw),baca_buku
2026-08-20T11:27:15.106,74.806,6.9,-169.45,0.1897,Teralih,Ma et al. (2s eye / 3s yaw),baca_buku
2026-08-20T11:27:15.141,74.841,7.37,-169.36,0.1886,Teralih,Ma et al. (2s eye / 3s yaw),baca_buku
2026-08-20T11:27:15.175,74.876,7.75,-169.36,0.1914,Teralih,Ma et al. (2s eye / 3s yaw),baca_buku
2026-08-20T11:27:15.210,74.911,7.63,-169.37,0.1878,Teralih,Ma et al. (2s eye / 3s yaw),baca_buku
2026-08-20T11:27:15.244,74.945,7.56,-169.29,0.1903,Teralih,Ma et al. (2s eye / 3s yaw),baca_buku
2026-08-20T11:27:15.277,74.978,7.45,-169.35,0.1923,Teralih,Ma et al. (2s eye / 3s yaw),baca_buku
2026-08-20T11:27:15.312,75.013,7.38,-169.26,0.1907,Teralih,Ma et al. (2s eye / 3s yaw),baca_buku
2026-08-20T11:27:15.347,75.047,7.26,-169.35,0.1923,Teralih,Ma et al. (2s eye / 3s yaw),baca_buku
2026-08-20T11:27:15.383,75.083,7.22,-169.33,0.1937,Teralih,Ma et al. (2s eye / 3s yaw),baca_buku
2026-08-20T11:27:15.418,75.119,7.08,-169.38,0.193,Teralih,Ma et al. (2s eye / 3s yaw),baca_buku
2026-08-20T11:27:15.453,75.154,7.26,-169.77,0.1953,Teralih,Ma et al. (2s eye / 3s yaw),baca_buku
2026-08-20T11:27:15.489,75.19,6.75,-169.85,0.1993,Teralih,Ma et al. (2s eye / 3s yaw),baca_buku
2026-08-20T11:27:15.525,75.225,6.45,-169.75,0.2013,Teralih,Ma et al. (2s eye / 3s yaw),baca_buku
2026-08-20T11:27:15.560,75.261,6.59,-169.92,0.203,Teralih,Ma et al. (2s eye / 3s yaw),baca_buku
2026-08-20T11:27:15.595,75.296,6.59,-169.93,0.2049,Teralih,Ma et al. (2s eye / 3s yaw),baca_buku
2026-08-20T11:27:15.631,75.332,6.73,-170.0,0.2064,Teralih,Ma et al. (2s eye / 3s yaw),baca_buku
2026-08-20T11:27:15.665,75.366,6.57,-169.96,0.2082,Teralih,Ma et al. (2s eye / 3s yaw),baca_buku
2026-08-20T11:27:15.700,75.401,6.29,-169.95,0.2087,Teralih,Ma et al. (2s eye / 3s yaw),baca_buku
2026-08-20T11:27:15.734,75.434,6.59,-170.01,0.2114,Fokus,Ma et al. (2s eye / 3s yaw),baca_buku
2026-08-20T11:27:15.768,75.469,6.76,-170.0,0.2119,Fokus,Ma et al. (2s eye / 3s yaw),baca_buku
2026-08-20T11:27:15.804,75.504,6.47,-170.11,0.2148,Fokus,Ma et al. (2s eye / 3s yaw),baca_buku
2026-08-20T11:27:15.838,75.538,6.26,-169.94,0.2135,Fokus,Ma et al. (2s eye / 3s yaw),baca_buku
2026-08-20T11:27:15.871,75.572,5.75,-169.9,0.213,Fokus,Ma et al. (2s eye / 3s yaw),baca_buku
2026-08-20T11:27:15.902,75.603,5.41,-169.83,0.2105,Fokus,Ma et al. (2s eye / 3s yaw),baca_buku
2026-08-20T11:27:15.935,75.636,4.4,-169.73,0.2109,Fokus,Ma et al. (2s eye / 3s yaw),baca_buku
2026-08-20T11:27:15.970,75.67,2.49,-169.63,0.2122,Fokus,Ma et al. (2s eye / 3s yaw),baca_buku
2026-08-20T11:27:16.005,75.705,3.3,-169.55,0.2127,Fokus,Ma et al. (2s eye / 3s yaw),baca_buku
2026-08-20T11:27:16.040,75.74,3.39,-169.73,0.2153,Fokus,Ma et al. (2s eye / 3s yaw),baca_buku
2026-08-20T11:27:16.074,75.774,1.89,-169.76,0.2188,Fokus,Ma et al. (2s eye / 3s yaw),baca_buku
2026-08-20T11:27:16.109,75.81,0.93,-169.68,0.2146,Fokus,Ma et al. (2s eye / 3s yaw),baca_buku
2026-08-20T11:27:16.144,75.844,2.06,-169.89,0.2132,Fokus,Ma et al. (2s eye / 3s yaw),baca_buku
2026-08-20T11:27:16.179,75.879,0.97,-170.0,0.2133,Fokus,Ma et al. (2s eye / 3s yaw),baca_buku
2026-08-20T11:27:16.214,75.915,1.45,-169.89,0.2142,Fokus,Ma et al. (2s eye / 3s yaw),baca_buku
2026-08-20T11:27:16.248,75.949,0.59,-169.88,0.216,Fokus,Ma et al. (2s eye / 3s yaw),baca_buku
2026-08-20T11:27:16.277,75.977,0.5,-169.85,0.2121,Fokus,Ma et al. (2s eye / 3s yaw),baca_buku
2026-08-20T11:27:16.296,75.996,0.17,-169.82,0.2091,Fokus,Ma et al. (2s eye / 3s yaw),baca_buku
2026-08-20T11:27:16.317,76.017,-0.27,-169.89,0.2088,Fokus,Ma et al. (2s eye / 3s yaw),baca_buku
2026-08-20T11:27:16.339,76.04,-0.91,-169.74,0.208,Fokus,Ma et al. (2s eye / 3s yaw),baca_buku
2026-08-20T11:27:16.359,76.059,-1.46,-169.77,0.2065,Fokus,Ma et al. (2s eye / 3s yaw),baca_buku
2026-08-20T11:27:16.403,76.103,-1.09,-169.98,0.2115,Fokus,Ma et al. (2s eye / 3s yaw),baca_buku
2026-08-20T11:27:16.441,76.141,-1.49,-170.02,0.2108,Fokus,Ma et al. (2s eye / 3s yaw),baca_buku
2026-08-20T11:27:16.476,76.176,-1.57,-169.94,0.2109,Fokus,Ma et al. (2s eye / 3s yaw),baca_buku
2026-08-20T11:27:16.510,76.211,-1.63,-169.94,0.2101,Fokus,Ma et al. (2s eye / 3s yaw),baca_buku
2026-08-20T11:27:16.540,76.241,-1.57,-170.04,0.2105,Fokus,Ma et al. (2s eye / 3s yaw),baca_buku
2026-08-20T11:27:16.568,76.268,-1.49,-169.93,0.2102,Fokus,Ma et al. (2s eye / 3s yaw),baca_buku
2026-08-20T11:27:16.607,76.308,-1.42,-169.91,0.2102,Fokus,Ma et al. (2s eye / 3s yaw),baca_buku
2026-08-20T11:27:16.643,76.343,-1.41,-169.91,0.2104,Fokus,Ma et al. (2s eye / 3s yaw),baca_buku
2026-08-20T11:27:16.677,76.378,-1.58,-169.92,0.2112,Fokus,Ma et al. (2s eye / 3s yaw),baca_buku
2026-08-20T11:27:16.712,76.413,-1.6,-170.08,0.2124,Fokus,Ma et al. (2s eye / 3s yaw),baca_buku
2026-08-20T11:27:16.746,76.447,-1.87,-170.12,0.2155,Fokus,Ma et al. (2s eye / 3s yaw),baca_buku
2026-08-20T11:27:16.776,76.477,-2.06,-170.21,0.2241,Fokus,Ma et al. (2s eye / 3s yaw),baca_buku
2026-08-20T11:27:16.799,76.499,-2.2,-170.15,0.2297,Fokus,Ma et al. (2s eye / 3s yaw),baca_buku
2026-08-20T11:27:16.832,76.533,-1.57,-170.24,0.2312,Fokus,Ma et al. (2s eye / 3s yaw),baca_buku
2026-08-20T11:27:16.876,76.577,-1.63,-170.18,0.2367,Fokus,Ma et al. (2s eye / 3s yaw),baca_buku
2026-08-20T11:27:16.913,76.614,-1.86,-170.17,0.2357,Fokus,Ma et al. (2s eye / 3s yaw),baca_buku
2026-08-20T11:27:16.941,76.642,-1.72,-170.1,0.2319,Fokus,Ma et al. (2s eye / 3s yaw),baca_buku
2026-08-20T11:27:16.963,76.664,-1.73,-170.0,0.2287,Fokus,Ma et al. (2s eye / 3s yaw),baca_buku
2026-08-20T11:27:17.002,76.703,-2.25,-170.04,0.2259,Fokus,Ma et al. (2s eye / 3s yaw),baca_buku
2026-08-20T11:27:17.031,76.731,-2.42,-170.33,0.2263,Fokus,Ma et al. (2s eye / 3s yaw),baca_buku
2026-08-20T11:27:17.073,76.773,-2.26,-170.22,0.2265,Fokus,Ma et al. (2s eye / 3s yaw),baca_buku
2026-08-20T11:27:17.097,76.798,-2.11,-170.25,0.2267,Fokus,Ma et al. (2s eye / 3s yaw),baca_buku
2026-08-20T11:27:17.142,76.843,-2.08,-170.59,0.2272,Fokus,Ma et al. (2s eye / 3s yaw),baca_buku
2026-08-20T11:27:17.166,76.867,-1.37,-170.47,0.2285,Fokus,Ma et al. (2s eye / 3s yaw),baca_buku
2026-08-20T11:27:17.208,76.908,-1.51,-170.64,0.2333,Fokus,Ma et al. (2s eye / 3s yaw),baca_buku
2026-08-20T11:27:17.244,76.945,-1.47,-169.07,0.233,Fokus,Ma et al. (2s eye / 3s yaw),baca_buku
2026-08-20T11:27:17.278,76.979,-1.22,-169.59,0.233,Fokus,Ma et al. (2s eye / 3s yaw),baca_buku
2026-08-20T11:27:17.313,77.014,-0.51,-170.06,0.2303,Fokus,Ma et al. (2s eye / 3s yaw),baca_buku
2026-08-20T11:27:17.344,77.045,-1.14,-170.0,0.2313,Fokus,Ma et al. (2s eye / 3s yaw),baca_buku
2026-08-20T11:27:17.364,77.065,-1.56,-170.15,0.2315,Fokus,Ma et al. (2s eye / 3s yaw),baca_buku
2026-08-20T11:27:17.411,77.111,-2.03,-170.2,0.2326,Fokus,Ma et al. (2s eye / 3s yaw),baca_buku
2026-08-20T11:27:17.441,77.142,-2.07,-170.33,0.2304,Fokus,Ma et al. (2s eye / 3s yaw),baca_buku
2026-08-20T11:27:17.473,77.174,-2.22,-170.43,0.2337,Fokus,Ma et al. (2s eye / 3s yaw),baca_buku
2026-08-20T11:27:17.506,77.206,-2.1,-170.39,0.234,Fokus,Ma et al. (2s eye / 3s yaw),baca_buku
2026-08-20T11:27:17.543,77.244,-1.94,-170.42,0.2313,Fokus,Ma et al. (2s eye / 3s yaw),baca_buku
2026-08-20T11:27:17.576,77.276,-1.54,-170.42,0.2319,Fokus,Ma et al. (2s eye / 3s yaw),baca_buku
2026-08-20T11:27:17.612,77.313,-1.52,-170.45,0.2338,Fokus,Ma et al. (2s eye / 3s yaw),baca_buku
2026-08-20T11:27:17.637,77.338,-1.79,-170.4,0.2332,Fokus,Ma et al. (2s eye / 3s yaw),baca_buku
2026-08-20T11:27:17.680,77.38,-1.93,-170.32,0.2327,Fokus,Ma et al. (2s eye / 3s yaw),baca_buku
2026-08-20T11:27:17.715,77.416,-2.93,-170.71,0.2373,Fokus,Ma et al. (2s eye / 3s yaw),baca_buku
2026-08-20T11:27:17.749,77.45,-4.81,-170.59,0.234,Fokus,Ma et al. (2s eye / 3s yaw),baca_buku
2026-08-20T11:27:17.783,77.483,-5.94,-170.67,0.2358,Fokus,Ma et al. (2s eye / 3s yaw),baca_buku
2026-08-20T11:27:17.808,77.509,-7.34,-170.64,0.2348,Fokus,Ma et al. (2s eye / 3s yaw),baca_buku
2026-08-20T11:27:17.840,77.54,-8.67,-170.98,0.234,Fokus,Ma et al. (2s eye / 3s yaw),baca_buku
2026-08-20T11:27:17.880,77.58,-8.77,-170.84,0.2382,Fokus,Ma et al. (2s eye / 3s yaw),baca_buku
2026-08-20T11:27:17.918,77.619,-11.25,-170.78,0.2405,Fokus,Ma et al. (2s eye / 3s yaw),baca_buku
2026-08-20T11:27:17.956,77.657,-11.52,-170.56,0.238,Fokus,Ma et al. (2s eye / 3s yaw),baca_buku
2026-08-20T11:27:17.991,77.692,-11.78,-170.54,0.2414,Fokus,Ma et al. (2s eye / 3s yaw),baca_buku
2026-08-20T11:27:18.027,77.728,-12.46,-170.66,0.2482,Fokus,Ma et al. (2s eye / 3s yaw),baca_buku
2026-08-20T11:27:18.062,77.763,-12.73,-170.48,0.248,Fokus,Ma et al. (2s eye / 3s yaw),baca_buku
2026-08-20T11:27:18.097,77.798,-11.87,-170.67,0.2379,Fokus,Ma et al. (2s eye / 3s yaw),baca_buku
2026-08-20T11:27:18.132,77.832,-10.93,-170.78,0.2425,Fokus,Ma et al. (2s eye / 3s yaw),baca_buku
2026-08-20T11:27:18.166,77.867,-10.84,-170.77,0.2383,Fokus,Ma et al. (2s eye / 3s yaw),baca_buku
2026-08-20T11:27:18.201,77.902,-11.1,-170.51,0.241,Fokus,Ma et al. (2s eye / 3s yaw),baca_buku
2026-08-20T11:27:18.237,77.938,-10.19,-170.42,0.2364,Fokus,Ma et al. (2s eye / 3s yaw),baca_buku
2026-08-20T11:27:18.272,77.973,-10.25,-170.31,0.2362,Fokus,Ma et al. (2s eye / 3s yaw),baca_buku
2026-08-20T11:27:18.306,78.007,-10.85,-170.41,0.2357,Fokus,Ma et al. (2s eye / 3s yaw),baca_buku
2026-08-20T11:27:18.341,78.042,-10.84,-170.53,0.231,Fokus,Ma et al. (2s eye / 3s yaw),baca_buku
2026-08-20T11:27:18.377,78.078,-10.92,-170.48,0.2283,Fokus,Ma et al. (2s eye / 3s yaw),baca_buku
2026-08-20T11:27:18.413,78.113,-11.18,-170.48,0.2251,Fokus,Ma et al. (2s eye / 3s yaw),baca_buku
2026-08-20T11:27:18.448,78.149,-11.56,-170.44,0.2236,Fokus,Ma et al. (2s eye / 3s yaw),baca_buku
2026-08-20T11:27:18.482,78.182,-11.36,-170.38,0.2233,Fokus,Ma et al. (2s eye / 3s yaw),baca_buku
2026-08-20T11:27:18.517,78.217,-11.16,-170.29,0.2242,Fokus,Ma et al. (2s eye / 3s yaw),baca_buku
2026-08-20T11:27:18.549,78.25,-11.1,-170.18,0.2161,Fokus,Ma et al. (2s eye / 3s yaw),baca_buku
2026-08-20T11:27:18.578,78.279,-10.81,-170.13,0.2148,Fokus,Ma et al. (2s eye / 3s yaw),baca_buku
2026-08-20T11:27:18.600,78.3,-10.81,-170.11,0.2111,Fokus,Ma et al. (2s eye / 3s yaw),baca_buku
2026-08-20T11:27:18.618,78.319,-10.6,-170.14,0.2091,Fokus,Ma et al. (2s eye / 3s yaw),baca_buku
2026-08-20T11:27:18.637,78.338,-10.6,-170.1,0.208,Fokus,Ma et al. (2s eye / 3s yaw),baca_buku
2026-08-20T11:27:18.681,78.382,-10.58,-170.15,0.2077,Fokus,Ma et al. (2s eye / 3s yaw),baca_buku
2026-08-20T11:27:18.714,78.415,-10.92,-170.15,0.2071,Fokus,Ma et al. (2s eye / 3s yaw),baca_buku
2026-08-20T11:27:18.751,78.452,-10.85,-170.04,0.2065,Fokus,Ma et al. (2s eye / 3s yaw),baca_buku
2026-08-20T11:27:18.783,78.483,-11.25,-170.14,0.2081,Fokus,Ma et al. (2s eye / 3s yaw),baca_buku
2026-08-20T11:27:18.811,78.512,-10.97,-170.18,0.2039,Fokus,Ma et al. (2s eye / 3s yaw),baca_buku
2026-08-20T11:27:18.852,78.553,-10.98,-170.12,0.207,Fokus,Ma et al. (2s eye / 3s yaw),baca_buku
2026-08-20T11:27:18.885,78.585,-10.7,-170.08,0.2068,Fokus,Ma et al. (2s eye / 3s yaw),baca_buku
2026-08-20T11:27:18.918,78.619,-10.63,-169.96,0.2104,Fokus,Ma et al. (2s eye / 3s yaw),baca_buku
2026-08-20T11:27:18.948,78.649,-11.01,-170.08,0.2173,Fokus,Ma et al. (2s eye / 3s yaw),baca_buku
2026-08-20T11:27:18.981,78.681,-11.92,-169.88,0.2305,Fokus,Ma et al. (2s eye / 3s yaw),baca_buku
2026-08-20T11:27:19.014,78.715,-12.1,-169.91,0.2286,Fokus,Ma et al. (2s eye / 3s yaw),baca_buku
2026-08-20T11:27:19.045,78.745,-11.93,-169.97,0.2333,Fokus,Ma et al. (2s eye / 3s yaw),baca_buku
2026-08-20T11:27:19.083,78.784,-12.1,-169.97,0.2349,Fokus,Ma et al. (2s eye / 3s yaw),baca_buku
2026-08-20T11:27:19.119,78.82,-12.0,-169.9,0.2333,Fokus,Ma et al. (2s eye / 3s yaw),baca_buku
2026-08-20T11:27:19.146,78.847,-12.23,-170.06,0.2371,Fokus,Ma et al. (2s eye / 3s yaw),baca_buku
2026-08-20T11:27:19.184,78.884,-12.12,-169.82,0.2342,Fokus,Ma et al. (2s eye / 3s yaw),baca_buku
2026-08-20T11:27:19.211,78.912,-12.01,-169.86,0.2345,Fokus,Ma et al. (2s eye / 3s yaw),baca_buku
2026-08-20T11:27:19.253,78.953,-12.01,-169.96,0.2381,Fokus,Ma et al. (2s eye / 3s yaw),baca_buku
2026-08-20T11:27:19.288,78.989,-12.33,-170.25,0.238,Fokus,Ma et al. (2s eye / 3s yaw),baca_buku
2026-08-20T11:27:19.322,79.023,-12.26,-170.35,0.238,Fokus,Ma et al. (2s eye / 3s yaw),baca_buku
2026-08-20T11:27:19.351,79.052,-12.53,-170.6,0.235,Fokus,Ma et al. (2s eye / 3s yaw),baca_buku
2026-08-20T11:27:19.378,79.078,-12.5,-170.78,0.239,Fokus,Ma et al. (2s eye / 3s yaw),baca_buku
2026-08-20T11:27:19.419,79.119,-12.82,-170.67,0.2403,Fokus,Ma et al. (2s eye / 3s yaw),baca_buku
2026-08-20T11:27:19.456,79.157,-13.3,-170.78,0.2368,Fokus,Ma et al. (2s eye / 3s yaw),baca_buku
2026-08-20T11:27:19.481,79.182,-13.46,-170.84,0.2423,Fokus,Ma et al. (2s eye / 3s yaw),baca_buku
2026-08-20T11:27:19.513,79.214,-13.31,-170.78,0.2396,Fokus,Ma et al. (2s eye / 3s yaw),baca_buku
2026-08-20T11:27:19.556,79.256,-12.82,-170.84,0.2344,Fokus,Ma et al. (2s eye / 3s yaw),baca_buku
2026-08-20T11:27:19.591,79.292,-12.08,-170.74,0.2351,Fokus,Ma et al. (2s eye / 3s yaw),baca_buku
2026-08-20T11:27:19.626,79.327,-11.88,-170.78,0.2388,Fokus,Ma et al. (2s eye / 3s yaw),baca_buku
2026-08-20T11:27:19.661,79.362,-11.71,-170.82,0.2377,Fokus,Ma et al. (2s eye / 3s yaw),baca_buku
2026-08-20T11:27:19.696,79.397,-11.95,-170.78,0.241,Fokus,Ma et al. (2s eye / 3s yaw),baca_buku
2026-08-20T11:27:19.730,79.431,-11.75,-170.78,0.2394,Fokus,Ma et al. (2s eye / 3s yaw),baca_buku
2026-08-20T11:27:19.765,79.466,-11.65,-170.92,0.2398,Fokus,Ma et al. (2s eye / 3s yaw),baca_buku
2026-08-20T11:27:19.800,79.5,-11.35,-170.89,0.24,Fokus,Ma et al. (2s eye / 3s yaw),baca_buku
2026-08-20T11:27:19.834,79.535,-11.11,-170.99,0.2406,Fokus,Ma et al. (2s eye / 3s yaw),baca_buku
2026-08-20T11:27:19.868,79.569,-11.28,-171.02,0.238,Fokus,Ma et al. (2s eye / 3s yaw),baca_buku
2026-08-20T11:27:19.904,79.604,-11.0,-170.98,0.2374,Fokus,Ma et al. (2s eye / 3s yaw),baca_buku
2026-08-20T11:27:19.939,79.639,-10.95,-170.94,0.237,Fokus,Ma et al. (2s eye / 3s yaw),baca_buku
2026-08-20T11:27:19.974,79.675,-10.77,-170.71,0.2376,Fokus,Ma et al. (2s eye / 3s yaw),baca_buku
2026-08-20T11:27:20.009,79.71,-10.88,-170.71,0.2374,Fokus,Ma et al. (2s eye / 3s yaw),baca_buku
2026-08-20T11:27:20.043,79.743,-11.45,-170.71,0.2375,Fokus,Ma et al. (2s eye / 3s yaw),baca_buku
2026-08-20T11:27:20.077,79.778,-11.14,-170.65,0.2371,Fokus,Ma et al. (2s eye / 3s yaw),baca_buku
2026-08-20T11:27:20.111,79.812,-11.21,-170.72,0.2367,Fokus,Ma et al. (2s eye / 3s yaw),baca_buku
2026-08-20T11:27:20.146,79.847,-11.21,-170.71,0.2328,Fokus,Ma et al. (2s eye / 3s yaw),baca_buku
2026-08-20T11:27:20.181,79.882,-11.11,-170.74,0.2337,Fokus,Ma et al. (2s eye / 3s yaw),baca_buku
2026-08-20T11:27:20.217,79.917,-10.84,-170.7,0.2353,Fokus,Ma et al. (2s eye / 3s yaw),baca_buku
2026-08-20T11:27:20.252,79.952,-11.06,-170.79,0.2339,Fokus,Ma et al. (2s eye / 3s yaw),baca_buku
2026-08-20T11:27:20.288,79.988,-10.98,-170.89,0.2335,Fokus,Ma et al. (2s eye / 3s yaw),baca_buku
2026-08-20T11:27:20.324,80.025,-10.49,-170.9,0.2332,Fokus,Ma et al. (2s eye / 3s yaw),baca_buku
2026-08-20T11:27:20.359,80.06,-10.44,-170.84,0.232,Fokus,Ma et al. (2s eye / 3s yaw),baca_buku
2026-08-20T11:27:20.396,80.096,-10.32,-170.84,0.2318,Fokus,Ma et al. (2s eye / 3s yaw),baca_buku
2026-08-20T11:27:20.433,80.134,-9.98,-170.85,0.2305,Fokus,Ma et al. (2s eye / 3s yaw),baca_buku
2026-08-20T11:27:20.469,80.169,-9.68,-170.79,0.23,Fokus,Ma et al. (2s eye / 3s yaw),baca_buku
2026-08-20T11:27:20.504,80.205,-9.44,-170.85,0.2311,Fokus,Ma et al. (2s eye / 3s yaw),baca_buku
2026-08-20T11:27:20.539,80.239,-9.32,-170.78,0.2311,Fokus,Ma et al. (2s eye / 3s yaw),baca_buku
2026-08-20T11:27:20.573,80.274,-9.27,-170.71,0.2319,Fokus,Ma et al. (2s eye / 3s yaw),baca_buku
2026-08-20T11:27:20.608,80.309,-9.66,-170.95,0.2323,Fokus,Ma et al. (2s eye / 3s yaw),baca_buku
2026-08-20T11:27:20.643,80.344,-9.04,-170.94,0.236,Fokus,Ma et al. (2s eye / 3s yaw),baca_buku
2026-08-20T11:27:20.680,80.38,-9.13,-170.92,0.2358,Fokus,Ma et al. (2s eye / 3s yaw),baca_buku
2026-08-20T11:27:20.715,80.415,-9.01,-170.9,0.2373,Fokus,Ma et al. (2s eye / 3s yaw),baca_buku
2026-08-20T11:27:20.749,80.45,-7.88,-170.97,0.2364,Fokus,Ma et al. (2s eye / 3s yaw),baca_buku
2026-08-20T11:27:20.785,80.485,-8.17,-171.04,0.238,Fokus,Ma et al. (2s eye / 3s yaw),baca_buku
2026-08-20T11:27:20.819,80.52,-8.01,-171.01,0.24,Fokus,Ma et al. (2s eye / 3s yaw),baca_buku
2026-08-20T11:27:20.853,80.554,-7.61,-170.94,0.2406,Fokus,Ma et al. (2s eye / 3s yaw),baca_buku
2026-08-20T11:27:20.888,80.589,-7.72,-170.97,0.2408,Fokus,Ma et al. (2s eye / 3s yaw),baca_buku
2026-08-20T11:27:20.924,80.624,-8.23,-170.96,0.2423,Fokus,Ma et al. (2s eye / 3s yaw),baca_buku
2026-08-20T11:27:20.958,80.658,-8.29,-170.84,0.2462,Fokus,Ma et al. (2s eye / 3s yaw),baca_buku
2026-08-20T11:27:20.993,80.693,-8.13,-170.88,0.2443,Fokus,Ma et al. (2s eye / 3s yaw),baca_buku
2026-08-20T11:27:21.028,80.728,-8.44,-170.96,0.2432,Fokus,Ma et al. (2s eye / 3s yaw),baca_buku
2026-08-20T11:27:21.062,80.763,-8.54,-170.85,0.2443,Fokus,Ma et al. (2s eye / 3s yaw),baca_buku
2026-08-20T11:27:21.097,80.798,-8.49,-170.93,0.2443,Fokus,Ma et al. (2s eye / 3s yaw),baca_buku
2026-08-20T11:27:21.128,80.829,-9.02,-170.86,0.2446,Fokus,Ma et al. (2s eye / 3s yaw),baca_buku
2026-08-20T11:27:21.162,80.863,-9.63,-170.91,0.244,Fokus,Ma et al. (2s eye / 3s yaw),baca_buku
2026-08-20T11:27:21.187,80.888,-10.19,-171.02,0.2448,Fokus,Ma et al. (2s eye / 3s yaw),baca_buku
2026-08-20T11:27:21.211,80.912,-10.12,-171.07,0.2425,Fokus,Ma et al. (2s eye / 3s yaw),baca_buku
2026-08-20T11:27:21.242,80.942,-10.42,-171.32,0.2408,Fokus,Ma et al. (2s eye / 3s yaw),baca_buku
2026-08-20T11:27:21.271,80.972,-10.57,-171.27,0.2416,Fokus,Ma et al. (2s eye / 3s yaw),baca_buku
2026-08-20T11:27:21.307,81.008,-10.76,-171.36,0.2427,Fokus,Ma et al. (2s eye / 3s yaw),baca_buku
2026-08-20T11:27:21.342,81.043,-11.01,-171.33,0.2418,Fokus,Ma et al. (2s eye / 3s yaw),baca_buku
2026-08-20T11:27:21.378,81.079,-10.79,-171.3,0.2418,Fokus,Ma et al. (2s eye / 3s yaw),baca_buku
2026-08-20T11:27:21.414,81.114,-11.12,-171.65,0.2422,Fokus,Ma et al. (2s eye / 3s yaw),baca_buku
2026-08-20T11:27:21.449,81.15,-11.47,-171.5,0.2425,Fokus,Ma et al. (2s eye / 3s yaw),baca_buku
2026-08-20T11:27:21.484,81.185,-11.68,-171.47,0.2465,Fokus,Ma et al. (2s eye / 3s yaw),baca_buku
2026-08-20T11:27:21.518,81.219,-11.64,-171.45,0.2458,Fokus,Ma et al. (2s eye / 3s yaw),baca_buku
2026-08-20T11:27:21.554,81.254,-11.37,-171.27,0.2472,Fokus,Ma et al. (2s eye / 3s yaw),baca_buku
2026-08-20T11:27:21.586,81.287,-11.33,-171.23,0.2479,Fokus,Ma et al. (2s eye / 3s yaw),baca_buku
2026-08-20T11:27:21.620,81.321,-11.13,-171.26,0.2469,Fokus,Ma et al. (2s eye / 3s yaw),baca_buku
2026-08-20T11:27:21.655,81.356,-10.05,-171.33,0.2449,Fokus,Ma et al. (2s eye / 3s yaw),baca_buku
2026-08-20T11:27:21.691,81.392,-10.01,-171.38,0.2434,Fokus,Ma et al. (2s eye / 3s yaw),baca_buku
2026-08-20T11:27:21.726,81.427,-10.3,-171.37,0.2422,Fokus,Ma et al. (2s eye / 3s yaw),baca_buku
2026-08-20T11:27:21.761,81.462,-11.36,-171.19,0.2432,Fokus,Ma et al. (2s eye / 3s yaw),baca_buku
2026-08-20T11:27:21.796,81.496,-11.41,-171.1,0.2425,Fokus,Ma et al. (2s eye / 3s yaw),baca_buku
2026-08-20T11:27:21.831,81.531,-11.51,-171.06,0.2415,Fokus,Ma et al. (2s eye / 3s yaw),baca_buku
2026-08-20T11:27:21.865,81.566,-9.74,-170.68,0.1596,Fokus,Ma et al. (2s eye / 3s yaw),baca_buku
2026-08-20T11:27:21.900,81.601,-8.19,-170.2,0.1076,Fokus,Ma et al. (2s eye / 3s yaw),baca_buku
2026-08-20T11:27:21.936,81.636,-7.59,-169.7,0.0981,Fokus,Ma et al. (2s eye / 3s yaw),baca_buku
2026-08-20T11:27:21.965,81.665,-7.64,-169.47,0.1014,Fokus,Ma et al. (2s eye / 3s yaw),baca_buku
2026-08-20T11:27:21.997,81.697,-7.76,-169.39,0.1054,Fokus,Ma et al. (2s eye / 3s yaw),baca_buku
2026-08-20T11:27:22.032,81.732,-7.83,-169.61,0.1095,Fokus,Ma et al. (2s eye / 3s yaw),baca_buku
2026-08-20T11:27:22.067,81.767,-8.19,-169.78,0.1169,Fokus,Ma et al. (2s eye / 3s yaw),baca_buku
2026-08-20T11:27:22.101,81.802,-8.47,-169.86,0.1266,Fokus,Ma et al. (2s eye / 3s yaw),baca_buku
2026-08-20T11:27:22.135,81.836,-8.71,-170.21,0.1371,Fokus,Ma et al. (2s eye / 3s yaw),baca_buku
2026-08-20T11:27:22.170,81.871,-9.0,-170.32,0.1471,Fokus,Ma et al. (2s eye / 3s yaw),baca_buku
2026-08-20T11:27:22.205,81.905,-9.0,-170.37,0.1524,Fokus,Ma et al. (2s eye / 3s yaw),baca_buku
2026-08-20T11:27:22.236,81.936,-7.73,-170.48,0.1603,Fokus,Ma et al. (2s eye / 3s yaw),baca_buku
2026-08-20T11:27:22.265,81.966,-7.14,-170.58,0.163,Fokus,Ma et al. (2s eye / 3s yaw),baca_buku
2026-08-20T11:27:22.306,82.007,-7.0,-170.56,0.1648,Fokus,Ma et al. (2s eye / 3s yaw),baca_buku
2026-08-20T11:27:22.342,82.042,-6.87,-170.47,0.1691,Fokus,Ma et al. (2s eye / 3s yaw),baca_buku
2026-08-20T11:27:22.375,82.076,-6.06,-170.82,0.181,Fokus,Ma et al. (2s eye / 3s yaw),baca_buku
2026-08-20T11:27:22.408,82.108,-5.4,-170.42,0.1809,Fokus,Ma et al. (2s eye / 3s yaw),baca_buku
2026-08-20T11:27:22.436,82.137,-4.89,-170.41,0.1774,Fokus,Ma et al. (2s eye / 3s yaw),baca_buku
2026-08-20T11:27:22.467,82.168,-5.25,-170.39,0.1851,Fokus,Ma et al. (2s eye / 3s yaw),baca_buku
2026-08-20T11:27:22.488,82.189,-5.53,-170.34,0.1868,Fokus,Ma et al. (2s eye / 3s yaw),baca_buku
2026-08-20T11:27:22.506,82.207,-5.17,-170.46,0.1864,Fokus,Ma et al. (2s eye / 3s yaw),baca_buku
2026-08-20T11:27:22.527,82.227,-5.41,-170.48,0.1941,Fokus,Ma et al. (2s eye / 3s yaw),baca_buku
2026-08-20T11:27:22.550,82.251,-5.04,-170.34,0.1924,Fokus,Ma et al. (2s eye / 3s yaw),baca_buku
2026-08-20T11:27:22.569,82.27,-4.6,-170.21,0.1931,Fokus,Ma et al. (2s eye / 3s yaw),baca_buku
2026-08-20T11:27:22.591,82.291,-4.83,-170.29,0.1934,Fokus,Ma et al. (2s eye / 3s yaw),baca_buku
2026-08-20T11:27:22.631,82.331,-4.53,-169.96,0.1868,Fokus,Ma et al. (2s eye / 3s yaw),baca_buku
2026-08-20T11:27:22.672,82.373,-3.87,-169.88,0.1893,Fokus,Ma et al. (2s eye / 3s yaw),baca_buku
2026-08-20T11:27:22.707,82.408,-3.97,-169.83,0.1886,Fokus,Ma et al. (2s eye / 3s yaw),baca_buku
2026-08-20T11:27:22.743,82.443,-4.18,-169.96,0.1846,Fokus,Ma et al. (2s eye / 3s yaw),baca_buku
2026-08-20T11:27:22.777,82.478,-4.35,-170.12,0.1873,Fokus,Ma et al. (2s eye / 3s yaw),baca_buku
2026-08-20T11:27:22.811,82.512,-3.91,-170.22,0.1841,Fokus,Ma et al. (2s eye / 3s yaw),baca_buku
2026-08-20T11:27:22.843,82.544,-4.28,-170.0,0.1824,Fokus,Ma et al. (2s eye / 3s yaw),baca_buku
2026-08-20T11:27:22.876,82.577,-4.22,-170.16,0.1835,Fokus,Ma et al. (2s eye / 3s yaw),baca_buku
2026-08-20T11:27:22.902,82.602,-4.09,-170.15,0.1829,Fokus,Ma et al. (2s eye / 3s yaw),baca_buku
2026-08-20T11:27:22.937,82.638,-3.66,-170.01,0.1823,Fokus,Ma et al. (2s eye / 3s yaw),baca_buku
2026-08-20T11:27:22.971,82.672,-3.38,-170.01,0.1849,Fokus,Ma et al. (2s eye / 3s yaw),baca_buku
2026-08-20T11:27:22.994,82.694,-3.53,-170.09,0.1882,Fokus,Ma et al. (2s eye / 3s yaw),baca_buku
2026-08-20T11:27:23.040,82.741,-3.57,-169.74,0.1853,Fokus,Ma et al. (2s eye / 3s yaw),baca_buku
2026-08-20T11:27:23.074,82.775,-3.63,-169.69,0.1881,Fokus,Ma et al. (2s eye / 3s yaw),baca_buku
2026-08-20T11:27:23.107,82.808,-3.7,-169.55,0.1852,Fokus,Ma et al. (2s eye / 3s yaw),baca_buku
2026-08-20T11:27:23.143,82.844,-3.47,-169.52,0.1843,Fokus,Ma et al. (2s eye / 3s yaw),baca_buku
2026-08-20T11:27:23.178,82.879,-3.32,-169.43,0.1758,Fokus,Ma et al. (2s eye / 3s yaw),baca_buku
2026-08-20T11:27:23.213,82.913,-3.24,-169.57,0.1729,Fokus,Ma et al. (2s eye / 3s yaw),baca_buku
2026-08-20T11:27:23.248,82.948,-3.2,-169.58,0.1711,Fokus,Ma et al. (2s eye / 3s yaw),baca_buku
2026-08-20T11:27:23.282,82.983,-3.53,-169.81,0.1768,Fokus,Ma et al. (2s eye / 3s yaw),baca_buku
2026-08-20T11:27:23.317,83.018,-3.24,-169.89,0.1789,Fokus,Ma et al. (2s eye / 3s yaw),baca_buku
2026-08-20T11:27:23.351,83.051,-3.09,-169.86,0.1763,Fokus,Ma et al. (2s eye / 3s yaw),baca_buku
2026-08-20T11:27:23.382,83.083,-3.09,-169.75,0.176,Fokus,Ma et al. (2s eye / 3s yaw),baca_buku
2026-08-20T11:27:23.415,83.115,-3.04,-169.83,0.1803,Fokus,Ma et al. (2s eye / 3s yaw),baca_buku
2026-08-20T11:27:23.437,83.137,-3.08,-169.83,0.1819,Fokus,Ma et al. (2s eye / 3s yaw),baca_buku
2026-08-20T11:27:23.473,83.173,-3.05,-169.9,0.1821,Fokus,Ma et al. (2s eye / 3s yaw),baca_buku
2026-08-20T11:27:23.507,83.208,-3.0,-169.85,0.1818,Fokus,Ma et al. (2s eye / 3s yaw),baca_buku
2026-08-20T11:27:23.540,83.24,-3.17,-169.89,0.177,Fokus,Ma et al. (2s eye / 3s yaw),baca_buku
2026-08-20T11:27:23.576,83.277,-3.19,-169.9,0.1785,Fokus,Ma et al. (2s eye / 3s yaw),baca_buku
2026-08-20T11:27:23.611,83.311,-3.26,-170.03,0.1787,Fokus,Ma et al. (2s eye / 3s yaw),baca_buku
2026-08-20T11:27:23.644,83.344,-2.98,-169.95,0.1785,Fokus,Ma et al. (2s eye / 3s yaw),baca_buku
2026-08-20T11:27:23.676,83.377,-3.16,-169.85,0.1808,Fokus,Ma et al. (2s eye / 3s yaw),baca_buku
2026-08-20T11:27:23.708,83.408,-3.71,-170.3,0.1876,Fokus,Ma et al. (2s eye / 3s yaw),baca_buku
2026-08-20T11:27:23.742,83.443,-3.92,-170.33,0.1875,Fokus,Ma et al. (2s eye / 3s yaw),baca_buku
2026-08-20T11:27:23.777,83.477,-6.11,-170.34,0.1921,Fokus,Ma et al. (2s eye / 3s yaw),baca_buku
2026-08-20T11:27:23.811,83.511,-8.29,-170.52,0.1999,Fokus,Ma et al. (2s eye / 3s yaw),baca_buku
2026-08-20T11:27:23.835,83.535,-11.88,-170.17,0.2095,Fokus,Ma et al. (2s eye / 3s yaw),baca_buku
2026-08-20T11:27:23.875,83.575,-13.19,-170.18,0.2123,Fokus,Ma et al. (2s eye / 3s yaw),baca_buku
2026-08-20T11:27:23.908,83.608,-13.43,-170.06,0.2036,Fokus,Ma et al. (2s eye / 3s yaw),baca_buku
2026-08-20T11:27:23.935,83.635,-15.03,-170.17,0.2051,Fokus,Ma et al. (2s eye / 3s yaw),baca_buku
2026-08-20T11:27:23.973,83.674,-14.65,-170.0,0.2034,Fokus,Ma et al. (2s eye / 3s yaw),baca_buku
2026-08-20T11:27:24.011,83.712,-14.47,-170.07,0.2021,Fokus,Ma et al. (2s eye / 3s yaw),baca_buku
2026-08-20T11:27:24.046,83.747,-14.72,-170.2,0.2061,Fokus,Ma et al. (2s eye / 3s yaw),baca_buku
2026-08-20T11:27:24.073,83.774,-14.65,-170.29,0.2056,Fokus,Ma et al. (2s eye / 3s yaw),baca_buku
2026-08-20T11:27:24.111,83.812,-15.87,-170.2,0.2066,Fokus,Ma et al. (2s eye / 3s yaw),baca_buku
2026-08-20T11:27:24.143,83.844,-15.04,-170.1,0.2055,Fokus,Ma et al. (2s eye / 3s yaw),baca_buku
2026-08-20T11:27:24.177,83.877,-14.4,-170.23,0.2019,Fokus,Ma et al. (2s eye / 3s yaw),baca_buku
2026-08-20T11:27:24.208,83.909,-14.39,-170.07,0.202,Fokus,Ma et al. (2s eye / 3s yaw),baca_buku
2026-08-20T11:27:24.243,83.944,-14.31,-170.12,0.2003,Fokus,Ma et al. (2s eye / 3s yaw),baca_buku
2026-08-20T11:27:24.280,83.98,-14.26,-170.11,0.2008,Fokus,Ma et al. (2s eye / 3s yaw),baca_buku
2026-08-20T11:27:24.314,84.015,-14.46,-170.08,0.2036,Fokus,Ma et al. (2s eye / 3s yaw),baca_buku
2026-08-20T11:27:24.355,84.055,-14.27,-170.14,0.2041,Fokus,Ma et al. (2s eye / 3s yaw),baca_buku
2026-08-20T11:27:24.390,84.091,-14.34,-170.16,0.205,Fokus,Ma et al. (2s eye / 3s yaw),baca_buku
2026-08-20T11:27:24.424,84.125,-14.3,-170.16,0.2037,Fokus,Ma et al. (2s eye / 3s yaw),baca_buku
2026-08-20T11:27:24.458,84.159,-14.02,-170.15,0.2055,Fokus,Ma et al. (2s eye / 3s yaw),baca_buku
2026-08-20T11:27:24.493,84.194,-13.89,-170.27,0.2074,Fokus,Ma et al. (2s eye / 3s yaw),baca_buku
2026-08-20T11:27:24.528,84.229,-13.97,-170.12,0.2058,Fokus,Ma et al. (2s eye / 3s yaw),baca_buku
2026-08-20T11:27:24.562,84.262,-12.67,-170.35,0.2054,Fokus,Ma et al. (2s eye / 3s yaw),baca_buku
2026-08-20T11:27:24.594,84.294,-12.72,-170.4,0.2062,Fokus,Ma et al. (2s eye / 3s yaw),baca_buku
2026-08-20T11:27:24.629,84.329,-12.75,-170.48,0.2068,Fokus,Ma et al. (2s eye / 3s yaw),baca_buku
2026-08-20T11:27:24.663,84.364,-12.54,-170.28,0.2084,Fokus,Ma et al. (2s eye / 3s yaw),baca_buku
2026-08-20T11:27:24.697,84.398,-12.77,-170.2,0.2084,Fokus,Ma et al. (2s eye / 3s yaw),baca_buku
2026-08-20T11:27:24.732,84.433,-13.19,-170.02,0.2089,Fokus,Ma et al. (2s eye / 3s yaw),baca_buku
2026-08-20T11:27:24.767,84.468,-12.84,-169.71,0.2029,Fokus,Ma et al. (2s eye / 3s yaw),baca_buku
2026-08-20T11:27:24.803,84.503,-12.84,-169.19,0.1908,Fokus,Ma et al. (2s eye / 3s yaw),baca_buku
2026-08-20T11:27:24.837,84.538,-10.77,-167.99,0.1316,Fokus,Ma et al. (2s eye / 3s yaw),baca_buku
2026-08-20T11:27:24.871,84.572,-10.82,-167.5,0.1244,Fokus,Ma et al. (2s eye / 3s yaw),baca_buku
2026-08-20T11:27:24.906,84.607,-11.34,-167.52,0.1181,Fokus,Ma et al. (2s eye / 3s yaw),baca_buku
2026-08-20T11:27:24.942,84.642,-11.93,-167.24,0.115,Fokus,Ma et al. (2s eye / 3s yaw),baca_buku
2026-08-20T11:27:24.978,84.678,-12.14,-167.7,0.1177,Fokus,Ma et al. (2s eye / 3s yaw),baca_buku
2026-08-20T11:27:25.012,84.713,-12.45,-167.78,0.1239,Fokus,Ma et al. (2s eye / 3s yaw),baca_buku
2026-08-20T11:27:25.047,84.748,-12.58,-167.9,0.135,Fokus,Ma et al. (2s eye / 3s yaw),baca_buku
2026-08-20T11:27:25.082,84.782,-12.87,-168.11,0.1422,Fokus,Ma et al. (2s eye / 3s yaw),baca_buku
2026-08-20T11:27:25.117,84.817,-13.31,-168.36,0.1635,Fokus,Ma et al. (2s eye / 3s yaw),baca_buku
2026-08-20T11:27:25.151,84.852,-14.35,-168.98,0.183,Fokus,Ma et al. (2s eye / 3s yaw),baca_buku
2026-08-20T11:27:25.186,84.887,-14.57,-169.28,0.1856,Fokus,Ma et al. (2s eye / 3s yaw),baca_buku
2026-08-20T11:27:25.221,84.922,-15.12,-169.44,0.1913,Fokus,Ma et al. (2s eye / 3s yaw),baca_buku
2026-08-20T11:27:25.255,84.956,-15.35,-169.59,0.1991,Fokus,Ma et al. (2s eye / 3s yaw),baca_buku
2026-08-20T11:27:25.290,84.99,-15.9,-169.58,0.2044,Fokus,Ma et al. (2s eye / 3s yaw),baca_buku
2026-08-20T11:27:25.321,85.021,-16.06,-169.53,0.2087,Fokus,Ma et al. (2s eye / 3s yaw),baca_buku
2026-08-20T11:27:25.344,85.045,-16.32,-169.47,0.214,Fokus,Ma et al. (2s eye / 3s yaw),baca_buku
2026-08-20T11:27:25.370,85.071,-15.98,-169.43,0.2163,Fokus,Ma et al. (2s eye / 3s yaw),baca_buku
2026-08-20T11:27:25.403,85.103,-16.12,-169.57,0.2205,Fokus,Ma et al. (2s eye / 3s yaw),baca_buku
2026-08-20T11:27:25.423,85.124,-15.93,-169.53,0.223,Fokus,Ma et al. (2s eye / 3s yaw),baca_buku
2026-08-20T11:27:25.442,85.143,-15.7,-169.5,0.2109,Fokus,Ma et al. (2s eye / 3s yaw),baca_buku
2026-08-20T11:27:25.480,85.181,-15.11,-169.34,0.1985,Fokus,Ma et al. (2s eye / 3s yaw),baca_buku
2026-08-20T11:27:25.515,85.215,-14.78,-169.47,0.1941,Fokus,Ma et al. (2s eye / 3s yaw),baca_buku
2026-08-20T11:27:25.551,85.252,-14.47,-169.55,0.1942,Fokus,Ma et al. (2s eye / 3s yaw),baca_buku
2026-08-20T11:27:25.586,85.286,-14.18,-169.52,0.1927,Fokus,Ma et al. (2s eye / 3s yaw),baca_buku
2026-08-20T11:27:25.621,85.321,-14.19,-169.58,0.1917,Fokus,Ma et al. (2s eye / 3s yaw),baca_buku
2026-08-20T11:27:25.655,85.355,-13.71,-169.55,0.1899,Fokus,Ma et al. (2s eye / 3s yaw),baca_buku
2026-08-20T11:27:25.689,85.39,-13.82,-169.13,0.1899,Fokus,Ma et al. (2s eye / 3s yaw),baca_buku
2026-08-20T11:27:25.723,85.424,-13.76,-169.25,0.1927,Fokus,Ma et al. (2s eye / 3s yaw),baca_buku
2026-08-20T11:27:25.755,85.456,-13.42,-168.88,0.1977,Fokus,Ma et al. (2s eye / 3s yaw),baca_buku
2026-08-20T11:27:25.788,85.489,-13.37,-168.89,0.188,Fokus,Ma et al. (2s eye / 3s yaw),baca_buku
2026-08-20T11:27:25.812,85.512,-12.96,-168.75,0.1844,Fokus,Ma et al. (2s eye / 3s yaw),baca_buku
2026-08-20T11:27:25.846,85.547,-12.46,-168.77,0.1835,Fokus,Ma et al. (2s eye / 3s yaw),baca_buku
2026-08-20T11:27:25.887,85.587,-13.02,-168.72,0.1827,Fokus,Ma et al. (2s eye / 3s yaw),baca_buku
2026-08-20T11:27:25.921,85.621,-13.05,-168.19,0.1763,Fokus,Ma et al. (2s eye / 3s yaw),baca_buku
2026-08-20T11:27:25.948,85.649,-14.02,-168.43,0.173,Fokus,Ma et al. (2s eye / 3s yaw),baca_buku
2026-08-20T11:27:25.975,85.675,-14.49,-168.42,0.1958,Fokus,Ma et al. (2s eye / 3s yaw),baca_buku
2026-08-20T11:27:26.006,85.707,-15.22,-168.89,0.2129,Fokus,Ma et al. (2s eye / 3s yaw),baca_buku
2026-08-20T11:27:26.039,85.739,-15.98,-169.02,0.234,Fokus,Ma et al. (2s eye / 3s yaw),baca_buku
2026-08-20T11:27:26.079,85.779,-16.44,-169.3,0.2493,Fokus,Ma et al. (2s eye / 3s yaw),baca_buku
2026-08-20T11:27:26.108,85.809,-15.99,-169.24,0.2565,Fokus,Ma et al. (2s eye / 3s yaw),baca_buku
2026-08-20T11:27:26.146,85.846,-15.54,-168.7,0.255,Fokus,Ma et al. (2s eye / 3s yaw),baca_buku
2026-08-20T11:27:26.175,85.876,-14.29,-168.67,0.2527,Fokus,Ma et al. (2s eye / 3s yaw),baca_buku
2026-08-20T11:27:26.206,85.907,-11.84,-169.1,0.2469,Fokus,Ma et al. (2s eye / 3s yaw),baca_buku
2026-08-20T11:27:26.242,85.943,-8.66,-169.28,0.2179,Fokus,Ma et al. (2s eye / 3s yaw),baca_buku
2026-08-20T11:27:26.274,85.975,-6.29,-168.39,0.1574,Fokus,Ma et al. (2s eye / 3s yaw),baca_buku
2026-08-20T11:27:26.306,86.007,-4.27,-168.73,0.1508,Fokus,Ma et al. (2s eye / 3s yaw),baca_buku
2026-08-20T11:27:26.343,86.044,-2.71,-167.98,0.141,Fokus,Ma et al. (2s eye / 3s yaw),baca_buku
2026-08-20T11:27:26.388,86.089,-1.89,-168.19,0.1465,Fokus,Ma et al. (2s eye / 3s yaw),baca_buku
2026-08-20T11:27:26.424,86.125,0.33,-168.28,0.1444,Fokus,Ma et al. (2s eye / 3s yaw),baca_buku
2026-08-20T11:27:26.459,86.16,2.7,-168.5,0.1496,Fokus,Ma et al. (2s eye / 3s yaw),baca_buku
2026-08-20T11:27:26.494,86.194,3.1,-168.75,0.1523,Fokus,Ma et al. (2s eye / 3s yaw),baca_buku
2026-08-20T11:27:26.528,86.229,4.83,-168.63,0.1569,Fokus,Ma et al. (2s eye / 3s yaw),baca_buku
2026-08-20T11:27:26.564,86.264,6.97,-168.88,0.1643,Fokus,Ma et al. (2s eye / 3s yaw),baca_buku
2026-08-20T11:27:26.599,86.3,7.34,-168.81,0.1706,Fokus,Ma et al. (2s eye / 3s yaw),baca_buku
2026-08-20T11:27:26.635,86.335,7.19,-168.48,0.1673,Fokus,Ma et al. (2s eye / 3s yaw),baca_buku
2026-08-20T11:27:26.670,86.371,8.31,-168.81,0.1704,Fokus,Ma et al. (2s eye / 3s yaw),baca_buku
2026-08-20T11:27:26.704,86.405,8.34,-168.39,0.1734,Fokus,Ma et al. (2s eye / 3s yaw),baca_buku
2026-08-20T11:27:26.739,86.439,9.1,-168.37,0.1737,Fokus,Ma et al. (2s eye / 3s yaw),baca_buku
2026-08-20T11:27:26.769,86.47,9.94,-168.37,0.1824,Fokus,Ma et al. (2s eye / 3s yaw),baca_buku
2026-08-20T11:27:26.805,86.505,9.74,-168.01,0.189,Fokus,Ma et al. (2s eye / 3s yaw),baca_buku
2026-08-20T11:27:26.840,86.54,9.46,-168.36,0.186,Fokus,Ma et al. (2s eye / 3s yaw),baca_buku
2026-08-20T11:27:26.872,86.573,9.37,-168.15,0.1863,Fokus,Ma et al. (2s eye / 3s yaw),baca_buku
2026-08-20T11:27:26.907,86.608,9.35,-167.81,0.1854,Fokus,Ma et al. (2s eye / 3s yaw),baca_buku
2026-08-20T11:27:26.942,86.643,9.49,-167.86,0.1864,Fokus,Ma et al. (2s eye / 3s yaw),baca_buku
2026-08-20T11:27:26.977,86.678,10.04,-167.99,0.1954,Fokus,Ma et al. (2s eye / 3s yaw),baca_buku
2026-08-20T11:27:27.012,86.712,9.94,-167.63,0.1937,Fokus,Ma et al. (2s eye / 3s yaw),baca_buku
2026-08-20T11:27:27.047,86.747,10.42,-167.38,0.1901,Fokus,Ma et al. (2s eye / 3s yaw),baca_buku
2026-08-20T11:27:27.082,86.782,10.31,-167.6,0.1945,Fokus,Ma et al. (2s eye / 3s yaw),baca_buku
2026-08-20T11:27:27.117,86.818,10.87,-167.71,0.1932,Fokus,Ma et al. (2s eye / 3s yaw),baca_buku
2026-08-20T11:27:27.152,86.853,9.7,-166.4,0.1346,Fokus,Ma et al. (2s eye / 3s yaw),baca_buku
2026-08-20T11:27:27.188,86.888,9.12,-166.18,0.1227,Fokus,Ma et al. (2s eye / 3s yaw),baca_buku
2026-08-20T11:27:27.223,86.923,8.74,-166.19,0.1114,Fokus,Ma et al. (2s eye / 3s yaw),baca_buku
2026-08-20T11:27:27.257,86.958,8.27,-166.24,0.1065,Fokus,Ma et al. (2s eye / 3s yaw),baca_buku
2026-08-20T11:27:27.292,86.993,8.35,-166.19,0.107,Fokus,Ma et al. (2s eye / 3s yaw),baca_buku
2026-08-20T11:27:27.326,87.027,8.47,-166.24,0.1078,Fokus,Ma et al. (2s eye / 3s yaw),baca_buku
2026-08-20T11:27:27.362,87.063,8.66,-166.64,0.1145,Fokus,Ma et al. (2s eye / 3s yaw),baca_buku
2026-08-20T11:27:27.397,87.098,9.26,-166.66,0.1243,Fokus,Ma et al. (2s eye / 3s yaw),baca_buku
2026-08-20T11:27:27.432,87.132,10.05,-167.07,0.138,Fokus,Ma et al. (2s eye / 3s yaw),baca_buku
2026-08-20T11:27:27.467,87.167,10.67,-167.37,0.1426,Fokus,Ma et al. (2s eye / 3s yaw),baca_buku
2026-08-20T11:27:27.500,87.201,11.02,-167.7,0.1404,Fokus,Ma et al. (2s eye / 3s yaw),baca_buku
2026-08-20T11:27:27.535,87.236,10.84,-167.75,0.1458,Fokus,Ma et al. (2s eye / 3s yaw),baca_buku
2026-08-20T11:27:27.569,87.27,10.91,-168.14,0.1477,Fokus,Ma et al. (2s eye / 3s yaw),baca_buku
2026-08-20T11:27:27.604,87.304,10.72,-168.65,0.1568,Fokus,Ma et al. (2s eye / 3s yaw),baca_buku
2026-08-20T11:27:27.639,87.339,10.51,-168.55,0.1632,Fokus,Ma et al. (2s eye / 3s yaw),baca_buku
2026-08-20T11:27:27.674,87.374,10.85,-168.95,0.1774,Fokus,Ma et al. (2s eye / 3s yaw),baca_buku
2026-08-20T11:27:27.708,87.409,11.2,-168.89,0.184,Fokus,Ma et al. (2s eye / 3s yaw),baca_buku
2026-08-20T11:27:27.743,87.444,10.34,-168.59,0.1841,Fokus,Ma et al. (2s eye / 3s yaw),baca_buku
2026-08-20T11:27:27.778,87.479,10.61,-168.57,0.1811,Fokus,Ma et al. (2s eye / 3s yaw),baca_buku
2026-08-20T11:27:27.813,87.513,9.39,-168.4,0.1776,Fokus,Ma et al. (2s eye / 3s yaw),baca_buku
2026-08-20T11:27:27.847,87.548,9.46,-167.89,0.1729,Fokus,Ma et al. (2s eye / 3s yaw),baca_buku
2026-08-20T11:27:27.882,87.583,8.61,-167.56,0.1721,Fokus,Ma et al. (2s eye / 3s yaw),baca_buku
2026-08-20T11:27:27.917,87.617,8.87,-167.52,0.1672,Fokus,Ma et al. (2s eye / 3s yaw),baca_buku
2026-08-20T11:27:27.952,87.652,8.12,-167.45,0.1636,Fokus,Ma et al. (2s eye / 3s yaw),baca_buku
2026-08-20T11:27:27.987,87.687,7.54,-166.99,0.1645,Fokus,Ma et al. (2s eye / 3s yaw),baca_buku
2026-08-20T11:27:28.022,87.722,7.96,-166.96,0.1614,Fokus,Ma et al. (2s eye / 3s yaw),baca_buku
2026-08-20T11:27:28.057,87.757,8.48,-167.15,0.1661,Fokus,Ma et al. (2s eye / 3s yaw),baca_buku
2026-08-20T11:27:28.092,87.792,8.54,-167.24,0.17,Fokus,Ma et al. (2s eye / 3s yaw),baca_buku
2026-08-20T11:27:28.126,87.826,8.73,-167.02,0.1717,Fokus,Ma et al. (2s eye / 3s yaw),baca_buku
2026-08-20T11:27:28.161,87.861,7.93,-167.19,0.1729,Fokus,Ma et al. (2s eye / 3s yaw),baca_buku
2026-08-20T11:27:28.195,87.896,7.65,-166.98,0.1726,Fokus,Ma et al. (2s eye / 3s yaw),baca_buku
2026-08-20T11:27:28.220,87.921,7.06,-167.13,0.1747,Fokus,Ma et al. (2s eye / 3s yaw),baca_buku
2026-08-20T11:27:28.240,87.941,7.51,-167.09,0.1727,Fokus,Ma et al. (2s eye / 3s yaw),baca_buku
2026-08-20T11:27:28.259,87.959,7.65,-167.22,0.1756,Fokus,Ma et al. (2s eye / 3s yaw),baca_buku
2026-08-20T11:27:28.278,87.978,7.67,-167.23,0.176,Teralih,Ma et al. (2s eye / 3s yaw),baca_buku
2026-08-20T11:27:28.297,87.997,7.6,-167.37,0.1766,Teralih,Ma et al. (2s eye / 3s yaw),baca_buku
2026-08-20T11:27:28.326,88.026,7.2,-167.25,0.1713,Teralih,Ma et al. (2s eye / 3s yaw),baca_buku
2026-08-20T11:27:28.362,88.063,7.29,-167.12,0.1703,Teralih,Ma et al. (2s eye / 3s yaw),baca_buku
2026-08-20T11:27:28.395,88.096,6.78,-167.17,0.1678,Teralih,Ma et al. (2s eye / 3s yaw),baca_buku
2026-08-20T11:27:28.428,88.129,7.03,-167.18,0.1621,Teralih,Ma et al. (2s eye / 3s yaw),baca_buku
2026-08-20T11:27:28.465,88.166,6.99,-167.34,0.1654,Teralih,Ma et al. (2s eye / 3s yaw),baca_buku
2026-08-20T11:27:28.500,88.2,6.11,-167.41,0.1622,Teralih,Ma et al. (2s eye / 3s yaw),baca_buku
2026-08-20T11:27:28.534,88.235,6.13,-167.31,0.159,Teralih,Ma et al. (2s eye / 3s yaw),baca_buku
2026-08-20T11:27:28.568,88.269,6.32,-167.01,0.1561,Teralih,Ma et al. (2s eye / 3s yaw),baca_buku
2026-08-20T11:27:28.604,88.305,6.38,-166.9,0.1507,Teralih,Ma et al. (2s eye / 3s yaw),baca_buku
2026-08-20T11:27:28.638,88.338,6.22,-166.79,0.1464,Teralih,Ma et al. (2s eye / 3s yaw),baca_buku
2026-08-20T11:27:28.663,88.363,5.85,-166.63,0.1458,Teralih,Ma et al. (2s eye / 3s yaw),baca_buku
2026-08-20T11:27:28.691,88.392,5.86,-166.44,0.1368,Teralih,Ma et al. (2s eye / 3s yaw),baca_buku
2026-08-20T11:27:28.725,88.426,6.07,-166.52,0.1395,Teralih,Ma et al. (2s eye / 3s yaw),baca_buku
2026-08-20T11:27:28.767,88.467,6.32,-166.58,0.1399,Teralih,Ma et al. (2s eye / 3s yaw),baca_buku
2026-08-20T11:27:28.802,88.503,6.29,-166.47,0.1366,Teralih,Ma et al. (2s eye / 3s yaw),baca_buku
2026-08-20T11:27:28.836,88.537,6.7,-166.96,0.1382,Teralih,Ma et al. (2s eye / 3s yaw),baca_buku
2026-08-20T11:27:28.870,88.57,7.54,-168.22,0.1673,Teralih,Ma et al. (2s eye / 3s yaw),baca_buku
2026-08-20T11:27:28.897,88.598,8.68,-168.88,0.1943,Teralih,Ma et al. (2s eye / 3s yaw),baca_buku
2026-08-20T11:27:28.933,88.633,9.41,-169.61,0.1968,Teralih,Ma et al. (2s eye / 3s yaw),baca_buku
2026-08-20T11:27:28.967,88.668,9.54,-169.93,0.1954,Teralih,Ma et al. (2s eye / 3s yaw),baca_buku
2026-08-20T11:27:29.001,88.702,11.02,-170.51,0.1984,Teralih,Ma et al. (2s eye / 3s yaw),baca_buku
2026-08-20T11:27:29.027,88.728,10.7,-170.73,0.2094,Teralih,Ma et al. (2s eye / 3s yaw),baca_buku
2026-08-20T11:27:29.066,88.767,10.47,-170.98,0.2006,Teralih,Ma et al. (2s eye / 3s yaw),baca_buku
2026-08-20T11:27:29.103,88.804,12.22,-172.15,0.2096,Teralih,Ma et al. (2s eye / 3s yaw),baca_buku
2026-08-20T11:27:29.138,88.838,11.97,-172.68,0.1978,Teralih,Ma et al. (2s eye / 3s yaw),baca_buku
2026-08-20T11:27:29.174,88.874,11.22,-173.0,0.1926,Teralih,Ma et al. (2s eye / 3s yaw),baca_buku
2026-08-20T11:27:29.209,88.91,10.68,-173.14,0.1649,Teralih,Ma et al. (2s eye / 3s yaw),baca_buku
2026-08-20T11:27:29.244,88.945,10.51,-173.77,0.1677,Teralih,Ma et al. (2s eye / 3s yaw),baca_buku
2026-08-20T11:27:29.280,88.98,10.42,-174.29,0.2039,Teralih,Ma et al. (2s eye / 3s yaw),baca_buku
2026-08-20T11:27:29.317,89.017,10.1,-174.41,0.2232,Fokus,Ma et al. (2s eye / 3s yaw),baca_buku
2026-08-20T11:27:29.352,89.052,2.51,-175.41,0.2128,Fokus,Ma et al. (2s eye / 3s yaw),baca_buku
2026-08-20T11:27:29.383,89.083,-7.67,-175.31,0.2353,Fokus,Ma et al. (2s eye / 3s yaw),baca_buku
2026-08-20T11:27:29.415,89.116,-13.2,-174.94,0.238,Fokus,Ma et al. (2s eye / 3s yaw),baca_buku
2026-08-20T11:27:29.449,89.149,-12.83,-175.3,0.2431,Fokus,Ma et al. (2s eye / 3s yaw),baca_buku
2026-08-20T11:27:29.478,89.179,-14.19,-175.69,0.2529,Fokus,Ma et al. (2s eye / 3s yaw),baca_buku
2026-08-20T11:27:29.511,89.212,-18.61,-175.66,0.2524,Fokus,Ma et al. (2s eye / 3s yaw),baca_buku
2026-08-20T11:27:29.546,89.247,-18.73,-175.58,0.2506,Fokus,Ma et al. (2s eye / 3s yaw),baca_buku
2026-08-20T11:27:29.581,89.282,-18.91,-175.64,0.247,Fokus,Ma et al. (2s eye / 3s yaw),baca_buku
2026-08-20T11:27:29.617,89.318,-19.6,-175.95,0.2479,Fokus,Ma et al. (2s eye / 3s yaw),baca_buku
2026-08-20T11:27:29.653,89.353,-18.92,-176.53,0.2448,Fokus,Ma et al. (2s eye / 3s yaw),baca_buku
2026-08-20T11:27:29.689,89.39,-18.27,-177.07,0.2264,Fokus,Ma et al. (2s eye / 3s yaw),baca_buku
2026-08-20T11:27:29.725,89.425,-18.85,-177.02,0.2189,Fokus,Ma et al. (2s eye / 3s yaw),baca_buku
2026-08-20T11:27:29.759,89.459,-19.23,-177.68,0.2181,Fokus,Ma et al. (2s eye / 3s yaw),baca_buku
2026-08-20T11:27:29.794,89.494,-20.14,-177.83,0.2204,Fokus,Ma et al. (2s eye / 3s yaw),baca_buku
2026-08-20T11:27:29.828,89.528,-20.46,-177.72,0.2192,Fokus,Ma et al. (2s eye / 3s yaw),baca_buku
2026-08-20T11:27:29.857,89.558,-20.25,-177.87,0.2211,Fokus,Ma et al. (2s eye / 3s yaw),baca_buku
2026-08-20T11:27:29.894,89.594,-21.54,-177.71,0.2234,Fokus,Ma et al. (2s eye / 3s yaw),baca_buku
2026-08-20T11:27:29.928,89.629,-21.76,-177.69,0.2191,Fokus,Ma et al. (2s eye / 3s yaw),baca_buku
2026-08-20T11:27:29.964,89.665,-22.64,-177.87,0.2233,Fokus,Ma et al. (2s eye / 3s yaw),baca_buku
2026-08-20T11:27:29.999,89.699,-22.48,-178.01,0.2176,Fokus,Ma et al. (2s eye / 3s yaw),baca_buku
2026-08-20T11:27:30.034,89.735,-21.84,-177.69,0.2155,Fokus,Ma et al. (2s eye / 3s yaw),baca_buku
2026-08-20T11:27:30.068,89.769,-22.1,-177.26,0.2188,Fokus,Ma et al. (2s eye / 3s yaw),baca_buku
2026-08-20T11:27:30.102,89.803,-21.93,-177.36,0.2125,Fokus,Ma et al. (2s eye / 3s yaw),baca_buku
2026-08-20T11:27:30.137,89.837,-21.41,-177.42,0.1994,Fokus,Ma et al. (2s eye / 3s yaw),baca_buku
2026-08-20T11:27:30.162,89.863,-21.82,-177.37,0.1956,Fokus,Ma et al. (2s eye / 3s yaw),baca_buku
2026-08-20T11:27:30.188,89.889,-22.28,-176.76,0.2096,Fokus,Ma et al. (2s eye / 3s yaw),baca_buku
2026-08-20T11:27:30.222,89.923,-22.16,-176.23,0.2121,Fokus,Ma et al. (2s eye / 3s yaw),baca_buku
2026-08-20T11:27:30.257,89.957,-22.37,-176.19,0.2092,Fokus,Ma et al. (2s eye / 3s yaw),baca_buku
2026-08-20T11:27:30.292,89.992,-21.74,-176.16,0.2085,Fokus,Ma et al. (2s eye / 3s yaw),baca_buku
2026-08-20T11:27:30.327,90.028,-21.7,-176.18,0.2195,Fokus,Ma et al. (2s eye / 3s yaw),baca_buku
2026-08-20T11:27:30.361,90.062,-21.51,-176.24,0.2124,Fokus,Ma et al. (2s eye / 3s yaw),baca_buku
2026-08-20T11:27:30.395,90.096,-22.42,-176.18,0.2171,Fokus,Ma et al. (2s eye / 3s yaw),baca_buku
2026-08-20T11:27:30.429,90.13,-22.14,-176.4,0.2097,Fokus,Ma et al. (2s eye / 3s yaw),baca_buku
2026-08-20T11:27:30.464,90.164,-22.54,-176.49,0.2145,Fokus,Ma et al. (2s eye / 3s yaw),baca_buku
2026-08-20T11:27:30.499,90.2,-22.85,-175.8,0.2148,Fokus,Ma et al. (2s eye / 3s yaw),baca_buku
2026-08-20T11:27:30.533,90.234,-22.67,-175.58,0.2083,Fokus,Ma et al. (2s eye / 3s yaw),baca_buku
2026-08-20T11:27:30.567,90.268,-22.32,-175.75,0.2176,Fokus,Ma et al. (2s eye / 3s yaw),baca_buku
2026-08-20T11:27:30.602,90.303,-22.3,-175.81,0.2201,Fokus,Ma et al. (2s eye / 3s yaw),baca_buku
2026-08-20T11:27:30.637,90.338,-22.01,-176.02,0.2161,Fokus,Ma et al. (2s eye / 3s yaw),baca_buku
2026-08-20T11:27:30.672,90.373,-22.06,-176.02,0.2137,Fokus,Ma et al. (2s eye / 3s yaw),baca_buku
2026-08-20T11:27:30.706,90.407,-22.19,-175.92,0.213,Fokus,Ma et al. (2s eye / 3s yaw),baca_buku
2026-08-20T11:27:30.737,90.438,-22.43,-175.96,0.2118,Fokus,Ma et al. (2s eye / 3s yaw),baca_buku
2026-08-20T11:27:30.766,90.466,-22.53,-175.75,0.2115,Fokus,Ma et al. (2s eye / 3s yaw),baca_buku
2026-08-20T11:27:30.801,90.502,-22.37,-175.79,0.2113,Fokus,Ma et al. (2s eye / 3s yaw),baca_buku
2026-08-20T11:27:30.836,90.536,-22.52,-175.87,0.2122,Fokus,Ma et al. (2s eye / 3s yaw),baca_buku
2026-08-20T11:27:30.871,90.571,-22.27,-175.76,0.2125,Fokus,Ma et al. (2s eye / 3s yaw),baca_buku
2026-08-20T11:27:30.904,90.605,-22.12,-175.79,0.212,Fokus,Ma et al. (2s eye / 3s yaw),baca_buku
2026-08-20T11:27:30.935,90.636,-21.85,-175.86,0.207,Fokus,Ma et al. (2s eye / 3s yaw),baca_buku
2026-08-20T11:27:30.962,90.663,-21.84,-175.78,0.2076,Fokus,Ma et al. (2s eye / 3s yaw),baca_buku
2026-08-20T11:27:30.997,90.698,-21.77,-175.72,0.2073,Fokus,Ma et al. (2s eye / 3s yaw),baca_buku
2026-08-20T11:27:31.031,90.732,-21.83,-175.66,0.2065,Fokus,Ma et al. (2s eye / 3s yaw),baca_buku
2026-08-20T11:27:31.065,90.766,-21.84,-175.65,0.2067,Fokus,Ma et al. (2s eye / 3s yaw),baca_buku
2026-08-20T11:27:31.098,90.799,-22.01,-175.5,0.2038,Fokus,Ma et al. (2s eye / 3s yaw),baca_buku
2026-08-20T11:27:31.133,90.833,-22.2,-175.59,0.2061,Fokus,Ma et al. (2s eye / 3s yaw),baca_buku
2026-08-20T11:27:31.168,90.868,-22.34,-175.54,0.2038,Fokus,Ma et al. (2s eye / 3s yaw),baca_buku
2026-08-20T11:27:31.194,90.894,-22.34,-175.55,0.2037,Fokus,Ma et al. (2s eye / 3s yaw),baca_buku
2026-08-20T11:27:31.223,90.923,-22.47,-175.45,0.204,Fokus,Ma et al. (2s eye / 3s yaw),baca_buku
2026-08-20T11:27:31.258,90.959,-22.44,-175.53,0.2031,Fokus,Ma et al. (2s eye / 3s yaw),baca_buku
2026-08-20T11:27:31.294,90.995,-22.22,-175.39,0.2076,Fokus,Ma et al. (2s eye / 3s yaw),baca_buku
2026-08-20T11:27:31.329,91.03,-21.96,-175.43,0.207,Fokus,Ma et al. (2s eye / 3s yaw),baca_buku
2026-08-20T11:27:31.364,91.064,-21.89,-175.42,0.2031,Fokus,Ma et al. (2s eye / 3s yaw),baca_buku
2026-08-20T11:27:31.398,91.099,-22.06,-175.4,0.2053,Fokus,Ma et al. (2s eye / 3s yaw),baca_buku
2026-08-20T11:27:31.433,91.134,-22.09,-175.29,0.2072,Fokus,Ma et al. (2s eye / 3s yaw),baca_buku
2026-08-20T11:27:31.468,91.169,-22.09,-175.29,0.2072,Fokus,Ma et al. (2s eye / 3s yaw),baca_buku
2026-08-20T11:27:31.502,91.203,-22.03,-175.3,0.207,Fokus,Ma et al. (2s eye / 3s yaw),baca_buku
2026-08-20T11:27:31.537,91.238,-22.1,-175.36,0.2091,Fokus,Ma et al. (2s eye / 3s yaw),baca_buku
2026-08-20T11:27:31.573,91.273,-21.97,-175.41,0.2075,Fokus,Ma et al. (2s eye / 3s yaw),baca_buku
2026-08-20T11:27:31.609,91.31,-22.15,-175.45,0.2083,Fokus,Ma et al. (2s eye / 3s yaw),baca_buku
2026-08-20T11:27:31.644,91.344,-22.17,-175.46,0.2088,Fokus,Ma et al. (2s eye / 3s yaw),baca_buku
2026-08-20T11:27:31.678,91.378,-22.12,-175.41,0.2084,Fokus,Ma et al. (2s eye / 3s yaw),baca_buku
2026-08-20T11:27:31.709,91.409,-22.01,-175.32,0.2108,Fokus,Ma et al. (2s eye / 3s yaw),baca_buku
2026-08-20T11:27:31.743,91.444,-21.99,-175.38,0.2114,Fokus,Ma et al. (2s eye / 3s yaw),baca_buku
2026-08-20T11:27:31.778,91.479,-21.88,-175.44,0.2134,Fokus,Ma et al. (2s eye / 3s yaw),baca_buku
2026-08-20T11:27:31.813,91.513,-21.89,-175.51,0.2144,Fokus,Ma et al. (2s eye / 3s yaw),baca_buku
2026-08-20T11:27:31.848,91.549,-21.79,-175.55,0.2124,Fokus,Ma et al. (2s eye / 3s yaw),baca_buku
2026-08-20T11:27:31.883,91.584,-21.81,-175.52,0.2129,Fokus,Ma et al. (2s eye / 3s yaw),baca_buku
2026-08-20T11:27:31.918,91.618,-21.85,-175.53,0.2142,Fokus,Ma et al. (2s eye / 3s yaw),baca_buku
2026-08-20T11:27:31.953,91.653,-21.73,-175.42,0.2144,Fokus,Ma et al. (2s eye / 3s yaw),baca_buku
2026-08-20T11:27:31.989,91.689,-21.61,-175.41,0.2126,Fokus,Ma et al. (2s eye / 3s yaw),baca_buku
2026-08-20T11:27:32.023,91.724,-21.81,-175.43,0.2107,Fokus,Ma et al. (2s eye / 3s yaw),baca_buku
2026-08-20T11:27:32.059,91.759,-21.72,-175.32,0.2023,Fokus,Ma et al. (2s eye / 3s yaw),baca_buku
2026-08-20T11:27:32.086,91.787,-21.73,-175.27,0.1934,Fokus,Ma et al. (2s eye / 3s yaw),baca_buku
2026-08-20T11:27:32.112,91.812,-21.79,-175.33,0.1933,Fokus,Ma et al. (2s eye / 3s yaw),baca_buku
2026-08-20T11:27:32.147,91.847,-21.91,-175.31,0.1934,Fokus,Ma et al. (2s eye / 3s yaw),baca_buku
2026-08-20T11:27:32.181,91.882,-22.16,-175.38,0.1949,Fokus,Ma et al. (2s eye / 3s yaw),baca_buku
2026-08-20T11:27:32.215,91.916,-22.34,-175.44,0.1967,Fokus,Ma et al. (2s eye / 3s yaw),baca_buku
2026-08-20T11:27:32.251,91.951,-22.15,-175.44,0.1981,Fokus,Ma et al. (2s eye / 3s yaw),baca_buku
2026-08-20T11:27:32.285,91.986,-22.38,-175.41,0.1996,Fokus,Ma et al. (2s eye / 3s yaw),baca_buku
2026-08-20T11:27:32.320,92.02,-22.44,-175.37,0.2011,Fokus,Ma et al. (2s eye / 3s yaw),baca_buku
2026-08-20T11:27:32.355,92.056,-22.34,-175.35,0.2007,Fokus,Ma et al. (2s eye / 3s yaw),baca_buku
2026-08-20T11:27:32.387,92.087,-22.35,-175.26,0.1996,Fokus,Ma et al. (2s eye / 3s yaw),baca_buku
2026-08-20T11:27:32.410,92.111,-22.3,-175.27,0.1993,Fokus,Ma et al. (2s eye / 3s yaw),baca_buku
2026-08-20T11:27:32.430,92.13,-22.32,-175.31,0.2008,Fokus,Ma et al. (2s eye / 3s yaw),baca_buku
2026-08-20T11:27:32.451,92.151,-22.24,-175.31,0.2013,Fokus,Ma et al. (2s eye / 3s yaw),baca_buku
2026-08-20T11:27:32.488,92.189,-22.17,-175.32,0.2022,Fokus,Ma et al. (2s eye / 3s yaw),baca_buku
2026-08-20T11:27:32.528,92.229,-21.64,-175.47,0.2036,Fokus,Ma et al. (2s eye / 3s yaw),baca_buku
2026-08-20T11:27:32.558,92.258,-21.92,-175.54,0.2039,Fokus,Ma et al. (2s eye / 3s yaw),baca_buku
2026-08-20T11:27:32.579,92.28,-21.93,-175.58,0.2053,Fokus,Ma et al. (2s eye / 3s yaw),baca_buku
2026-08-20T11:27:32.610,92.31,-21.58,-175.6,0.2031,Fokus,Ma et al. (2s eye / 3s yaw),baca_buku
2026-08-20T11:27:32.650,92.351,-21.62,-175.64,0.2037,Fokus,Ma et al. (2s eye / 3s yaw),baca_buku
2026-08-20T11:27:32.688,92.388,-21.98,-175.57,0.2056,Fokus,Ma et al. (2s eye / 3s yaw),baca_buku
2026-08-20T11:27:32.721,92.421,-21.75,-175.44,0.2053,Fokus,Ma et al. (2s eye / 3s yaw),baca_buku
2026-08-20T11:27:32.753,92.453,-21.86,-175.46,0.204,Fokus,Ma et al. (2s eye / 3s yaw),baca_buku
2026-08-20T11:27:32.789,92.49,-22.04,-175.33,0.2044,Fokus,Ma et al. (2s eye / 3s yaw),baca_buku
2026-08-20T11:27:32.825,92.526,-21.94,-175.48,0.2052,Fokus,Ma et al. (2s eye / 3s yaw),baca_buku
2026-08-20T11:27:32.860,92.561,-21.96,-175.4,0.2061,Fokus,Ma et al. (2s eye / 3s yaw),baca_buku
2026-08-20T11:27:32.896,92.597,-22.22,-175.35,0.2064,Fokus,Ma et al. (2s eye / 3s yaw),baca_buku
2026-08-20T11:27:32.930,92.631,-22.27,-175.38,0.2053,Fokus,Ma et al. (2s eye / 3s yaw),baca_buku
2026-08-20T11:27:32.964,92.665,-22.02,-175.35,0.2062,Fokus,Ma et al. (2s eye / 3s yaw),baca_buku
2026-08-20T11:27:32.999,92.7,-21.98,-175.28,0.2068,Fokus,Ma et al. (2s eye / 3s yaw),baca_buku
2026-08-20T11:27:33.033,92.734,-22.22,-175.26,0.2106,Fokus,Ma et al. (2s eye / 3s yaw),baca_buku
2026-08-20T11:27:33.068,92.768,-22.01,-175.22,0.2102,Fokus,Ma et al. (2s eye / 3s yaw),baca_buku
2026-08-20T11:27:33.102,92.802,-21.7,-175.23,0.209,Fokus,Ma et al. (2s eye / 3s yaw),baca_buku
2026-08-20T11:27:33.131,92.832,-21.94,-175.38,0.2098,Fokus,Ma et al. (2s eye / 3s yaw),baca_buku
2026-08-20T11:27:33.158,92.859,-21.94,-175.35,0.2079,Fokus,Ma et al. (2s eye / 3s yaw),baca_buku
2026-08-20T11:27:33.190,92.89,-21.93,-175.5,0.2007,Fokus,Ma et al. (2s eye / 3s yaw),baca_buku
2026-08-20T11:27:33.219,92.92,-22.0,-175.53,0.1999,Fokus,Ma et al. (2s eye / 3s yaw),baca_buku
2026-08-20T11:27:33.256,92.956,-21.75,-175.51,0.1992,Fokus,Ma et al. (2s eye / 3s yaw),baca_buku
2026-08-20T11:27:33.292,92.993,-21.79,-175.55,0.2009,Fokus,Ma et al. (2s eye / 3s yaw),baca_buku
2026-08-20T11:27:33.323,93.024,-21.73,-175.6,0.1986,Fokus,Ma et al. (2s eye / 3s yaw),baca_buku
2026-08-20T11:27:33.351,93.052,-21.63,-175.62,0.1992,Fokus,Ma et al. (2s eye / 3s yaw),baca_buku
2026-08-20T11:27:33.391,93.091,-21.68,-175.57,0.1984,Fokus,Ma et al. (2s eye / 3s yaw),baca_buku
2026-08-20T11:27:33.425,93.126,-21.7,-175.55,0.1962,Fokus,Ma et al. (2s eye / 3s yaw),baca_buku
2026-08-20T11:27:33.459,93.16,-21.82,-175.57,0.1968,Fokus,Ma et al. (2s eye / 3s yaw),baca_buku
2026-08-20T11:27:33.497,93.198,-21.71,-175.71,0.1952,Fokus,Ma et al. (2s eye / 3s yaw),baca_buku
2026-08-20T11:27:33.532,93.232,-21.74,-175.73,0.1933,Fokus,Ma et al. (2s eye / 3s yaw),baca_buku
2026-08-20T11:27:33.568,93.268,-21.68,-175.66,0.1944,Fokus,Ma et al. (2s eye / 3s yaw),baca_buku
2026-08-20T11:27:33.602,93.303,-21.48,-175.69,0.1956,Fokus,Ma et al. (2s eye / 3s yaw),baca_buku
2026-08-20T11:27:33.637,93.338,-21.57,-175.56,0.1949,Fokus,Ma et al. (2s eye / 3s yaw),baca_buku
2026-08-20T11:27:33.672,93.373,-21.59,-175.65,0.1949,Fokus,Ma et al. (2s eye / 3s yaw),baca_buku
2026-08-20T11:27:33.707,93.408,-21.13,-175.5,0.1888,Fokus,Ma et al. (2s eye / 3s yaw),baca_buku
2026-08-20T11:27:33.742,93.443,-21.24,-175.73,0.189,Fokus,Ma et al. (2s eye / 3s yaw),baca_buku
2026-08-20T11:27:33.776,93.477,-20.75,-175.62,0.1949,Fokus,Ma et al. (2s eye / 3s yaw),baca_buku
2026-08-20T11:27:33.811,93.512,-20.3,-175.61,0.2009,Fokus,Ma et al. (2s eye / 3s yaw),baca_buku
2026-08-20T11:27:33.844,93.544,-20.4,-175.83,0.2051,Fokus,Ma et al. (2s eye / 3s yaw),baca_buku
2026-08-20T11:27:33.879,93.579,-20.09,-176.16,0.2063,Fokus,Ma et al. (2s eye / 3s yaw),baca_buku
2026-08-20T11:27:33.914,93.615,-20.18,-176.53,0.2068,Fokus,Ma et al. (2s eye / 3s yaw),baca_buku
2026-08-20T11:27:33.945,93.646,-20.33,-177.01,0.2135,Fokus,Ma et al. (2s eye / 3s yaw),baca_buku
2026-08-20T11:27:33.979,93.68,-20.07,-177.23,0.2168,Fokus,Ma et al. (2s eye / 3s yaw),baca_buku
2026-08-20T11:27:34.008,93.709,-20.28,-177.72,0.1901,Fokus,Ma et al. (2s eye / 3s yaw),baca_buku
2026-08-20T11:27:34.035,93.736,-20.09,-178.27,0.2068,Fokus,Ma et al. (2s eye / 3s yaw),baca_buku
2026-08-20T11:27:34.066,93.767,-20.98,-178.35,0.1986,Fokus,Ma et al. (2s eye / 3s yaw),baca_buku
2026-08-20T11:27:34.098,93.798,-20.57,-179.19,0.2068,Fokus,Ma et al. (2s eye / 3s yaw),baca_buku
2026-08-20T11:27:34.131,93.831,-20.91,-179.32,0.2051,Fokus,Ma et al. (2s eye / 3s yaw),baca_buku
2026-08-20T11:27:34.154,93.855,-21.24,-179.38,0.1907,Fokus,Ma et al. (2s eye / 3s yaw),baca_buku
2026-08-20T11:27:34.195,93.896,-21.18,-179.64,0.1905,Fokus,Ma et al. (2s eye / 3s yaw),baca_buku
2026-08-20T11:27:34.231,93.931,-21.02,-179.62,0.1986,Fokus,Ma et al. (2s eye / 3s yaw),baca_buku
2026-08-20T11:27:34.265,93.966,-21.25,-179.76,0.2048,Fokus,Ma et al. (2s eye / 3s yaw),baca_buku
2026-08-20T11:27:34.300,94.001,-20.86,179.86,0.199,Fokus,Ma et al. (2s eye / 3s yaw),baca_buku
2026-08-20T11:27:34.335,94.035,-20.36,179.45,0.1992,Fokus,Ma et al. (2s eye / 3s yaw),baca_buku
2026-08-20T11:27:34.369,94.07,-19.75,178.78,0.1902,Fokus,Ma et al. (2s eye / 3s yaw),baca_buku
2026-08-20T11:27:34.405,94.105,-19.83,178.4,0.1996,Fokus,Ma et al. (2s eye / 3s yaw),baca_buku
2026-08-20T11:27:34.439,94.14,-20.31,178.19,0.2022,Fokus,Ma et al. (2s eye / 3s yaw),baca_buku
2026-08-20T11:27:34.475,94.175,-20.04,177.53,0.197,Fokus,Ma et al. (2s eye / 3s yaw),baca_buku
2026-08-20T11:27:34.511,94.211,-19.27,177.3,0.1913,Fokus,Ma et al. (2s eye / 3s yaw),baca_buku
2026-08-20T11:27:34.547,94.247,-19.17,176.72,0.1988,Fokus,Ma et al. (2s eye / 3s yaw),baca_buku
2026-08-20T11:27:34.586,94.286,-20.01,176.98,0.1959,Fokus,Ma et al. (2s eye / 3s yaw),baca_buku
2026-08-20T11:27:34.617,94.317,-19.76,176.93,0.2043,Fokus,Ma et al. (2s eye / 3s yaw),baca_buku
2026-08-20T11:27:34.639,94.339,-19.58,176.55,0.204,Fokus,Ma et al. (2s eye / 3s yaw),baca_buku
2026-08-20T11:27:34.661,94.362,-19.29,176.03,0.2062,Fokus,Ma et al. (2s eye / 3s yaw),baca_buku
2026-08-20T11:27:34.693,94.394,-19.44,176.07,0.2051,Fokus,Ma et al. (2s eye / 3s yaw),baca_buku
2026-08-20T11:27:34.732,94.432,-19.09,176.15,0.2013,Fokus,Ma et al. (2s eye / 3s yaw),baca_buku
2026-08-20T11:27:34.766,94.467,-19.37,176.76,0.2027,Fokus,Ma et al. (2s eye / 3s yaw),baca_buku
2026-08-20T11:27:34.801,94.502,-19.4,176.97,0.1985,Fokus,Ma et al. (2s eye / 3s yaw),baca_buku
2026-08-20T11:27:34.836,94.537,-17.5,176.46,0.1906,Fokus,Ma et al. (2s eye / 3s yaw),baca_buku
2026-08-20T11:27:34.871,94.571,-16.43,176.24,0.1975,Fokus,Ma et al. (2s eye / 3s yaw),baca_buku
2026-08-20T11:27:34.906,94.607,-16.49,176.59,0.2035,Fokus,Ma et al. (2s eye / 3s yaw),baca_buku
2026-08-20T11:27:34.941,94.642,-17.26,177.22,0.2073,Fokus,Ma et al. (2s eye / 3s yaw),baca_buku
2026-08-20T11:27:34.976,94.677,-18.22,177.21,0.2092,Fokus,Ma et al. (2s eye / 3s yaw),baca_buku
2026-08-20T11:27:35.012,94.712,-18.46,177.36,0.2104,Fokus,Ma et al. (2s eye / 3s yaw),baca_buku
2026-08-20T11:27:35.048,94.748,-19.88,177.14,0.2114,Fokus,Ma et al. (2s eye / 3s yaw),baca_buku
2026-08-20T11:27:35.083,94.783,-21.05,177.58,0.2095,Fokus,Ma et al. (2s eye / 3s yaw),baca_buku
2026-08-20T11:27:35.118,94.818,-21.12,177.55,0.1989,Fokus,Ma et al. (2s eye / 3s yaw),baca_buku
2026-08-20T11:27:35.152,94.852,-22.19,177.8,0.2004,Fokus,Ma et al. (2s eye / 3s yaw),baca_buku
2026-08-20T11:27:35.186,94.887,-23.63,178.38,0.2072,Fokus,Ma et al. (2s eye / 3s yaw),baca_buku
2026-08-20T11:27:35.222,94.922,-24.08,178.18,0.2122,Fokus,Ma et al. (2s eye / 3s yaw),baca_buku
2026-08-20T11:27:35.256,94.956,-24.29,178.1,0.2171,Fokus,Ma et al. (2s eye / 3s yaw),baca_buku
2026-08-20T11:27:35.282,94.982,-23.99,178.29,0.2163,Fokus,Ma et al. (2s eye / 3s yaw),baca_buku
2026-08-20T11:27:35.306,95.007,-23.42,178.09,0.2145,Fokus,Ma et al. (2s eye / 3s yaw),baca_buku
2026-08-20T11:27:35.340,95.04,-23.07,177.96,0.2135,Fokus,Ma et al. (2s eye / 3s yaw),baca_buku
2026-08-20T11:27:35.374,95.074,-22.2,177.72,0.212,Fokus,Ma et al. (2s eye / 3s yaw),baca_buku
2026-08-20T11:27:35.410,95.11,-21.96,177.9,0.2093,Fokus,Ma et al. (2s eye / 3s yaw),baca_buku
2026-08-20T11:27:35.442,95.142,-21.14,177.61,0.2074,Fokus,Ma et al. (2s eye / 3s yaw),baca_buku
2026-08-20T11:27:35.472,95.173,-21.13,177.86,0.2069,Fokus,Ma et al. (2s eye / 3s yaw),baca_buku
2026-08-20T11:27:35.507,95.208,-20.2,177.93,0.2067,Fokus,Ma et al. (2s eye / 3s yaw),baca_buku
2026-08-20T11:27:35.542,95.243,-18.82,178.11,0.208,Fokus,Ma et al. (2s eye / 3s yaw),baca_buku
2026-08-20T11:27:35.576,95.276,-17.38,178.25,0.2124,Fokus,Ma et al. (2s eye / 3s yaw),baca_buku
2026-08-20T11:27:35.610,95.31,-17.77,179.0,0.2137,Fokus,Ma et al. (2s eye / 3s yaw),baca_buku
2026-08-20T11:27:35.643,95.344,-18.4,179.49,0.2132,Fokus,Ma et al. (2s eye / 3s yaw),baca_buku
2026-08-20T11:27:35.676,95.377,-18.55,179.65,0.2118,Fokus,Ma et al. (2s eye / 3s yaw),baca_buku
2026-08-20T11:27:35.710,95.411,-19.16,179.88,0.212,Fokus,Ma et al. (2s eye / 3s yaw),baca_buku
2026-08-20T11:27:35.735,95.436,-19.99,179.82,0.2099,Fokus,Ma et al. (2s eye / 3s yaw),baca_buku
2026-08-20T11:27:35.763,95.464,-20.56,-179.9,0.2126,Fokus,Ma et al. (2s eye / 3s yaw),baca_buku
2026-08-20T11:27:35.804,95.505,-20.9,-179.74,0.2111,Fokus,Ma et al. (2s eye / 3s yaw),baca_buku
2026-08-20T11:27:35.839,95.54,-20.68,-179.34,0.2098,Fokus,Ma et al. (2s eye / 3s yaw),baca_buku
2026-08-20T11:27:35.874,95.575,-20.46,-179.51,0.2124,Fokus,Ma et al. (2s eye / 3s yaw),baca_buku
2026-08-20T11:27:35.909,95.609,-20.15,-179.35,0.2137,Fokus,Ma et al. (2s eye / 3s yaw),baca_buku
2026-08-20T11:27:35.943,95.644,-19.78,-179.25,0.2109,Fokus,Ma et al. (2s eye / 3s yaw),baca_buku
2026-08-20T11:27:35.978,95.679,-19.31,-179.16,0.2103,Fokus,Ma et al. (2s eye / 3s yaw),baca_buku
2026-08-20T11:27:36.014,95.714,-19.15,-178.88,0.2108,Fokus,Ma et al. (2s eye / 3s yaw),baca_buku
2026-08-20T11:27:36.049,95.749,-18.94,-179.01,0.2084,Fokus,Ma et al. (2s eye / 3s yaw),baca_buku
2026-08-20T11:27:36.083,95.784,-18.53,-179.21,0.2101,Fokus,Ma et al. (2s eye / 3s yaw),baca_buku
2026-08-20T11:27:36.118,95.819,-18.05,-179.36,0.2109,Fokus,Ma et al. (2s eye / 3s yaw),baca_buku
2026-08-20T11:27:36.152,95.852,-18.32,-179.66,0.2103,Fokus,Ma et al. (2s eye / 3s yaw),baca_buku
2026-08-20T11:27:36.187,95.888,-18.35,-179.9,0.2083,Fokus,Ma et al. (2s eye / 3s yaw),baca_buku
2026-08-20T11:27:36.221,95.922,-18.67,179.43,0.2028,Fokus,Ma et al. (2s eye / 3s yaw),baca_buku
2026-08-20T11:27:36.257,95.957,-18.63,178.89,0.1892,Fokus,Ma et al. (2s eye / 3s yaw),baca_buku
2026-08-20T11:27:36.291,95.992,-17.84,178.58,0.1816,Fokus,Ma et al. (2s eye / 3s yaw),baca_buku
2026-08-20T11:27:36.327,96.027,-17.08,178.52,0.1728,Fokus,Ma et al. (2s eye / 3s yaw),baca_buku
2026-08-20T11:27:36.361,96.062,-18.53,178.91,0.1875,Fokus,Ma et al. (2s eye / 3s yaw),baca_buku
2026-08-20T11:27:36.396,96.096,-18.62,179.3,0.1748,Fokus,Ma et al. (2s eye / 3s yaw),baca_buku
2026-08-20T11:27:36.430,96.131,-18.14,179.45,0.1799,Fokus,Ma et al. (2s eye / 3s yaw),baca_buku
2026-08-20T11:27:36.466,96.166,-17.03,179.11,0.1703,Fokus,Ma et al. (2s eye / 3s yaw),baca_buku
2026-08-20T11:27:36.500,96.2,-15.84,178.67,0.1618,Fokus,Ma et al. (2s eye / 3s yaw),baca_buku
2026-08-20T11:27:36.536,96.236,-13.52,178.68,0.148,Fokus,Ma et al. (2s eye / 3s yaw),baca_buku
2026-08-20T11:27:36.571,96.272,-1.33,179.52,0.1386,Fokus,Ma et al. (2s eye / 3s yaw),baca_buku
2026-08-20T11:27:36.611,96.312,7.36,179.0,0.1268,Fokus,Ma et al. (2s eye / 3s yaw),baca_buku
2026-08-20T11:27:36.644,96.345,15.24,179.12,0.1196,Fokus,Ma et al. (2s eye / 3s yaw),pegang_hp
2026-08-20T11:27:36.678,96.379,18.77,178.98,0.1191,Fokus,Ma et al. (2s eye / 3s yaw),pegang_hp
2026-08-20T11:27:36.713,96.413,20.38,178.95,0.1079,Fokus,Ma et al. (2s eye / 3s yaw),pegang_hp
2026-08-20T11:27:36.748,96.449,21.97,178.68,0.1222,Fokus,Ma et al. (2s eye / 3s yaw),pegang_hp
2026-08-20T11:27:36.783,96.483,22.67,178.86,0.126,Fokus,Ma et al. (2s eye / 3s yaw),pegang_hp
2026-08-20T11:27:36.809,96.51,22.57,178.68,0.1312,Fokus,Ma et al. (2s eye / 3s yaw),pegang_hp
2026-08-20T11:27:36.828,96.529,22.23,178.39,0.1341,Fokus,Ma et al. (2s eye / 3s yaw),pegang_hp
2026-08-20T11:27:36.851,96.552,21.17,178.57,0.1294,Fokus,Ma et al. (2s eye / 3s yaw),pegang_hp
2026-08-20T11:27:36.885,96.585,21.21,178.9,0.1338,Fokus,Ma et al. (2s eye / 3s yaw),pegang_hp
2026-08-20T11:27:36.919,96.62,20.65,179.24,0.1221,Fokus,Ma et al. (2s eye / 3s yaw),pegang_hp
2026-08-20T11:27:36.957,96.657,20.09,179.11,0.1499,Fokus,Ma et al. (2s eye / 3s yaw),pegang_hp
2026-08-20T11:27:36.996,96.697,19.99,179.02,0.1395,Fokus,Ma et al. (2s eye / 3s yaw),pegang_hp
2026-08-20T11:27:37.021,96.722,20.69,178.94,0.1561,Fokus,Ma et al. (2s eye / 3s yaw),pegang_hp
2026-08-20T11:27:37.040,96.74,21.07,178.83,0.1673,Fokus,Ma et al. (2s eye / 3s yaw),pegang_hp
2026-08-20T11:27:37.066,96.767,21.34,179.19,0.1515,Fokus,Ma et al. (2s eye / 3s yaw),pegang_hp
2026-08-20T11:27:37.095,96.796,22.18,178.96,0.1671,Fokus,Ma et al. (2s eye / 3s yaw),pegang_hp
2026-08-20T11:27:37.131,96.831,22.28,179.01,0.1612,Fokus,Ma et al. (2s eye / 3s yaw),pegang_hp
2026-08-20T11:27:37.163,96.864,21.85,178.86,0.1299,Fokus,Ma et al. (2s eye / 3s yaw),pegang_hp
2026-08-20T11:27:37.205,96.905,20.91,179.01,0.1092,Fokus,Ma et al. (2s eye / 3s yaw),pegang_hp
2026-08-20T11:27:37.244,96.945,19.74,178.89,0.0928,Fokus,Ma et al. (2s eye / 3s yaw),pegang_hp
2026-08-20T11:27:37.278,96.979,20.21,179.27,0.1161,Fokus,Ma et al. (2s eye / 3s yaw),pegang_hp
2026-08-20T11:27:37.313,97.014,19.86,179.2,0.1505,Fokus,Ma et al. (2s eye / 3s yaw),pegang_hp
2026-08-20T11:27:37.349,97.05,20.8,179.51,0.1716,Fokus,Ma et al. (2s eye / 3s yaw),pegang_hp
2026-08-20T11:27:37.382,97.083,18.52,178.78,0.1773,Fokus,Ma et al. (2s eye / 3s yaw),pegang_hp
2026-08-20T11:27:37.413,97.114,14.98,178.44,0.1811,Fokus,Ma et al. (2s eye / 3s yaw),pegang_hp
2026-08-20T11:27:37.448,97.148,10.74,178.02,0.1861,Fokus,Ma et al. (2s eye / 3s yaw),pegang_hp
2026-08-20T11:27:37.482,97.183,8.52,178.12,0.1932,Fokus,Ma et al. (2s eye / 3s yaw),pegang_hp
2026-08-20T11:27:37.516,97.217,7.1,178.23,0.1933,Fokus,Ma et al. (2s eye / 3s yaw),pegang_hp
2026-08-20T11:27:37.549,97.25,5.87,178.52,0.1905,Fokus,Ma et al. (2s eye / 3s yaw),pegang_hp
2026-08-20T11:27:37.583,97.284,5.17,178.59,0.1924,Fokus,Ma et al. (2s eye / 3s yaw),pegang_hp
2026-08-20T11:27:37.618,97.318,5.67,178.69,0.2014,Fokus,Ma et al. (2s eye / 3s yaw),pegang_hp
2026-08-20T11:27:37.649,97.349,4.73,178.53,0.2079,Fokus,Ma et al. (2s eye / 3s yaw),pegang_hp
2026-08-20T11:27:37.677,97.378,2.3,178.35,0.2078,Fokus,Ma et al. (2s eye / 3s yaw),pegang_hp
2026-08-20T11:27:37.709,97.41,-0.89,178.37,0.2109,Fokus,Ma et al. (2s eye / 3s yaw),pegang_hp
2026-08-20T11:27:37.742,97.443,-1.69,178.0,0.2134,Fokus,Ma et al. (2s eye / 3s yaw),pegang_hp
2026-08-20T11:27:37.780,97.481,-2.28,177.99,0.2216,Fokus,Ma et al. (2s eye / 3s yaw),pegang_hp
2026-08-20T11:27:37.816,97.516,-0.48,177.75,0.2205,Fokus,Ma et al. (2s eye / 3s yaw),pegang_hp
2026-08-20T11:27:37.851,97.551,-0.24,177.67,0.2142,Fokus,Ma et al. (2s eye / 3s yaw),pegang_hp
2026-08-20T11:27:37.885,97.586,-4.0,177.48,0.2116,Fokus,Ma et al. (2s eye / 3s yaw),pegang_hp
2026-08-20T11:27:37.921,97.621,-5.56,177.6,0.2091,Fokus,Ma et al. (2s eye / 3s yaw),pegang_hp
2026-08-20T11:27:37.956,97.657,-7.3,178.0,0.2045,Fokus,Ma et al. (2s eye / 3s yaw),pegang_hp
2026-08-20T11:27:37.992,97.693,-8.3,177.99,0.2099,Fokus,Ma et al. (2s eye / 3s yaw),pegang_hp
2026-08-20T11:27:38.026,97.727,-8.78,177.62,0.2068,Fokus,Ma et al. (2s eye / 3s yaw),pegang_hp
2026-08-20T11:27:38.060,97.76,-11.56,177.61,0.204,Fokus,Ma et al. (2s eye / 3s yaw),pegang_hp
2026-08-20T11:27:38.082,97.783,-13.16,177.75,0.202,Fokus,Ma et al. (2s eye / 3s yaw),pegang_hp
2026-08-20T11:27:38.103,97.803,-11.96,177.73,0.197,Fokus,Ma et al. (2s eye / 3s yaw),pegang_hp
2026-08-20T11:27:38.141,97.842,-12.99,178.04,0.1995,Fokus,Ma et al. (2s eye / 3s yaw),pegang_hp
2026-08-20T11:27:38.172,97.873,-12.86,178.1,0.207,Fokus,Ma et al. (2s eye / 3s yaw),pegang_hp
2026-08-20T11:27:38.216,97.917,-14.21,178.66,0.208,Fokus,Ma et al. (2s eye / 3s yaw),pegang_hp
2026-08-20T11:27:38.249,97.95,-14.42,179.09,0.1925,Fokus,Ma et al. (2s eye / 3s yaw),pegang_hp
2026-08-20T11:27:38.274,97.975,-16.21,179.56,0.2012,Fokus,Ma et al. (2s eye / 3s yaw),pegang_hp
2026-08-20T11:27:38.316,98.017,-16.56,179.74,0.2012,Fokus,Ma et al. (2s eye / 3s yaw),pegang_hp
2026-08-20T11:27:38.350,98.051,-16.03,179.87,0.1969,Fokus,Ma et al. (2s eye / 3s yaw),pegang_hp
2026-08-20T11:27:38.384,98.085,-16.05,-179.71,0.2021,Fokus,Ma et al. (2s eye / 3s yaw),pegang_hp
2026-08-20T11:27:38.418,98.119,-15.0,-179.04,0.2072,Fokus,Ma et al. (2s eye / 3s yaw),pegang_hp
2026-08-20T11:27:38.452,98.153,-12.67,-179.36,0.2041,Fokus,Ma et al. (2s eye / 3s yaw),pegang_hp
2026-08-20T11:27:38.486,98.186,-13.28,-179.2,0.1949,Fokus,Ma et al. (2s eye / 3s yaw),pegang_hp
2026-08-20T11:27:38.519,98.22,-13.84,-178.76,0.2185,Fokus,Ma et al. (2s eye / 3s yaw),pegang_hp
2026-08-20T11:27:38.555,98.256,-15.57,-179.13,0.2251,Fokus,Ma et al. (2s eye / 3s yaw),pegang_hp
2026-08-20T11:27:38.591,98.291,-14.95,-179.31,0.2175,Fokus,Ma et al. (2s eye / 3s yaw),pegang_hp
2026-08-20T11:27:38.625,98.326,-14.45,-179.14,0.2136,Fokus,Ma et al. (2s eye / 3s yaw),pegang_hp
2026-08-20T11:27:38.661,98.362,-15.5,-178.69,0.2108,Fokus,Ma et al. (2s eye / 3s yaw),pegang_hp
2026-08-20T11:27:38.696,98.397,-15.16,-179.15,0.2102,Fokus,Ma et al. (2s eye / 3s yaw),pegang_hp
2026-08-20T11:27:38.731,98.432,-15.77,-179.14,0.2074,Fokus,Ma et al. (2s eye / 3s yaw),pegang_hp
2026-08-20T11:27:38.764,98.464,-17.63,-178.94,0.2096,Fokus,Ma et al. (2s eye / 3s yaw),pegang_hp
2026-08-20T11:27:38.784,98.485,-18.43,-179.16,0.2161,Fokus,Ma et al. (2s eye / 3s yaw),pegang_hp
2026-08-20T11:27:38.803,98.504,-20.87,-179.03,0.2121,Fokus,Ma et al. (2s eye / 3s yaw),pegang_hp
2026-08-20T11:27:38.852,98.553,-22.25,-178.57,0.2077,Fokus,Ma et al. (2s eye / 3s yaw),pegang_hp
2026-08-20T11:27:38.891,98.591,-22.36,-179.01,0.206,Fokus,Ma et al. (2s eye / 3s yaw),pegang_hp
2026-08-20T11:27:38.927,98.627,-22.5,-179.32,0.2052,Fokus,Ma et al. (2s eye / 3s yaw),pegang_hp
2026-08-20T11:27:38.962,98.663,-21.63,-179.74,0.2151,Fokus,Ma et al. (2s eye / 3s yaw),pegang_hp
2026-08-20T11:27:38.997,98.698,-20.44,179.41,0.2116,Fokus,Ma et al. (2s eye / 3s yaw),pegang_hp
2026-08-20T11:27:39.026,98.726,-18.9,179.88,0.2059,Fokus,Ma et al. (2s eye / 3s yaw),pegang_hp
2026-08-20T11:27:39.053,98.753,-17.85,-179.82,0.2055,Fokus,Ma et al. (2s eye / 3s yaw),pegang_hp
2026-08-20T11:27:39.086,98.786,-17.99,-179.27,0.2039,Fokus,Ma et al. (2s eye / 3s yaw),pegang_hp
2026-08-20T11:27:39.120,98.82,-20.15,-178.08,0.2126,Fokus,Ma et al. (2s eye / 3s yaw),pegang_hp
2026-08-20T11:27:39.153,98.854,-18.07,-178.58,0.2088,Fokus,Ma et al. (2s eye / 3s yaw),pegang_hp
2026-08-20T11:27:39.188,98.889,-17.0,-178.52,0.2061,Fokus,Ma et al. (2s eye / 3s yaw),pegang_hp
2026-08-20T11:27:39.226,98.926,-17.43,-178.11,0.1985,Fokus,Ma et al. (2s eye / 3s yaw),pegang_hp
2026-08-20T11:27:39.260,98.961,-17.2,-177.97,0.1814,Fokus,Ma et al. (2s eye / 3s yaw),pegang_hp
2026-08-20T11:27:39.295,98.995,-17.12,-178.59,0.1649,Fokus,Ma et al. (2s eye / 3s yaw),pegang_hp
2026-08-20T11:27:39.329,99.029,-14.7,-178.76,0.1391,Fokus,Ma et al. (2s eye / 3s yaw),pegang_hp
2026-08-20T11:27:39.361,99.062,-15.28,-179.19,0.1326,Fokus,Ma et al. (2s eye / 3s yaw),pegang_hp
2026-08-20T11:27:39.392,99.093,-15.96,-179.12,0.1359,Fokus,Ma et al. (2s eye / 3s yaw),pegang_hp
2026-08-20T11:27:39.426,99.127,-16.06,-179.0,0.1431,Fokus,Ma et al. (2s eye / 3s yaw),pegang_hp
2026-08-20T11:27:39.461,99.161,-16.49,-178.9,0.158,Fokus,Ma et al. (2s eye / 3s yaw),pegang_hp
2026-08-20T11:27:39.494,99.195,-18.14,-178.52,0.18,Fokus,Ma et al. (2s eye / 3s yaw),pegang_hp
2026-08-20T11:27:39.529,99.23,-19.01,-178.28,0.1975,Fokus,Ma et al. (2s eye / 3s yaw),pegang_hp
2026-08-20T11:27:39.565,99.265,-18.58,-177.79,0.2079,Fokus,Ma et al. (2s eye / 3s yaw),pegang_hp
2026-08-20T11:27:39.599,99.3,-18.93,-177.57,0.2148,Fokus,Ma et al. (2s eye / 3s yaw),pegang_hp
2026-08-20T11:27:39.634,99.334,-17.18,-177.63,0.2088,Fokus,Ma et al. (2s eye / 3s yaw),pegang_hp
2026-08-20T11:27:39.661,99.361,-16.55,-178.23,0.1982,Fokus,Ma et al. (2s eye / 3s yaw),pegang_hp
2026-08-20T11:27:39.688,99.388,-15.57,-178.4,0.1978,Fokus,Ma et al. (2s eye / 3s yaw),pegang_hp
2026-08-20T11:27:39.723,99.424,-16.94,-178.39,0.1994,Fokus,Ma et al. (2s eye / 3s yaw),pegang_hp
2026-08-20T11:27:39.758,99.459,-16.89,-178.16,0.201,Fokus,Ma et al. (2s eye / 3s yaw),pegang_hp
2026-08-20T11:27:39.791,99.492,-17.03,-178.28,0.2014,Fokus,Ma et al. (2s eye / 3s yaw),pegang_hp
2026-08-20T11:27:39.820,99.52,-16.93,-178.1,0.2023,Fokus,Ma et al. (2s eye / 3s yaw),pegang_hp
2026-08-20T11:27:39.853,99.553,-17.59,-177.87,0.2033,Fokus,Ma et al. (2s eye / 3s yaw),pegang_hp
2026-08-20T11:27:39.888,99.588,-17.36,-177.77,0.2035,Fokus,Ma et al. (2s eye / 3s yaw),pegang_hp
2026-08-20T11:27:39.924,99.624,-17.9,-177.66,0.2058,Fokus,Ma et al. (2s eye / 3s yaw),pegang_hp
2026-08-20T11:27:39.958,99.659,-17.65,-177.72,0.2058,Fokus,Ma et al. (2s eye / 3s yaw),pegang_hp
2026-08-20T11:27:39.991,99.692,-17.49,-177.95,0.1945,Fokus,Ma et al. (2s eye / 3s yaw),pegang_hp
2026-08-20T11:27:40.025,99.725,-16.8,-178.21,0.1934,Fokus,Ma et al. (2s eye / 3s yaw),pegang_hp
2026-08-20T11:27:40.056,99.757,-16.84,-178.77,0.1933,Fokus,Ma et al. (2s eye / 3s yaw),pegang_hp
2026-08-20T11:27:40.091,99.792,-17.19,-179.09,0.1987,Fokus,Ma et al. (2s eye / 3s yaw),pegang_hp
2026-08-20T11:27:40.125,99.826,-15.11,-179.37,0.1889,Fokus,Ma et al. (2s eye / 3s yaw),pegang_hp
2026-08-20T11:27:40.160,99.861,-14.24,-179.58,0.1882,Fokus,Ma et al. (2s eye / 3s yaw),pegang_hp
2026-08-20T11:27:40.193,99.894,-14.38,-179.95,0.1837,Fokus,Ma et al. (2s eye / 3s yaw),pegang_hp
2026-08-20T11:27:40.227,99.927,-13.32,179.68,0.1789,Fokus,Ma et al. (2s eye / 3s yaw),pegang_hp
2026-08-20T11:27:40.261,99.961,-15.74,-179.71,0.193,Fokus,Ma et al. (2s eye / 3s yaw),pegang_hp
2026-08-20T11:27:40.296,99.996,-14.0,-179.77,0.1869,Fokus,Ma et al. (2s eye / 3s yaw),pegang_hp
2026-08-20T11:27:40.330,100.031,-13.18,-179.82,0.1955,Fokus,Ma et al. (2s eye / 3s yaw),pegang_hp
2026-08-20T11:27:40.357,100.058,-10.35,-179.76,0.1917,Fokus,Ma et al. (2s eye / 3s yaw),pegang_hp
2026-08-20T11:27:40.380,100.081,-9.22,-179.49,0.1911,Fokus,Ma et al. (2s eye / 3s yaw),pegang_hp
2026-08-20T11:27:40.423,100.123,-10.95,179.79,0.1883,Fokus,Ma et al. (2s eye / 3s yaw),pegang_hp
2026-08-20T11:27:40.459,100.159,-10.91,-179.87,0.1756,Fokus,Ma et al. (2s eye / 3s yaw),pegang_hp
2026-08-20T11:27:40.484,100.184,-8.48,-179.37,0.1722,Fokus,Ma et al. (2s eye / 3s yaw),pegang_hp
2026-08-20T11:27:40.524,100.225,-6.48,-179.07,0.1756,Fokus,Ma et al. (2s eye / 3s yaw),pegang_hp
2026-08-20T11:27:40.556,100.257,-4.0,-178.52,0.1706,Fokus,Ma et al. (2s eye / 3s yaw),pegang_hp
2026-08-20T11:27:40.594,100.294,-1.33,-177.12,0.1716,Fokus,Ma et al. (2s eye / 3s yaw),pegang_hp
2026-08-20T11:27:40.629,100.329,-2.67,-177.08,0.1697,Fokus,Ma et al. (2s eye / 3s yaw),pegang_hp
2026-08-20T11:27:40.662,100.363,-4.72,-177.9,0.1682,Fokus,Ma et al. (2s eye / 3s yaw),pegang_hp
2026-08-20T11:27:40.701,100.402,-5.18,-178.09,0.1701,Fokus,Ma et al. (2s eye / 3s yaw),pegang_hp
2026-08-20T11:27:40.736,100.437,-6.21,-178.12,0.1689,Fokus,Ma et al. (2s eye / 3s yaw),pegang_hp
2026-08-20T11:27:40.772,100.472,-4.12,-178.93,0.1808,Fokus,Ma et al. (2s eye / 3s yaw),pegang_hp
2026-08-20T11:27:40.806,100.507,-4.91,-178.69,0.17,Fokus,Ma et al. (2s eye / 3s yaw),pegang_hp
2026-08-20T11:27:40.830,100.531,-3.9,-178.44,0.1247,Fokus,Ma et al. (2s eye / 3s yaw),pegang_hp
2026-08-20T11:27:40.849,100.55,-1.44,-178.76,0.0565,Fokus,Ma et al. (2s eye / 3s yaw),pegang_hp
2026-08-20T11:27:40.896,100.596,-0.59,-177.65,0.0416,Fokus,Ma et al. (2s eye / 3s yaw),pegang_hp
2026-08-20T11:27:40.930,100.63,-0.31,-176.97,0.0519,Fokus,Ma et al. (2s eye / 3s yaw),pegang_hp
2026-08-20T11:27:40.964,100.664,-0.28,-176.92,0.0461,Fokus,Ma et al. (2s eye / 3s yaw),pegang_hp
2026-08-20T11:27:40.998,100.698,-0.55,-176.25,0.0341,Fokus,Ma et al. (2s eye / 3s yaw),pegang_hp
2026-08-20T11:27:41.026,100.727,-1.57,-176.12,0.0341,Fokus,Ma et al. (2s eye / 3s yaw),pegang_hp
2026-08-20T11:27:41.056,100.757,-2.5,-175.29,0.0533,Fokus,Ma et al. (2s eye / 3s yaw),pegang_hp
2026-08-20T11:27:41.095,100.795,-4.59,-175.93,0.0671,Fokus,Ma et al. (2s eye / 3s yaw),pegang_hp
2026-08-20T11:27:41.129,100.83,-8.33,-176.55,0.091,Fokus,Ma et al. (2s eye / 3s yaw),pegang_hp
2026-08-20T11:27:41.162,100.863,-9.94,-175.62,0.1044,Fokus,Ma et al. (2s eye / 3s yaw),pegang_hp
2026-08-20T11:27:41.197,100.898,-10.55,-175.41,0.1211,Fokus,Ma et al. (2s eye / 3s yaw),pegang_hp
2026-08-20T11:27:41.222,100.922,-12.56,-174.78,0.1516,Fokus,Ma et al. (2s eye / 3s yaw),pegang_hp
2026-08-20T11:27:41.259,100.96,-14.06,-174.57,0.1823,Fokus,Ma et al. (2s eye / 3s yaw),pegang_hp
2026-08-20T11:27:41.287,100.987,-13.26,-174.57,0.2128,Fokus,Ma et al. (2s eye / 3s yaw),pegang_hp
2026-08-20T11:27:41.332,101.032,-12.51,-175.01,0.2188,Fokus,Ma et al. (2s eye / 3s yaw),pegang_hp
2026-08-20T11:27:41.366,101.067,-9.8,-174.77,0.222,Fokus,Ma et al. (2s eye / 3s yaw),pegang_hp
2026-08-20T11:27:41.400,101.1,-9.21,-175.08,0.2199,Fokus,Ma et al. (2s eye / 3s yaw),pegang_hp
2026-08-20T11:27:41.434,101.135,-7.27,-175.38,0.2113,Fokus,Ma et al. (2s eye / 3s yaw),pegang_hp
2026-08-20T11:27:41.468,101.169,-6.82,-175.78,0.2173,Fokus,Ma et al. (2s eye / 3s yaw),pegang_hp
2026-08-20T11:27:41.503,101.203,-5.64,-175.52,0.2148,Fokus,Ma et al. (2s eye / 3s yaw),pegang_hp
2026-08-20T11:27:41.537,101.238,-6.16,-175.71,0.2152,Fokus,Ma et al. (2s eye / 3s yaw),pegang_hp
2026-08-20T11:27:41.571,101.271,-6.05,-175.74,0.2101,Fokus,Ma et al. (2s eye / 3s yaw),pegang_hp
2026-08-20T11:27:41.606,101.306,-6.23,-175.8,0.2093,Fokus,Ma et al. (2s eye / 3s yaw),pegang_hp
2026-08-20T11:27:41.640,101.341,-6.19,-175.98,0.2117,Fokus,Ma et al. (2s eye / 3s yaw),pegang_hp
2026-08-20T11:27:41.674,101.375,-5.73,-176.18,0.2113,Fokus,Ma et al. (2s eye / 3s yaw),pegang_hp
2026-08-20T11:27:41.709,101.41,-7.35,-176.25,0.2129,Fokus,Ma et al. (2s eye / 3s yaw),pegang_hp
2026-08-20T11:27:41.744,101.444,-10.24,-176.86,0.2131,Fokus,Ma et al. (2s eye / 3s yaw),pegang_hp
2026-08-20T11:27:41.778,101.479,-10.13,-176.98,0.2193,Fokus,Ma et al. (2s eye / 3s yaw),pegang_hp
2026-08-20T11:27:41.814,101.515,-11.94,-176.76,0.2187,Fokus,Ma et al. (2s eye / 3s yaw),pegang_hp
2026-08-20T11:27:41.849,101.55,-12.3,-176.89,0.2259,Fokus,Ma et al. (2s eye / 3s yaw),pegang_hp
2026-08-20T11:27:41.883,101.584,-13.45,-176.66,0.234,Fokus,Ma et al. (2s eye / 3s yaw),pegang_hp
2026-08-20T11:27:41.915,101.615,-14.58,-176.57,0.2361,Fokus,Ma et al. (2s eye / 3s yaw),pegang_hp
2026-08-20T11:27:41.934,101.635,-14.53,-176.73,0.2358,Fokus,Ma et al. (2s eye / 3s yaw),pegang_hp
2026-08-20T11:27:41.959,101.66,-14.8,-176.96,0.2366,Fokus,Ma et al. (2s eye / 3s yaw),pegang_hp
2026-08-20T11:27:42.000,101.7,-14.95,-176.85,0.2376,Fokus,Ma et al. (2s eye / 3s yaw),pegang_hp
2026-08-20T11:27:42.034,101.735,-15.38,-176.82,0.237,Fokus,Ma et al. (2s eye / 3s yaw),pegang_hp
2026-08-20T11:27:42.066,101.766,-14.81,-176.84,0.2363,Fokus,Ma et al. (2s eye / 3s yaw),pegang_hp
2026-08-20T11:27:42.100,101.801,-13.53,-176.88,0.237,Fokus,Ma et al. (2s eye / 3s yaw),pegang_hp
2026-08-20T11:27:42.136,101.836,-14.1,-176.99,0.2338,Fokus,Ma et al. (2s eye / 3s yaw),pegang_hp
2026-08-20T11:27:42.171,101.872,-13.83,-177.2,0.2324,Fokus,Ma et al. (2s eye / 3s yaw),pegang_hp
2026-08-20T11:27:42.207,101.908,-14.51,-177.13,0.231,Fokus,Ma et al. (2s eye / 3s yaw),pegang_hp
2026-08-20T11:27:42.242,101.943,-13.12,-177.11,0.231,Fokus,Ma et al. (2s eye / 3s yaw),pegang_hp
2026-08-20T11:27:42.276,101.976,-13.28,-177.2,0.2329,Fokus,Ma et al. (2s eye / 3s yaw),pegang_hp
2026-08-20T11:27:42.308,102.009,-12.95,-177.06,0.2342,Fokus,Ma et al. (2s eye / 3s yaw),pegang_hp
2026-08-20T11:27:42.338,102.039,-12.43,-177.27,0.2301,Fokus,Ma et al. (2s eye / 3s yaw),pegang_hp
2026-08-20T11:27:42.366,102.067,-12.34,-177.29,0.2269,Fokus,Ma et al. (2s eye / 3s yaw),pegang_hp
2026-08-20T11:27:42.403,102.104,-12.19,-177.25,0.2257,Fokus,Ma et al. (2s eye / 3s yaw),pegang_hp
2026-08-20T11:27:42.439,102.139,-12.37,-177.3,0.2231,Fokus,Ma et al. (2s eye / 3s yaw),pegang_hp
2026-08-20T11:27:42.474,102.175,-11.95,-177.26,0.2201,Fokus,Ma et al. (2s eye / 3s yaw),pegang_hp
2026-08-20T11:27:42.509,102.21,-11.78,-177.12,0.2212,Fokus,Ma et al. (2s eye / 3s yaw),pegang_hp
2026-08-20T11:27:42.539,102.24,-11.16,-176.98,0.2221,Fokus,Ma et al. (2s eye / 3s yaw),pegang_hp
2026-08-20T11:27:42.567,102.268,-10.84,-177.13,0.223,Fokus,Ma et al. (2s eye / 3s yaw),pegang_hp
2026-08-20T11:27:42.604,102.304,-9.88,-176.99,0.2226,Fokus,Ma et al. (2s eye / 3s yaw),pegang_hp
2026-08-20T11:27:42.641,102.341,-10.04,-177.13,0.2217,Fokus,Ma et al. (2s eye / 3s yaw),pegang_hp
2026-08-20T11:27:42.676,102.377,-9.53,-177.14,0.2211,Fokus,Ma et al. (2s eye / 3s yaw),pegang_hp
2026-08-20T11:27:42.712,102.413,-10.0,-177.06,0.2214,Fokus,Ma et al. (2s eye / 3s yaw),pegang_hp
2026-08-20T11:27:42.749,102.45,-11.26,-177.22,0.2234,Fokus,Ma et al. (2s eye / 3s yaw),pegang_hp
2026-08-20T11:27:42.783,102.483,-11.63,-177.25,0.2185,Fokus,Ma et al. (2s eye / 3s yaw),pegang_hp
2026-08-20T11:27:42.818,102.518,-12.73,-177.41,0.2212,Fokus,Ma et al. (2s eye / 3s yaw),pegang_hp
2026-08-20T11:27:42.853,102.553,-13.66,-177.38,0.2214,Fokus,Ma et al. (2s eye / 3s yaw),pegang_hp
2026-08-20T11:27:42.888,102.588,-14.21,-177.11,0.2257,Fokus,Ma et al. (2s eye / 3s yaw),pegang_hp
2026-08-20T11:27:42.919,102.62,-13.62,-177.01,0.221,Fokus,Ma et al. (2s eye / 3s yaw),pegang_hp
2026-08-20T11:27:42.949,102.649,-13.59,-177.11,0.22,Fokus,Ma et al. (2s eye / 3s yaw),pegang_hp
2026-08-20T11:27:42.981,102.682,-13.23,-177.2,0.221,Fokus,Ma et al. (2s eye / 3s yaw),pegang_hp
2026-08-20T11:27:43.016,102.717,-13.21,-177.25,0.2218,Fokus,Ma et al. (2s eye / 3s yaw),pegang_hp
2026-08-20T11:27:43.052,102.752,-12.87,-177.34,0.2145,Fokus,Ma et al. (2s eye / 3s yaw),pegang_hp
2026-08-20T11:27:43.087,102.787,-12.31,-177.18,0.2051,Fokus,Ma et al. (2s eye / 3s yaw),pegang_hp
2026-08-20T11:27:43.122,102.822,-10.5,-177.02,0.1888,Fokus,Ma et al. (2s eye / 3s yaw),pegang_hp
2026-08-20T11:27:43.157,102.858,-10.03,-176.7,0.1768,Fokus,Ma et al. (2s eye / 3s yaw),pegang_hp
2026-08-20T11:27:43.192,102.892,-8.98,-176.39,0.167,Fokus,Ma et al. (2s eye / 3s yaw),pegang_hp
2026-08-20T11:27:43.228,102.928,-14.46,-175.61,0.1758,Fokus,Ma et al. (2s eye / 3s yaw),pegang_hp
2026-08-20T11:27:43.263,102.964,-15.55,-176.25,0.1991,Fokus,Ma et al. (2s eye / 3s yaw),pegang_hp
2026-08-20T11:27:43.299,102.999,-15.71,-176.64,0.1992,Fokus,Ma et al. (2s eye / 3s yaw),pegang_hp
2026-08-20T11:27:43.334,103.035,4.59,-178.16,0.1955,Fokus,Ma et al. (2s eye / 3s yaw),pegang_hp
2026-08-20T11:27:43.369,103.069,-16.13,-177.67,0.1985,Fokus,Ma et al. (2s eye / 3s yaw),pegang_hp
2026-08-20T11:27:43.403,103.104,-15.84,-178.4,0.1937,Fokus,Ma et al. (2s eye / 3s yaw),pegang_hp
2026-08-20T11:27:43.440,103.14,-16.47,-178.07,0.1954,Fokus,Ma et al. (2s eye / 3s yaw),pegang_hp
2026-08-20T11:27:43.469,103.169,-18.1,-178.72,0.2002,Fokus,Ma et al. (2s eye / 3s yaw),pegang_hp
2026-08-20T11:27:43.495,103.196,-19.77,-177.08,0.1973,Fokus,Ma et al. (2s eye / 3s yaw),pegang_hp
2026-08-20T11:27:43.529,103.229,-17.57,-178.92,0.196,Fokus,Ma et al. (2s eye / 3s yaw),pegang_hp
2026-08-20T11:27:43.563,103.264,-14.18,-177.87,0.2095,Fokus,Ma et al. (2s eye / 3s yaw),pegang_hp
2026-08-20T11:27:43.593,103.294,-11.59,-178.98,0.1977,Fokus,Ma et al. (2s eye / 3s yaw),pegang_hp
2026-08-20T11:27:43.629,103.33,-9.18,179.63,0.1959,Fokus,Ma et al. (2s eye / 3s yaw),pegang_hp
2026-08-20T11:27:43.665,103.365,-6.28,179.08,0.197,Fokus,Ma et al. (2s eye / 3s yaw),pegang_hp
2026-08-20T11:27:43.700,103.401,-5.73,179.18,0.1876,Fokus,Ma et al. (2s eye / 3s yaw),pegang_hp
2026-08-20T11:27:43.735,103.435,-3.13,178.29,0.1777,Fokus,Ma et al. (2s eye / 3s yaw),pegang_hp
2026-08-20T11:27:43.770,103.471,-5.29,178.17,0.1845,Fokus,Ma et al. (2s eye / 3s yaw),pegang_hp
2026-08-20T11:27:43.805,103.505,-5.64,177.51,0.1792,Fokus,Ma et al. (2s eye / 3s yaw),pegang_hp
2026-08-20T11:27:43.840,103.541,-2.29,178.59,0.1669,Fokus,Ma et al. (2s eye / 3s yaw),pegang_hp
2026-08-20T11:27:43.873,103.573,2.77,177.63,0.1581,Fokus,Ma et al. (2s eye / 3s yaw),pegang_hp
2026-08-20T11:27:43.907,103.607,4.46,177.42,0.1511,Fokus,Ma et al. (2s eye / 3s yaw),pegang_hp
2026-08-20T11:27:43.936,103.637,5.79,176.92,0.1618,Fokus,Ma et al. (2s eye / 3s yaw),pegang_hp
2026-08-20T11:27:43.971,103.671,7.62,176.7,0.1638,Fokus,Ma et al. (2s eye / 3s yaw),pegang_hp
2026-08-20T11:27:44.005,103.706,6.07,175.51,0.1542,Fokus,Ma et al. (2s eye / 3s yaw),pegang_hp
2026-08-20T11:27:44.041,103.741,3.85,175.14,0.1359,Fokus,Ma et al. (2s eye / 3s yaw),pegang_hp
2026-08-20T11:27:44.076,103.776,6.75,175.32,0.1354,Fokus,Ma et al. (2s eye / 3s yaw),pegang_hp
2026-08-20T11:27:44.110,103.811,1.72,175.23,0.1438,Fokus,Ma et al. (2s eye / 3s yaw),pegang_hp
2026-08-20T11:27:44.144,103.845,0.71,175.44,0.1544,Fokus,Ma et al. (2s eye / 3s yaw),pegang_hp
2026-08-20T11:27:44.170,103.87,0.05,174.7,0.1598,Fokus,Ma et al. (2s eye / 3s yaw),pegang_hp
2026-08-20T11:27:44.189,103.89,0.6,174.91,0.1576,Fokus,Ma et al. (2s eye / 3s yaw),pegang_hp
2026-08-20T11:27:44.213,103.913,-0.71,174.52,0.1629,Fokus,Ma et al. (2s eye / 3s yaw),pegang_hp
2026-08-20T11:27:44.243,103.944,-1.89,174.8,0.1646,Fokus,Ma et al. (2s eye / 3s yaw),pegang_hp
2026-08-20T11:27:44.279,103.979,-3.19,174.51,0.1711,Fokus,Ma et al. (2s eye / 3s yaw),pegang_hp
2026-08-20T11:27:44.313,104.013,-3.9,174.72,0.1666,Fokus,Ma et al. (2s eye / 3s yaw),pegang_hp
2026-08-20T11:27:44.347,104.047,-5.24,174.85,0.1711,Fokus,Ma et al. (2s eye / 3s yaw),pegang_hp
2026-08-20T11:27:44.379,104.08,-5.54,174.66,0.1758,Fokus,Ma et al. (2s eye / 3s yaw),pegang_hp
2026-08-20T11:27:44.404,104.105,-5.17,174.87,0.1799,Fokus,Ma et al. (2s eye / 3s yaw),pegang_hp
2026-08-20T11:27:44.448,104.149,-5.26,174.98,0.1763,Fokus,Ma et al. (2s eye / 3s yaw),pegang_hp
2026-08-20T11:27:44.484,104.184,-5.43,175.6,0.1757,Fokus,Ma et al. (2s eye / 3s yaw),pegang_hp
2026-08-20T11:27:44.518,104.218,-3.86,175.7,0.172,Fokus,Ma et al. (2s eye / 3s yaw),pegang_hp
2026-08-20T11:27:44.552,104.253,-2.92,175.84,0.1763,Fokus,Ma et al. (2s eye / 3s yaw),pegang_hp
2026-08-20T11:27:44.582,104.283,-2.45,176.25,0.168,Fokus,Ma et al. (2s eye / 3s yaw),pegang_hp
2026-08-20T11:27:44.603,104.304,-2.38,176.7,0.1063,Fokus,Ma et al. (2s eye / 3s yaw),pegang_hp
2026-08-20T11:27:44.647,104.348,-2.39,178.15,0.0675,Fokus,Ma et al. (2s eye / 3s yaw),pegang_hp
2026-08-20T11:27:44.682,104.382,-1.41,177.76,0.0702,Fokus,Ma et al. (2s eye / 3s yaw),pegang_hp
2026-08-20T11:27:44.717,104.417,-2.25,178.75,0.0783,Fokus,Ma et al. (2s eye / 3s yaw),pegang_hp
2026-08-20T11:27:44.752,104.453,-2.77,179.06,0.0841,Fokus,Ma et al. (2s eye / 3s yaw),pegang_hp
2026-08-20T11:27:44.789,104.489,-2.41,179.51,0.0829,Fokus,Ma et al. (2s eye / 3s yaw),pegang_hp
2026-08-20T11:27:44.825,104.525,-4.45,-179.79,0.0857,Fokus,Ma et al. (2s eye / 3s yaw),pegang_hp
2026-08-20T11:27:44.862,104.562,-6.08,-179.67,0.0983,Fokus,Ma et al. (2s eye / 3s yaw),pegang_hp
2026-08-20T11:27:44.897,104.598,-5.73,-179.44,0.0967,Fokus,Ma et al. (2s eye / 3s yaw),pegang_hp
2026-08-20T11:27:44.931,104.632,-4.74,-179.72,0.122,Fokus,Ma et al. (2s eye / 3s yaw),pegang_hp
2026-08-20T11:27:44.967,104.667,-10.05,-179.17,0.124,Fokus,Ma et al. (2s eye / 3s yaw),pegang_hp
2026-08-20T11:27:45.001,104.702,-12.08,-178.86,0.14,Fokus,Ma et al. (2s eye / 3s yaw),pegang_hp
2026-08-20T11:27:45.037,104.738,-12.45,-178.21,0.1451,Fokus,Ma et al. (2s eye / 3s yaw),pegang_hp
2026-08-20T11:27:45.073,104.774,-11.13,-178.2,0.1132,Fokus,Ma et al. (2s eye / 3s yaw),pegang_hp
2026-08-20T11:27:45.109,104.809,-11.57,-178.37,0.0722,Teralih,Ma et al. (2s eye / 3s yaw),pegang_hp
2026-08-20T11:27:45.144,104.845,-10.3,-178.26,0.0707,Teralih,Ma et al. (2s eye / 3s yaw),pegang_hp
2026-08-20T11:27:45.180,104.88,-10.78,-177.68,0.0748,Teralih,Ma et al. (2s eye / 3s yaw),pegang_hp
2026-08-20T11:27:45.214,104.915,-10.75,-177.0,0.0857,Teralih,Ma et al. (2s eye / 3s yaw),pegang_hp
2026-08-20T11:27:45.249,104.949,-10.79,-177.0,0.1069,Teralih,Ma et al. (2s eye / 3s yaw),pegang_hp
2026-08-20T11:27:45.284,104.985,-11.47,-177.12,0.1224,Teralih,Ma et al. (2s eye / 3s yaw),pegang_hp
2026-08-20T11:27:45.318,105.019,-12.16,-176.87,0.133,Teralih,Ma et al. (2s eye / 3s yaw),pegang_hp
2026-08-20T11:27:45.343,105.044,-12.06,-176.77,0.1336,Teralih,Ma et al. (2s eye / 3s yaw),pegang_hp
2026-08-20T11:27:45.368,105.069,-12.0,-176.76,0.1352,Teralih,Ma et al. (2s eye / 3s yaw),pegang_hp
2026-08-20T11:27:45.389,105.09,-11.73,-176.68,0.1355,Teralih,Ma et al. (2s eye / 3s yaw),pegang_hp
2026-08-20T11:27:45.408,105.108,-11.61,-176.26,0.1469,Teralih,Ma et al. (2s eye / 3s yaw),pegang_hp
2026-08-20T11:27:45.447,105.148,-12.05,-175.67,0.1772,Teralih,Ma et al. (2s eye / 3s yaw),pegang_hp
2026-08-20T11:27:45.483,105.184,-12.08,-175.47,0.1862,Teralih,Ma et al. (2s eye / 3s yaw),pegang_hp
2026-08-20T11:27:45.519,105.22,-12.05,-175.43,0.1865,Teralih,Ma et al. (2s eye / 3s yaw),pegang_hp
2026-08-20T11:27:45.555,105.255,-12.19,-175.43,0.1896,Teralih,Ma et al. (2s eye / 3s yaw),pegang_hp
2026-08-20T11:27:45.590,105.291,-12.26,-175.38,0.1892,Teralih,Ma et al. (2s eye / 3s yaw),pegang_hp
2026-08-20T11:27:45.625,105.326,-11.99,-175.39,0.1883,Teralih,Ma et al. (2s eye / 3s yaw),pegang_hp
2026-08-20T11:27:45.661,105.361,-11.68,-175.71,0.1909,Teralih,Ma et al. (2s eye / 3s yaw),pegang_hp
2026-08-20T11:27:45.691,105.392,-10.99,-175.84,0.1923,Teralih,Ma et al. (2s eye / 3s yaw),pegang_hp
2026-08-20T11:27:45.719,105.42,-10.1,-175.97,0.1925,Teralih,Ma et al. (2s eye / 3s yaw),pegang_hp
2026-08-20T11:27:45.754,105.455,-10.45,-175.87,0.1929,Teralih,Ma et al. (2s eye / 3s yaw),pegang_hp
2026-08-20T11:27:45.789,105.49,-9.76,-175.89,0.1879,Teralih,Ma et al. (2s eye / 3s yaw),pegang_hp
2026-08-20T11:27:45.824,105.525,-7.46,-176.0,0.1821,Teralih,Ma et al. (2s eye / 3s yaw),pegang_hp
2026-08-20T11:27:45.859,105.559,-6.76,-175.87,0.1787,Teralih,Ma et al. (2s eye / 3s yaw),pegang_hp
2026-08-20T11:27:45.895,105.595,-6.47,-175.64,0.1778,Teralih,Ma et al. (2s eye / 3s yaw),pegang_hp
2026-08-20T11:27:45.929,105.629,-3.95,-175.84,0.1805,Teralih,Ma et al. (2s eye / 3s yaw),pegang_hp
2026-08-20T11:27:45.963,105.664,-0.83,-175.66,0.1939,Teralih,Ma et al. (2s eye / 3s yaw),pegang_hp
2026-08-20T11:27:45.998,105.698,-0.96,-175.9,0.192,Teralih,Ma et al. (2s eye / 3s yaw),pegang_hp
2026-08-20T11:27:46.032,105.733,-0.09,-176.01,0.2015,Teralih,Ma et al. (2s eye / 3s yaw),pegang_hp
2026-08-20T11:27:46.066,105.767,2.98,-176.15,0.201,Teralih,Ma et al. (2s eye / 3s yaw),pegang_hp
2026-08-20T11:27:46.097,105.797,2.43,-175.94,0.1926,Teralih,Ma et al. (2s eye / 3s yaw),pegang_hp
2026-08-20T11:27:46.128,105.829,4.4,-176.01,0.1934,Teralih,Ma et al. (2s eye / 3s yaw),pegang_hp
2026-08-20T11:27:46.163,105.864,4.39,-176.35,0.1913,Teralih,Ma et al. (2s eye / 3s yaw),pegang_hp
2026-08-20T11:27:46.197,105.897,7.3,-176.68,0.192,Teralih,Ma et al. (2s eye / 3s yaw),pegang_hp
2026-08-20T11:27:46.233,105.934,9.4,-176.94,0.1927,Teralih,Ma et al. (2s eye / 3s yaw),pegang_hp
2026-08-20T11:27:46.268,105.969,9.86,-177.3,0.1903,Teralih,Ma et al. (2s eye / 3s yaw),pegang_hp
2026-08-20T11:27:46.305,106.005,12.29,-177.62,0.1896,Teralih,Ma et al. (2s eye / 3s yaw),pegang_hp
2026-08-20T11:27:46.340,106.041,13.37,-178.0,0.1947,Teralih,Ma et al. (2s eye / 3s yaw),pegang_hp
2026-08-20T11:27:46.377,106.078,14.35,-178.5,0.1888,Teralih,Ma et al. (2s eye / 3s yaw),pegang_hp
2026-08-20T11:27:46.412,106.113,15.33,-178.51,0.1902,Teralih,Ma et al. (2s eye / 3s yaw),pegang_hp
2026-08-20T11:27:46.448,106.149,15.41,-178.43,0.1828,Teralih,Ma et al. (2s eye / 3s yaw),pegang_hp
2026-08-20T11:27:46.482,106.183,15.09,-178.36,0.1837,Teralih,Ma et al. (2s eye / 3s yaw),pegang_hp
2026-08-20T11:27:46.518,106.218,14.39,-178.3,0.1845,Teralih,Ma et al. (2s eye / 3s yaw),pegang_hp
2026-08-20T11:27:46.553,106.254,13.48,-178.15,0.1868,Teralih,Ma et al. (2s eye / 3s yaw),pegang_hp
2026-08-20T11:27:46.589,106.29,12.28,-177.57,0.1863,Teralih,Ma et al. (2s eye / 3s yaw),pegang_hp
2026-08-20T11:27:46.625,106.325,11.12,-176.86,0.1876,Teralih,Ma et al. (2s eye / 3s yaw),pegang_hp
2026-08-20T11:27:46.660,106.361,9.97,-176.42,0.1879,Teralih,Ma et al. (2s eye / 3s yaw),pegang_hp
2026-08-20T11:27:46.695,106.395,9.64,-176.08,0.1897,Teralih,Ma et al. (2s eye / 3s yaw),pegang_hp
2026-08-20T11:27:46.729,106.43,9.48,-176.0,0.1895,Teralih,Ma et al. (2s eye / 3s yaw),pegang_hp
2026-08-20T11:27:46.763,106.464,8.61,-176.14,0.1829,Teralih,Ma et al. (2s eye / 3s yaw),pegang_hp
2026-08-20T11:27:46.795,106.496,9.25,-176.34,0.1795,Teralih,Ma et al. (2s eye / 3s yaw),pegang_hp
2026-08-20T11:27:46.837,106.538,9.55,-176.66,0.1822,Teralih,Ma et al. (2s eye / 3s yaw),pegang_hp
2026-08-20T11:27:46.871,106.572,9.3,-176.48,0.1814,Teralih,Ma et al. (2s eye / 3s yaw),pegang_hp
2026-08-20T11:27:46.907,106.607,10.16,-176.46,0.1797,Teralih,Ma et al. (2s eye / 3s yaw),pegang_hp
2026-08-20T11:27:46.941,106.642,11.83,-176.53,0.179,Teralih,Ma et al. (2s eye / 3s yaw),pegang_hp
2026-08-20T11:27:46.972,106.672,12.21,-176.36,0.178,Teralih,Ma et al. (2s eye / 3s yaw),pegang_hp
2026-08-20T11:27:47.007,106.707,11.86,-176.31,0.1842,Teralih,Ma et al. (2s eye / 3s yaw),pegang_hp
2026-08-20T11:27:47.042,106.742,11.52,-176.25,0.1792,Teralih,Ma et al. (2s eye / 3s yaw),pegang_hp
2026-08-20T11:27:47.076,106.777,12.35,-176.4,0.1795,Teralih,Ma et al. (2s eye / 3s yaw),pegang_hp
2026-08-20T11:27:47.112,106.812,11.74,-176.38,0.1795,Teralih,Ma et al. (2s eye / 3s yaw),pegang_hp
2026-08-20T11:27:47.147,106.848,12.17,-176.34,0.178,Teralih,Ma et al. (2s eye / 3s yaw),pegang_hp
2026-08-20T11:27:47.182,106.882,11.86,-176.34,0.1778,Teralih,Ma et al. (2s eye / 3s yaw),pegang_hp
2026-08-20T11:27:47.212,106.913,11.77,-176.31,0.1777,Teralih,Ma et al. (2s eye / 3s yaw),pegang_hp
2026-08-20T11:27:47.234,106.935,11.74,-176.37,0.1791,Teralih,Ma et al. (2s eye / 3s yaw),pegang_hp
2026-08-20T11:27:47.253,106.954,11.51,-176.39,0.1769,Teralih,Ma et al. (2s eye / 3s yaw),pegang_hp
2026-08-20T11:27:47.272,106.973,11.43,-176.4,0.1759,Teralih,Ma et al. (2s eye / 3s yaw),pegang_hp
2026-08-20T11:27:47.291,106.992,11.41,-176.4,0.1751,Teralih,Ma et al. (2s eye / 3s yaw),pegang_hp
2026-08-20T11:27:47.321,107.021,11.61,-176.47,0.1766,Teralih,Ma et al. (2s eye / 3s yaw),pegang_hp
2026-08-20T11:27:47.355,107.056,10.79,-176.47,0.177,Teralih,Ma et al. (2s eye / 3s yaw),pegang_hp
2026-08-20T11:27:47.395,107.096,10.84,-176.54,0.1796,Teralih,Ma et al. (2s eye / 3s yaw),pegang_hp
2026-08-20T11:27:47.430,107.131,10.98,-176.54,0.1814,Teralih,Ma et al. (2s eye / 3s yaw),pegang_hp
2026-08-20T11:27:47.465,107.166,10.7,-176.54,0.1839,Teralih,Ma et al. (2s eye / 3s yaw),pegang_hp
2026-08-20T11:27:47.501,107.201,9.81,-176.51,0.1898,Teralih,Ma et al. (2s eye / 3s yaw),pegang_hp
2026-08-20T11:27:47.536,107.236,10.23,-176.53,0.1861,Teralih,Ma et al. (2s eye / 3s yaw),pegang_hp
2026-08-20T11:27:47.570,107.27,10.36,-176.51,0.1866,Teralih,Ma et al. (2s eye / 3s yaw),pegang_hp
2026-08-20T11:27:47.598,107.298,9.66,-176.34,0.1844,Teralih,Ma et al. (2s eye / 3s yaw),pegang_hp
2026-08-20T11:27:47.624,107.324,8.4,-176.25,0.1833,Teralih,Ma et al. (2s eye / 3s yaw),pegang_hp
2026-08-20T11:27:47.664,107.365,8.21,-176.23,0.1817,Teralih,Ma et al. (2s eye / 3s yaw),pegang_hp
2026-08-20T11:27:47.699,107.4,7.19,-176.04,0.1787,Teralih,Ma et al. (2s eye / 3s yaw),pegang_hp
2026-08-20T11:27:47.733,107.434,7.49,-176.03,0.1776,Teralih,Ma et al. (2s eye / 3s yaw),pegang_hp
2026-08-20T11:27:47.768,107.469,7.27,-175.82,0.1759,Teralih,Ma et al. (2s eye / 3s yaw),pegang_hp
2026-08-20T11:27:47.803,107.504,7.43,-175.86,0.1758,Teralih,Ma et al. (2s eye / 3s yaw),pegang_hp
2026-08-20T11:27:47.832,107.533,6.62,-175.89,0.1767,Teralih,Ma et al. (2s eye / 3s yaw),pegang_hp
2026-08-20T11:27:47.851,107.552,6.39,-175.8,0.1742,Teralih,Ma et al. (2s eye / 3s yaw),pegang_hp
2026-08-20T11:27:47.895,107.595,6.33,-175.85,0.1743,Teralih,Ma et al. (2s eye / 3s yaw),pegang_hp
2026-08-20T11:27:47.932,107.632,5.96,-175.88,0.1732,Teralih,Ma et al. (2s eye / 3s yaw),pegang_hp
2026-08-20T11:27:47.960,107.661,5.97,-175.84,0.1756,Teralih,Ma et al. (2s eye / 3s yaw),pegang_hp
2026-08-20T11:27:47.985,107.686,5.93,-175.9,0.1746,Teralih,Ma et al. (2s eye / 3s yaw),pegang_hp
2026-08-20T11:27:48.029,107.729,6.17,-176.0,0.1757,Teralih,Ma et al. (2s eye / 3s yaw),pegang_hp
2026-08-20T11:27:48.056,107.756,7.05,-176.08,0.1756,Teralih,Ma et al. (2s eye / 3s yaw),pegang_hp
2026-08-20T11:27:48.095,107.796,7.31,-176.3,0.1693,Teralih,Ma et al. (2s eye / 3s yaw),pegang_hp
2026-08-20T11:27:48.133,107.833,7.02,-176.34,0.1615,Teralih,Ma et al. (2s eye / 3s yaw),pegang_hp
2026-08-20T11:27:48.168,107.869,6.06,-176.4,0.1619,Teralih,Ma et al. (2s eye / 3s yaw),pegang_hp
2026-08-20T11:27:48.204,107.905,5.3,-176.08,0.1598,Teralih,Ma et al. (2s eye / 3s yaw),pegang_hp
2026-08-20T11:27:48.240,107.94,5.34,-175.88,0.1576,Teralih,Ma et al. (2s eye / 3s yaw),pegang_hp
2026-08-20T11:27:48.274,107.974,4.99,-175.89,0.1544,Teralih,Ma et al. (2s eye / 3s yaw),pegang_hp
2026-08-20T11:27:48.301,108.002,4.47,-175.91,0.1489,Teralih,Ma et al. (2s eye / 3s yaw),pegang_hp
2026-08-20T11:27:48.329,108.03,4.69,-176.04,0.156,Teralih,Ma et al. (2s eye / 3s yaw),pegang_hp
2026-08-20T11:27:48.363,108.064,4.83,-175.91,0.1568,Teralih,Ma et al. (2s eye / 3s yaw),pegang_hp
2026-08-20T11:27:48.399,108.1,4.4,-175.9,0.1495,Teralih,Ma et al. (2s eye / 3s yaw),pegang_hp
2026-08-20T11:27:48.434,108.135,4.45,-175.7,0.1514,Teralih,Ma et al. (2s eye / 3s yaw),pegang_hp
2026-08-20T11:27:48.469,108.169,4.45,-175.7,0.1481,Teralih,Ma et al. (2s eye / 3s yaw),pegang_hp
2026-08-20T11:27:48.503,108.203,4.37,-175.77,0.1535,Teralih,Ma et al. (2s eye / 3s yaw),pegang_hp
2026-08-20T11:27:48.537,108.238,4.61,-175.8,0.159,Teralih,Ma et al. (2s eye / 3s yaw),pegang_hp
2026-08-20T11:27:48.573,108.274,3.81,-175.53,0.1609,Teralih,Ma et al. (2s eye / 3s yaw),pegang_hp
2026-08-20T11:27:48.609,108.31,3.21,-175.47,0.1451,Teralih,Ma et al. (2s eye / 3s yaw),pegang_hp
2026-08-20T11:27:48.645,108.346,3.57,-175.52,0.1507,Teralih,Ma et al. (2s eye / 3s yaw),pegang_hp
2026-08-20T11:27:48.680,108.381,2.5,-175.33,0.1498,Teralih,Ma et al. (2s eye / 3s yaw),pegang_hp
2026-08-20T11:27:48.714,108.414,1.83,-175.31,0.1478,Teralih,Ma et al. (2s eye / 3s yaw),pegang_hp
2026-08-20T11:27:48.749,108.449,0.67,-175.25,0.1469,Teralih,Ma et al. (2s eye / 3s yaw),pegang_hp
2026-08-20T11:27:48.784,108.484,0.05,-175.18,0.1483,Teralih,Ma et al. (2s eye / 3s yaw),pegang_hp
2026-08-20T11:27:48.818,108.519,-1.15,-175.08,0.1505,Teralih,Ma et al. (2s eye / 3s yaw),pegang_hp
2026-08-20T11:27:48.855,108.556,-0.88,-174.87,0.1518,Teralih,Ma et al. (2s eye / 3s yaw),pegang_hp
2026-08-20T11:27:48.891,108.592,-1.47,-174.78,0.1499,Teralih,Ma et al. (2s eye / 3s yaw),pegang_hp
2026-08-20T11:27:48.926,108.626,-5.18,-174.57,0.1497,Teralih,Ma et al. (2s eye / 3s yaw),pegang_hp
2026-08-20T11:27:48.954,108.654,-3.43,-174.68,0.1496,Teralih,Ma et al. (2s eye / 3s yaw),pegang_hp
2026-08-20T11:27:48.973,108.674,-5.34,-174.69,0.1584,Teralih,Ma et al. (2s eye / 3s yaw),pegang_hp
2026-08-20T11:27:48.992,108.692,-6.51,-174.62,0.1643,Teralih,Ma et al. (2s eye / 3s yaw),pegang_hp
2026-08-20T11:27:49.029,108.73,-8.08,-174.58,0.1696,Teralih,Ma et al. (2s eye / 3s yaw),pegang_hp
2026-08-20T11:27:49.067,108.768,-8.07,-174.61,0.1743,Teralih,Ma et al. (2s eye / 3s yaw),pegang_hp
2026-08-20T11:27:49.104,108.804,-8.92,-174.7,0.1782,Teralih,Ma et al. (2s eye / 3s yaw),pegang_hp
2026-08-20T11:27:49.138,108.839,-8.62,-174.86,0.1827,Teralih,Ma et al. (2s eye / 3s yaw),pegang_hp
2026-08-20T11:27:49.174,108.875,-9.68,-174.85,0.1846,Teralih,Ma et al. (2s eye / 3s yaw),pegang_hp
2026-08-20T11:27:49.211,108.911,-9.65,-174.81,0.182,Teralih,Ma et al. (2s eye / 3s yaw),pegang_hp
2026-08-20T11:27:49.246,108.947,-9.93,-174.63,0.1819,Teralih,Ma et al. (2s eye / 3s yaw),pegang_hp
2026-08-20T11:27:49.282,108.983,-10.49,-174.7,0.1835,Teralih,Ma et al. (2s eye / 3s yaw),pegang_hp
2026-08-20T11:27:49.317,109.018,-10.89,-174.7,0.1848,Teralih,Ma et al. (2s eye / 3s yaw),pegang_hp
2026-08-20T11:27:49.353,109.053,-10.25,-174.7,0.18,Teralih,Ma et al. (2s eye / 3s yaw),pegang_hp
2026-08-20T11:27:49.388,109.089,-10.34,-174.62,0.1806,Teralih,Ma et al. (2s eye / 3s yaw),pegang_hp
2026-08-20T11:27:49.423,109.124,-10.41,-174.62,0.1719,Teralih,Ma et al. (2s eye / 3s yaw),pegang_hp
2026-08-20T11:27:49.458,109.158,-10.8,-174.71,0.1721,Teralih,Ma et al. (2s eye / 3s yaw),pegang_hp
2026-08-20T11:27:49.491,109.192,-11.62,-174.47,0.1734,Teralih,Ma et al. (2s eye / 3s yaw),pegang_hp
2026-08-20T11:27:49.526,109.227,-11.32,-174.64,0.1706,Teralih,Ma et al. (2s eye / 3s yaw),pegang_hp
2026-08-20T11:27:49.561,109.262,-10.95,-174.74,0.1753,Teralih,Ma et al. (2s eye / 3s yaw),pegang_hp
2026-08-20T11:27:49.597,109.298,-11.91,-174.68,0.1744,Teralih,Ma et al. (2s eye / 3s yaw),pegang_hp
2026-08-20T11:27:49.632,109.333,-11.24,-174.8,0.1748,Teralih,Ma et al. (2s eye / 3s yaw),pegang_hp
2026-08-20T11:27:49.666,109.367,-11.24,-174.67,0.1739,Teralih,Ma et al. (2s eye / 3s yaw),pegang_hp
2026-08-20T11:27:49.701,109.401,-10.77,-174.72,0.1757,Teralih,Ma et al. (2s eye / 3s yaw),pegang_hp
2026-08-20T11:27:49.735,109.436,-10.57,-174.85,0.1817,Teralih,Ma et al. (2s eye / 3s yaw),pegang_hp
2026-08-20T11:27:49.772,109.472,-11.44,-174.92,0.186,Teralih,Ma et al. (2s eye / 3s yaw),pegang_hp
2026-08-20T11:27:49.807,109.508,-11.82,-174.6,0.1875,Teralih,Ma et al. (2s eye / 3s yaw),pegang_hp
2026-08-20T11:27:49.842,109.542,-12.42,-174.58,0.1905,Teralih,Ma et al. (2s eye / 3s yaw),pegang_hp
2026-08-20T11:27:49.877,109.577,-12.59,-174.54,0.1839,Teralih,Ma et al. (2s eye / 3s yaw),pegang_hp
2026-08-20T11:27:49.912,109.613,-12.57,-174.5,0.1792,Teralih,Ma et al. (2s eye / 3s yaw),pegang_hp
2026-08-20T11:27:49.942,109.643,-12.57,-174.53,0.182,Teralih,Ma et al. (2s eye / 3s yaw),pegang_hp
2026-08-20T11:27:49.972,109.673,-12.62,-174.42,0.1849,Teralih,Ma et al. (2s eye / 3s yaw),pegang_hp
2026-08-20T11:27:50.001,109.701,-12.74,-174.4,0.1846,Teralih,Ma et al. (2s eye / 3s yaw),pegang_hp
2026-08-20T11:27:50.025,109.725,-12.32,-174.43,0.1832,Teralih,Ma et al. (2s eye / 3s yaw),pegang_hp
2026-08-20T11:27:50.054,109.755,-12.17,-174.45,0.1838,Teralih,Ma et al. (2s eye / 3s yaw),pegang_hp
2026-08-20T11:27:50.089,109.79,-11.74,-174.51,0.1835,Teralih,Ma et al. (2s eye / 3s yaw),pegang_hp
2026-08-20T11:27:50.123,109.824,-12.35,-174.51,0.1858,Teralih,Ma et al. (2s eye / 3s yaw),pegang_hp
2026-08-20T11:27:50.158,109.859,-12.62,-174.42,0.1862,Teralih,Ma et al. (2s eye / 3s yaw),pegang_hp
2026-08-20T11:27:50.194,109.894,-13.31,-174.33,0.1952,Teralih,Ma et al. (2s eye / 3s yaw),pegang_hp
2026-08-20T11:27:50.229,109.93,-12.62,-174.36,0.1935,Teralih,Ma et al. (2s eye / 3s yaw),pegang_hp
2026-08-20T11:27:50.265,109.965,-13.27,-174.51,0.196,Teralih,Ma et al. (2s eye / 3s yaw),pegang_hp
2026-08-20T11:27:50.301,110.001,-12.32,-174.52,0.1935,Teralih,Ma et al. (2s eye / 3s yaw),pegang_hp
2026-08-20T11:27:50.335,110.036,-12.55,-174.45,0.1968,Teralih,Ma et al. (2s eye / 3s yaw),pegang_hp
2026-08-20T11:27:50.370,110.071,-13.18,-174.52,0.1985,Teralih,Ma et al. (2s eye / 3s yaw),pegang_hp
2026-08-20T11:27:50.404,110.105,-13.02,-174.68,0.1947,Teralih,Ma et al. (2s eye / 3s yaw),pegang_hp
2026-08-20T11:27:50.434,110.135,-13.37,-174.66,0.205,Teralih,Ma et al. (2s eye / 3s yaw),pegang_hp
2026-08-20T11:27:50.469,110.169,-14.13,-174.56,0.2067,Teralih,Ma et al. (2s eye / 3s yaw),pegang_hp
2026-08-20T11:27:50.505,110.206,-14.38,-174.73,0.2034,Teralih,Ma et al. (2s eye / 3s yaw),pegang_hp
2026-08-20T11:27:50.540,110.241,-14.58,-174.7,0.2014,Teralih,Ma et al. (2s eye / 3s yaw),pegang_hp
2026-08-20T11:27:50.576,110.276,-14.66,-174.61,0.1955,Teralih,Ma et al. (2s eye / 3s yaw),pegang_hp
2026-08-20T11:27:50.611,110.312,-14.65,-174.68,0.1933,Teralih,Ma et al. (2s eye / 3s yaw),pegang_hp
2026-08-20T11:27:50.645,110.346,-14.85,-174.4,0.196,Teralih,Ma et al. (2s eye / 3s yaw),pegang_hp
2026-08-20T11:27:50.680,110.381,-14.71,-174.3,0.1929,Teralih,Ma et al. (2s eye / 3s yaw),pegang_hp
2026-08-20T11:27:50.715,110.415,-14.61,-174.3,0.1936,Teralih,Ma et al. (2s eye / 3s yaw),pegang_hp
2026-08-20T11:27:50.749,110.449,-14.38,-174.28,0.1935,Teralih,Ma et al. (2s eye / 3s yaw),pegang_hp
2026-08-20T11:27:50.784,110.484,-13.82,-174.23,0.1935,Teralih,Ma et al. (2s eye / 3s yaw),pegang_hp
2026-08-20T11:27:50.818,110.518,-13.87,-174.16,0.1944,Teralih,Ma et al. (2s eye / 3s yaw),pegang_hp
2026-08-20T11:27:50.852,110.552,-13.74,-174.32,0.1973,Teralih,Ma et al. (2s eye / 3s yaw),pegang_hp
2026-08-20T11:27:50.876,110.576,-14.31,-174.49,0.2034,Teralih,Ma et al. (2s eye / 3s yaw),pegang_hp
2026-08-20T11:27:50.909,110.61,-14.46,-174.58,0.211,Fokus,Ma et al. (2s eye / 3s yaw),pegang_hp
2026-08-20T11:27:50.945,110.646,-14.87,-174.6,0.2135,Fokus,Ma et al. (2s eye / 3s yaw),pegang_hp
2026-08-20T11:27:50.981,110.681,-14.86,-174.67,0.217,Fokus,Ma et al. (2s eye / 3s yaw),pegang_hp
2026-08-20T11:27:51.015,110.716,-14.64,-174.76,0.2189,Fokus,Ma et al. (2s eye / 3s yaw),pegang_hp
2026-08-20T11:27:51.050,110.751,-14.88,-174.75,0.2207,Fokus,Ma et al. (2s eye / 3s yaw),pegang_hp
2026-08-20T11:27:51.085,110.785,-14.91,-174.75,0.2238,Fokus,Ma et al. (2s eye / 3s yaw),pegang_hp
2026-08-20T11:27:51.119,110.82,-15.16,-174.77,0.2258,Fokus,Ma et al. (2s eye / 3s yaw),pegang_hp
2026-08-20T11:27:51.154,110.854,-15.03,-174.73,0.2258,Fokus,Ma et al. (2s eye / 3s yaw),pegang_hp
2026-08-20T11:27:51.189,110.89,-15.05,-174.8,0.2287,Fokus,Ma et al. (2s eye / 3s yaw),pegang_hp
2026-08-20T11:27:51.224,110.925,-15.09,-174.75,0.2277,Fokus,Ma et al. (2s eye / 3s yaw),pegang_hp
2026-08-20T11:27:51.259,110.96,-15.02,-174.84,0.2296,Fokus,Ma et al. (2s eye / 3s yaw),pegang_hp
2026-08-20T11:27:51.294,110.995,-15.95,-175.14,0.2275,Fokus,Ma et al. (2s eye / 3s yaw),pegang_hp
2026-08-20T11:27:51.329,111.03,-17.02,-175.13,0.2302,Fokus,Ma et al. (2s eye / 3s yaw),pegang_hp
2026-08-20T11:27:51.364,111.065,-16.38,-175.18,0.2296,Fokus,Ma et al. (2s eye / 3s yaw),pegang_hp
2026-08-20T11:27:51.399,111.099,-16.54,-175.24,0.2275,Fokus,Ma et al. (2s eye / 3s yaw),pegang_hp
2026-08-20T11:27:51.433,111.134,-16.91,-175.0,0.2293,Fokus,Ma et al. (2s eye / 3s yaw),pegang_hp
2026-08-20T11:27:51.468,111.168,-16.72,-174.96,0.2303,Fokus,Ma et al. (2s eye / 3s yaw),pegang_hp
2026-08-20T11:27:51.502,111.202,-16.11,-174.97,0.2271,Fokus,Ma et al. (2s eye / 3s yaw),pegang_hp
2026-08-20T11:27:51.535,111.235,-16.21,-174.98,0.2254,Fokus,Ma et al. (2s eye / 3s yaw),pegang_hp
2026-08-20T11:27:51.567,111.267,-16.21,-174.96,0.2251,Fokus,Ma et al. (2s eye / 3s yaw),pegang_hp
2026-08-20T11:27:51.601,111.301,-15.78,-175.01,0.2239,Fokus,Ma et al. (2s eye / 3s yaw),pegang_hp
2026-08-20T11:27:51.635,111.335,-15.79,-175.11,0.2254,Fokus,Ma et al. (2s eye / 3s yaw),pegang_hp
2026-08-20T11:27:51.658,111.359,-15.91,-175.09,0.223,Fokus,Ma et al. (2s eye / 3s yaw),pegang_hp
2026-08-20T11:27:51.677,111.378,-15.83,-175.09,0.2232,Fokus,Ma et al. (2s eye / 3s yaw),pegang_hp
2026-08-20T11:27:51.696,111.396,-15.76,-175.09,0.2224,Fokus,Ma et al. (2s eye / 3s yaw),pegang_hp
2026-08-20T11:27:51.715,111.415,-15.77,-175.15,0.223,Fokus,Ma et al. (2s eye / 3s yaw),pegang_hp
2026-08-20T11:27:51.735,111.435,-15.71,-175.11,0.2232,Fokus,Ma et al. (2s eye / 3s yaw),pegang_hp
2026-08-20T11:27:51.785,111.485,-15.68,-175.11,0.2235,Fokus,Ma et al. (2s eye / 3s yaw),pegang_hp
2026-08-20T11:27:51.821,111.521,-15.34,-175.14,0.2264,Fokus,Ma et al. (2s eye / 3s yaw),pegang_hp
2026-08-20T11:27:51.855,111.556,-15.26,-175.15,0.2242,Fokus,Ma et al. (2s eye / 3s yaw),pegang_hp
2026-08-20T11:27:51.891,111.592,-15.19,-175.21,0.2216,Fokus,Ma et al. (2s eye / 3s yaw),pegang_hp
2026-08-20T11:27:51.927,111.627,-15.28,-175.2,0.222,Fokus,Ma et al. (2s eye / 3s yaw),pegang_hp
2026-08-20T11:27:51.961,111.662,-15.08,-175.17,0.2221,Fokus,Ma et al. (2s eye / 3s yaw),pegang_hp
2026-08-20T11:27:51.996,111.696,-15.13,-175.16,0.2212,Fokus,Ma et al. (2s eye / 3s yaw),pegang_hp
2026-08-20T11:27:52.031,111.732,-15.08,-175.2,0.2216,Fokus,Ma et al. (2s eye / 3s yaw),pegang_hp
2026-08-20T11:27:52.061,111.762,-14.42,-175.19,0.2205,Fokus,Ma et al. (2s eye / 3s yaw),pegang_hp
2026-08-20T11:27:52.095,111.796,-14.61,-175.2,0.2213,Fokus,Ma et al. (2s eye / 3s yaw),pegang_hp
2026-08-20T11:27:52.130,111.831,-15.0,-175.28,0.222,Fokus,Ma et al. (2s eye / 3s yaw),pegang_hp
2026-08-20T11:27:52.165,111.865,-14.76,-175.29,0.2229,Fokus,Ma et al. (2s eye / 3s yaw),pegang_hp
2026-08-20T11:27:52.200,111.9,-14.96,-175.33,0.2229,Fokus,Ma et al. (2s eye / 3s yaw),pegang_hp
2026-08-20T11:27:52.232,111.933,-14.49,-175.31,0.2216,Fokus,Ma et al. (2s eye / 3s yaw),pegang_hp
2026-08-20T11:27:52.256,111.957,-14.24,-175.27,0.2183,Fokus,Ma et al. (2s eye / 3s yaw),pegang_hp
2026-08-20T11:27:52.282,111.983,-14.57,-175.31,0.2177,Fokus,Ma et al. (2s eye / 3s yaw),pegang_hp
2026-08-20T11:27:52.320,112.021,-14.59,-175.29,0.2175,Fokus,Ma et al. (2s eye / 3s yaw),pegang_hp
2026-08-20T11:27:52.356,112.057,-14.64,-175.36,0.2183,Fokus,Ma et al. (2s eye / 3s yaw),pegang_hp
2026-08-20T11:27:52.392,112.093,-14.27,-175.38,0.2179,Fokus,Ma et al. (2s eye / 3s yaw),pegang_hp
2026-08-20T11:27:52.426,112.127,-13.51,-175.34,0.2165,Fokus,Ma et al. (2s eye / 3s yaw),pegang_hp
2026-08-20T11:27:52.453,112.153,-12.49,-175.43,0.2098,Fokus,Ma et al. (2s eye / 3s yaw),pegang_hp
2026-08-20T11:27:52.479,112.18,-12.06,-175.4,0.2139,Fokus,Ma et al. (2s eye / 3s yaw),pegang_hp
2026-08-20T11:27:52.521,112.222,-11.78,-175.41,0.212,Fokus,Ma et al. (2s eye / 3s yaw),pegang_hp
2026-08-20T11:27:52.556,112.257,-12.27,-175.33,0.2123,Fokus,Ma et al. (2s eye / 3s yaw),pegang_hp
2026-08-20T11:27:52.593,112.293,-12.65,-175.27,0.2158,Fokus,Ma et al. (2s eye / 3s yaw),pegang_hp
2026-08-20T11:27:52.629,112.33,-13.13,-175.17,0.213,Fokus,Ma et al. (2s eye / 3s yaw),pegang_hp
2026-08-20T11:27:52.665,112.366,-12.85,-175.26,0.2123,Fokus,Ma et al. (2s eye / 3s yaw),pegang_hp
2026-08-20T11:27:52.702,112.403,-14.18,-175.14,0.2119,Fokus,Ma et al. (2s eye / 3s yaw),pegang_hp
2026-08-20T11:27:52.738,112.439,-13.47,-175.19,0.2101,Fokus,Ma et al. (2s eye / 3s yaw),pegang_hp
2026-08-20T11:27:52.775,112.476,-14.5,-175.15,0.2119,Fokus,Ma et al. (2s eye / 3s yaw),pegang_hp
2026-08-20T11:27:52.811,112.512,-15.66,-175.11,0.214,Fokus,Ma et al. (2s eye / 3s yaw),pegang_hp
2026-08-20T11:27:52.847,112.548,-15.28,-174.99,0.2138,Fokus,Ma et al. (2s eye / 3s yaw),pegang_hp
2026-08-20T11:27:52.882,112.583,-15.23,-174.83,0.214,Fokus,Ma et al. (2s eye / 3s yaw),pegang_hp
2026-08-20T11:27:52.918,112.618,-15.28,-174.86,0.2124,Fokus,Ma et al. (2s eye / 3s yaw),pegang_hp
2026-08-20T11:27:52.954,112.655,-15.78,-174.82,0.2103,Fokus,Ma et al. (2s eye / 3s yaw),pegang_hp
2026-08-20T11:27:52.989,112.69,-15.69,-174.88,0.2088,Fokus,Ma et al. (2s eye / 3s yaw),pegang_hp
2026-08-20T11:27:53.023,112.724,-15.69,-174.77,0.208,Fokus,Ma et al. (2s eye / 3s yaw),pegang_hp
2026-08-20T11:27:53.059,112.759,-15.53,-174.94,0.2086,Fokus,Ma et al. (2s eye / 3s yaw),pegang_hp
2026-08-20T11:27:53.094,112.794,-15.65,-174.96,0.2104,Fokus,Ma et al. (2s eye / 3s yaw),pegang_hp
2026-08-20T11:27:53.130,112.83,-15.7,-174.94,0.2113,Fokus,Ma et al. (2s eye / 3s yaw),pegang_hp
2026-08-20T11:27:53.162,112.863,-16.35,-174.98,0.2106,Fokus,Ma et al. (2s eye / 3s yaw),pegang_hp
2026-08-20T11:27:53.191,112.892,-16.55,-174.91,0.2121,Fokus,Ma et al. (2s eye / 3s yaw),pegang_hp
2026-08-20T11:27:53.224,112.925,-16.76,-174.96,0.2137,Fokus,Ma et al. (2s eye / 3s yaw),pegang_hp
2026-08-20T11:27:53.259,112.96,-16.78,-175.01,0.2162,Fokus,Ma et al. (2s eye / 3s yaw),pegang_hp
2026-08-20T11:27:53.294,112.994,-17.03,-175.0,0.2202,Fokus,Ma et al. (2s eye / 3s yaw),pegang_hp
2026-08-20T11:27:53.329,113.03,-16.79,-175.0,0.2187,Fokus,Ma et al. (2s eye / 3s yaw),pegang_hp
2026-08-20T11:27:53.365,113.066,-15.68,-175.07,0.2185,Fokus,Ma et al. (2s eye / 3s yaw),pegang_hp
2026-08-20T11:27:53.399,113.1,-16.16,-175.06,0.2245,Fokus,Ma et al. (2s eye / 3s yaw),pegang_hp
2026-08-20T11:27:53.435,113.136,-16.08,-175.11,0.2253,Fokus,Ma et al. (2s eye / 3s yaw),pegang_hp
2026-08-20T11:27:53.471,113.171,-16.09,-175.06,0.2262,Fokus,Ma et al. (2s eye / 3s yaw),pegang_hp
2026-08-20T11:27:53.506,113.206,-15.68,-175.12,0.2252,Fokus,Ma et al. (2s eye / 3s yaw),pegang_hp
2026-08-20T11:27:53.541,113.242,-15.65,-175.08,0.2187,Fokus,Ma et al. (2s eye / 3s yaw),pegang_hp
2026-08-20T11:27:53.576,113.277,-15.85,-175.2,0.2194,Fokus,Ma et al. (2s eye / 3s yaw),pegang_hp
2026-08-20T11:27:53.612,113.313,-16.14,-175.07,0.2187,Fokus,Ma et al. (2s eye / 3s yaw),pegang_hp
2026-08-20T11:27:53.648,113.348,-15.83,-175.03,0.2219,Fokus,Ma et al. (2s eye / 3s yaw),pegang_hp
2026-08-20T11:27:53.683,113.384,-15.92,-175.05,0.2191,Fokus,Ma et al. (2s eye / 3s yaw),pegang_hp
2026-08-20T11:27:53.719,113.42,-15.69,-175.0,0.2172,Fokus,Ma et al. (2s eye / 3s yaw),pegang_hp
2026-08-20T11:27:53.755,113.456,-15.64,-174.97,0.2145,Fokus,Ma et al. (2s eye / 3s yaw),pegang_hp
2026-08-20T11:27:53.790,113.49,-15.66,-175.04,0.2169,Fokus,Ma et al. (2s eye / 3s yaw),pegang_hp
2026-08-20T11:27:53.825,113.526,-15.67,-175.09,0.2164,Fokus,Ma et al. (2s eye / 3s yaw),pegang_hp
2026-08-20T11:27:53.861,113.562,-15.58,-175.07,0.2122,Fokus,Ma et al. (2s eye / 3s yaw),pegang_hp
2026-08-20T11:27:53.895,113.596,-15.34,-175.1,0.2088,Fokus,Ma et al. (2s eye / 3s yaw),pegang_hp
2026-08-20T11:27:53.930,113.63,-15.14,-175.16,0.2086,Fokus,Ma et al. (2s eye / 3s yaw),pegang_hp
2026-08-20T11:27:53.964,113.664,-15.29,-175.1,0.2081,Fokus,Ma et al. (2s eye / 3s yaw),pegang_hp
2026-08-20T11:27:53.990,113.691,-15.62,-175.06,0.2109,Fokus,Ma et al. (2s eye / 3s yaw),pegang_hp
2026-08-20T11:27:54.018,113.718,-15.51,-175.06,0.2098,Fokus,Ma et al. (2s eye / 3s yaw),pegang_hp
2026-08-20T11:27:54.053,113.753,-14.95,-175.03,0.2076,Fokus,Ma et al. (2s eye / 3s yaw),pegang_hp
2026-08-20T11:27:54.089,113.79,-14.92,-175.02,0.2076,Fokus,Ma et al. (2s eye / 3s yaw),pegang_hp
2026-08-20T11:27:54.125,113.826,-14.94,-175.01,0.2083,Fokus,Ma et al. (2s eye / 3s yaw),pegang_hp
2026-08-20T11:27:54.160,113.861,-14.99,-175.02,0.2098,Fokus,Ma et al. (2s eye / 3s yaw),pegang_hp
2026-08-20T11:27:54.195,113.896,-14.66,-174.97,0.2092,Fokus,Ma et al. (2s eye / 3s yaw),pegang_hp
2026-08-20T11:27:54.231,113.932,-14.44,-174.91,0.2056,Fokus,Ma et al. (2s eye / 3s yaw),pegang_hp
2026-08-20T11:27:54.266,113.967,-14.69,-174.95,0.2096,Fokus,Ma et al. (2s eye / 3s yaw),pegang_hp
2026-08-20T11:27:54.301,114.002,-14.36,-174.93,0.2078,Fokus,Ma et al. (2s eye / 3s yaw),pegang_hp
2026-08-20T11:27:54.336,114.036,-14.29,-175.05,0.203,Fokus,Ma et al. (2s eye / 3s yaw),pegang_hp
2026-08-20T11:27:54.371,114.071,-13.84,-175.01,0.1962,Fokus,Ma et al. (2s eye / 3s yaw),pegang_hp
2026-08-20T11:27:54.406,114.106,-13.72,-175.09,0.1944,Fokus,Ma et al. (2s eye / 3s yaw),pegang_hp
2026-08-20T11:27:54.441,114.141,-13.93,-174.96,0.1924,Fokus,Ma et al. (2s eye / 3s yaw),pegang_hp
2026-08-20T11:27:54.475,114.176,-13.95,-174.95,0.1905,Fokus,Ma et al. (2s eye / 3s yaw),pegang_hp
2026-08-20T11:27:54.509,114.21,-13.53,-174.96,0.1862,Fokus,Ma et al. (2s eye / 3s yaw),pegang_hp
2026-08-20T11:27:54.544,114.245,-13.6,-174.91,0.1827,Fokus,Ma et al. (2s eye / 3s yaw),pegang_hp
2026-08-20T11:27:54.573,114.274,-13.25,-175.07,0.1901,Fokus,Ma et al. (2s eye / 3s yaw),pegang_hp
2026-08-20T11:27:54.601,114.302,-13.44,-175.04,0.1871,Fokus,Ma et al. (2s eye / 3s yaw),pegang_hp
2026-08-20T11:27:54.633,114.334,-13.89,-174.58,0.1961,Fokus,Ma et al. (2s eye / 3s yaw),pegang_hp
2026-08-20T11:27:54.668,114.369,-13.94,-174.71,0.1946,Fokus,Ma et al. (2s eye / 3s yaw),pegang_hp
2026-08-20T11:27:54.700,114.401,-14.28,-174.8,0.194,Fokus,Ma et al. (2s eye / 3s yaw),pegang_hp
2026-08-20T11:27:54.731,114.432,-14.19,-174.86,0.1955,Fokus,Ma et al. (2s eye / 3s yaw),pegang_hp
2026-08-20T11:27:54.757,114.457,-14.26,-174.94,0.1977,Fokus,Ma et al. (2s eye / 3s yaw),pegang_hp
2026-08-20T11:27:54.782,114.482,-14.05,-174.97,0.1944,Fokus,Ma et al. (2s eye / 3s yaw),pegang_hp
2026-08-20T11:27:54.803,114.504,-13.83,-174.95,0.1922,Fokus,Ma et al. (2s eye / 3s yaw),pegang_hp
2026-08-20T11:27:54.822,114.523,-14.04,-175.06,0.1915,Fokus,Ma et al. (2s eye / 3s yaw),pegang_hp
2026-08-20T11:27:54.841,114.541,-13.64,-175.11,0.189,Fokus,Ma et al. (2s eye / 3s yaw),pegang_hp
2026-08-20T11:27:54.860,114.561,-13.68,-175.14,0.1894,Fokus,Ma et al. (2s eye / 3s yaw),pegang_hp
2026-08-20T11:27:54.893,114.594,-13.33,-175.13,0.1876,Fokus,Ma et al. (2s eye / 3s yaw),pegang_hp
2026-08-20T11:27:54.930,114.631,-12.82,-175.2,0.1832,Fokus,Ma et al. (2s eye / 3s yaw),pegang_hp
2026-08-20T11:27:54.965,114.665,-12.63,-175.05,0.1816,Fokus,Ma et al. (2s eye / 3s yaw),pegang_hp
2026-08-20T11:27:54.999,114.7,-11.57,-175.02,0.1785,Fokus,Ma et al. (2s eye / 3s yaw),pegang_hp
2026-08-20T11:27:55.026,114.727,-12.85,-175.06,0.1771,Fokus,Ma et al. (2s eye / 3s yaw),pegang_hp
2026-08-20T11:27:55.060,114.76,-11.87,-175.09,0.1772,Fokus,Ma et al. (2s eye / 3s yaw),pegang_hp
2026-08-20T11:27:55.101,114.802,-11.72,-175.08,0.1744,Fokus,Ma et al. (2s eye / 3s yaw),pegang_hp
2026-08-20T11:27:55.138,114.838,-11.93,-175.04,0.1716,Fokus,Ma et al. (2s eye / 3s yaw),pegang_hp
2026-08-20T11:27:55.173,114.873,-11.66,-175.03,0.1727,Fokus,Ma et al. (2s eye / 3s yaw),pegang_hp
2026-08-20T11:27:55.208,114.909,-11.46,-175.07,0.1699,Fokus,Ma et al. (2s eye / 3s yaw),pegang_hp
2026-08-20T11:27:55.243,114.943,-11.52,-175.09,0.1697,Fokus,Ma et al. (2s eye / 3s yaw),pegang_hp
2026-08-20T11:27:55.276,114.976,-11.63,-175.11,0.1693,Fokus,Ma et al. (2s eye / 3s yaw),pegang_hp
2026-08-20T11:27:55.311,115.012,-11.44,-175.13,0.1683,Fokus,Ma et al. (2s eye / 3s yaw),pegang_hp
2026-08-20T11:27:55.345,115.046,-11.5,-175.19,0.1678,Fokus,Ma et al. (2s eye / 3s yaw),pegang_hp
2026-08-20T11:27:55.380,115.081,-11.31,-175.24,0.1666,Fokus,Ma et al. (2s eye / 3s yaw),pegang_hp
2026-08-20T11:27:55.416,115.117,-11.06,-175.31,0.1669,Fokus,Ma et al. (2s eye / 3s yaw),pegang_hp
2026-08-20T11:27:55.452,115.152,-10.48,-175.38,0.1669,Fokus,Ma et al. (2s eye / 3s yaw),pegang_hp
2026-08-20T11:27:55.486,115.187,-10.33,-175.3,0.1622,Fokus,Ma et al. (2s eye / 3s yaw),pegang_hp
2026-08-20T11:27:55.521,115.222,-10.44,-175.42,0.1646,Fokus,Ma et al. (2s eye / 3s yaw),pegang_hp
2026-08-20T11:27:55.556,115.257,-9.99,-175.41,0.1688,Fokus,Ma et al. (2s eye / 3s yaw),pegang_hp
2026-08-20T11:27:55.592,115.293,-10.09,-175.44,0.171,Fokus,Ma et al. (2s eye / 3s yaw),pegang_hp
2026-08-20T11:27:55.627,115.328,-9.76,-175.45,0.165,Fokus,Ma et al. (2s eye / 3s yaw),pegang_hp
2026-08-20T11:27:55.662,115.363,-9.93,-175.4,0.164,Fokus,Ma et al. (2s eye / 3s yaw),pegang_hp
2026-08-20T11:27:55.698,115.399,-9.71,-175.49,0.1703,Fokus,Ma et al. (2s eye / 3s yaw),pegang_hp
2026-08-20T11:27:55.733,115.433,-10.03,-175.21,0.1679,Fokus,Ma et al. (2s eye / 3s yaw),pegang_hp
2026-08-20T11:27:55.768,115.469,-10.29,-175.27,0.1641,Fokus,Ma et al. (2s eye / 3s yaw),pegang_hp
2026-08-20T11:27:55.802,115.503,-10.17,-175.14,0.1644,Fokus,Ma et al. (2s eye / 3s yaw),pegang_hp
2026-08-20T11:27:55.837,115.538,-10.26,-175.12,0.1649,Fokus,Ma et al. (2s eye / 3s yaw),pegang_hp
2026-08-20T11:27:55.872,115.573,-9.64,-175.13,0.1636,Fokus,Ma et al. (2s eye / 3s yaw),pegang_hp
2026-08-20T11:27:55.907,115.607,-9.75,-175.11,0.1662,Fokus,Ma et al. (2s eye / 3s yaw),pegang_hp
2026-08-20T11:27:55.942,115.643,-9.68,-175.14,0.1668,Fokus,Ma et al. (2s eye / 3s yaw),pegang_hp
2026-08-20T11:27:55.977,115.678,-9.71,-175.11,0.1675,Fokus,Ma et al. (2s eye / 3s yaw),pegang_hp
2026-08-20T11:27:56.010,115.711,-9.67,-175.1,0.1672,Fokus,Ma et al. (2s eye / 3s yaw),pegang_hp
2026-08-20T11:27:56.039,115.74,-9.86,-175.09,0.1692,Teralih,Ma et al. (2s eye / 3s yaw),pegang_hp
2026-08-20T11:27:56.073,115.774,-9.48,-175.21,0.1667,Teralih,Ma et al. (2s eye / 3s yaw),pegang_hp
2026-08-20T11:27:56.107,115.807,-9.86,-175.25,0.1725,Teralih,Ma et al. (2s eye / 3s yaw),pegang_hp
2026-08-20T11:27:56.140,115.841,-10.09,-175.19,0.1704,Teralih,Ma et al. (2s eye / 3s yaw),pegang_hp
2026-08-20T11:27:56.172,115.873,-10.18,-175.2,0.1754,Teralih,Ma et al. (2s eye / 3s yaw),pegang_hp
2026-08-20T11:27:56.193,115.894,-10.63,-175.38,0.1811,Teralih,Ma et al. (2s eye / 3s yaw),pegang_hp
2026-08-20T11:27:56.212,115.912,-11.07,-175.31,0.1871,Teralih,Ma et al. (2s eye / 3s yaw),pegang_hp
2026-08-20T11:27:56.230,115.931,-10.99,-175.49,0.1884,Teralih,Ma et al. (2s eye / 3s yaw),pegang_hp
2026-08-20T11:27:56.261,115.961,-10.93,-175.6,0.1869,Teralih,Ma et al. (2s eye / 3s yaw),pegang_hp
2026-08-20T11:27:56.299,115.999,-10.97,-175.57,0.1833,Teralih,Ma et al. (2s eye / 3s yaw),pegang_hp
2026-08-20T11:27:56.336,116.037,-11.06,-175.56,0.1852,Teralih,Ma et al. (2s eye / 3s yaw),pegang_hp
2026-08-20T11:27:56.364,116.065,-11.28,-175.56,0.1855,Teralih,Ma et al. (2s eye / 3s yaw),pegang_hp
2026-08-20T11:27:56.406,116.106,-11.48,-175.6,0.1898,Teralih,Ma et al. (2s eye / 3s yaw),pegang_hp
2026-08-20T11:27:56.431,116.131,-11.5,-175.64,0.1953,Teralih,Ma et al. (2s eye / 3s yaw),pegang_hp
2026-08-20T11:27:56.472,116.173,-11.91,-175.56,0.1954,Teralih,Ma et al. (2s eye / 3s yaw),pegang_hp
2026-08-20T11:27:56.508,116.208,-11.55,-175.58,0.1927,Teralih,Ma et al. (2s eye / 3s yaw),pegang_hp
2026-08-20T11:27:56.533,116.233,-11.5,-175.55,0.1919,Teralih,Ma et al. (2s eye / 3s yaw),pegang_hp
2026-08-20T11:27:56.563,116.263,-11.14,-175.6,0.1904,Teralih,Ma et al. (2s eye / 3s yaw),pegang_hp
2026-08-20T11:27:56.605,116.306,-11.56,-175.57,0.1917,Teralih,Ma et al. (2s eye / 3s yaw),pegang_hp
2026-08-20T11:27:56.629,116.329,-11.66,-175.51,0.1944,Teralih,Ma et al. (2s eye / 3s yaw),pegang_hp
2026-08-20T11:27:56.676,116.376,-11.72,-175.51,0.1966,Teralih,Ma et al. (2s eye / 3s yaw),pegang_hp
2026-08-20T11:27:56.705,116.405,-11.51,-175.49,0.1945,Teralih,Ma et al. (2s eye / 3s yaw),pegang_hp
2026-08-20T11:27:56.729,116.429,-11.43,-175.58,0.194,Teralih,Ma et al. (2s eye / 3s yaw),pegang_hp
2026-08-20T11:27:56.774,116.475,-11.31,-175.59,0.1919,Teralih,Ma et al. (2s eye / 3s yaw),pegang_hp
2026-08-20T11:27:56.805,116.505,-11.42,-175.48,0.1923,Teralih,Ma et al. (2s eye / 3s yaw),pegang_hp
2026-08-20T11:27:56.839,116.539,-11.55,-175.48,0.1941,Teralih,Ma et al. (2s eye / 3s yaw),pegang_hp
2026-08-20T11:27:56.871,116.572,-11.59,-175.52,0.1983,Teralih,Ma et al. (2s eye / 3s yaw),pegang_hp
2026-08-20T11:27:56.905,116.605,-11.06,-175.5,0.1974,Teralih,Ma et al. (2s eye / 3s yaw),pegang_hp
2026-08-20T11:27:56.945,116.646,-10.8,-175.42,0.1981,Teralih,Ma et al. (2s eye / 3s yaw),pegang_hp
2026-08-20T11:27:56.982,116.682,-10.46,-175.37,0.1983,Teralih,Ma et al. (2s eye / 3s yaw),pegang_hp
2026-08-20T11:27:57.017,116.718,-10.51,-175.36,0.1964,Teralih,Ma et al. (2s eye / 3s yaw),pegang_hp
2026-08-20T11:27:57.051,116.751,-10.79,-175.34,0.1947,Teralih,Ma et al. (2s eye / 3s yaw),pegang_hp
2026-08-20T11:27:57.079,116.78,-10.31,-175.3,0.1928,Teralih,Ma et al. (2s eye / 3s yaw),pegang_hp
2026-08-20T11:27:57.113,116.814,-10.89,-175.31,0.1878,Teralih,Ma et al. (2s eye / 3s yaw),pegang_hp
2026-08-20T11:27:57.146,116.847,-10.85,-175.37,0.1826,Teralih,Ma et al. (2s eye / 3s yaw),pegang_hp
2026-08-20T11:27:57.177,116.878,-10.72,-175.38,0.1808,Teralih,Ma et al. (2s eye / 3s yaw),pegang_hp
2026-08-20T11:27:57.212,116.913,-10.8,-175.4,0.1819,Teralih,Ma et al. (2s eye / 3s yaw),pegang_hp
2026-08-20T11:27:57.248,116.949,-10.94,-175.4,0.1783,Teralih,Ma et al. (2s eye / 3s yaw),pegang_hp
2026-08-20T11:27:57.282,116.983,-10.72,-175.39,0.1742,Teralih,Ma et al. (2s eye / 3s yaw),pegang_hp
2026-08-20T11:27:57.317,117.018,-11.05,-175.32,0.1711,Teralih,Ma et al. (2s eye / 3s yaw),pegang_hp
2026-08-20T11:27:57.350,117.051,-10.8,-175.16,0.1702,Teralih,Ma et al. (2s eye / 3s yaw),pegang_hp
2026-08-20T11:27:57.376,117.076,-11.48,-175.28,0.1735,Teralih,Ma et al. (2s eye / 3s yaw),pegang_hp
2026-08-20T11:27:57.410,117.111,-11.6,-175.19,0.1748,Teralih,Ma et al. (2s eye / 3s yaw),pegang_hp
2026-08-20T11:27:57.445,117.145,-12.03,-175.14,0.1823,Teralih,Ma et al. (2s eye / 3s yaw),pegang_hp
2026-08-20T11:27:57.472,117.173,-12.35,-175.2,0.1834,Teralih,Ma et al. (2s eye / 3s yaw),pegang_hp
2026-08-20T11:27:57.511,117.211,-12.8,-175.32,0.1853,Teralih,Ma et al. (2s eye / 3s yaw),pegang_hp
2026-08-20T11:27:57.544,117.245,-12.73,-175.34,0.1958,Teralih,Ma et al. (2s eye / 3s yaw),pegang_hp
2026-08-20T11:27:57.578,117.279,-12.16,-175.5,0.1968,Teralih,Ma et al. (2s eye / 3s yaw),pegang_hp
2026-08-20T11:27:57.613,117.313,-12.42,-175.57,0.1988,Teralih,Ma et al. (2s eye / 3s yaw),pegang_hp
2026-08-20T11:27:57.647,117.348,-12.46,-175.56,0.2019,Teralih,Ma et al. (2s eye / 3s yaw),pegang_hp
2026-08-20T11:27:57.682,117.383,-12.26,-175.55,0.1993,Teralih,Ma et al. (2s eye / 3s yaw),pegang_hp
2026-08-20T11:27:57.727,117.427,-12.45,-175.54,0.1994,Teralih,Ma et al. (2s eye / 3s yaw),pegang_hp
2026-08-20T11:27:57.753,117.453,-12.51,-175.57,0.194,Teralih,Ma et al. (2s eye / 3s yaw),pegang_hp
2026-08-20T11:27:57.772,117.473,-12.31,-175.62,0.1941,Teralih,Ma et al. (2s eye / 3s yaw),pegang_hp
2026-08-20T11:27:57.809,117.509,-12.3,-175.54,0.1965,Teralih,Ma et al. (2s eye / 3s yaw),pegang_hp
2026-08-20T11:27:57.848,117.549,-12.12,-175.56,0.1976,Teralih,Ma et al. (2s eye / 3s yaw),pegang_hp
2026-08-20T11:27:57.883,117.584,-11.96,-175.53,0.1978,Teralih,Ma et al. (2s eye / 3s yaw),pegang_hp
2026-08-20T11:27:57.919,117.619,-11.89,-175.5,0.1954,Teralih,Ma et al. (2s eye / 3s yaw),pegang_hp
2026-08-20T11:27:57.948,117.649,-11.89,-175.54,0.1981,Teralih,Ma et al. (2s eye / 3s yaw),pegang_hp
2026-08-20T11:27:57.977,117.677,-12.02,-175.56,0.199,Teralih,Ma et al. (2s eye / 3s yaw),pegang_hp
2026-08-20T11:27:58.017,117.717,-12.01,-175.57,0.1984,Teralih,Ma et al. (2s eye / 3s yaw),pegang_hp
2026-08-20T11:27:58.052,117.753,-12.07,-175.55,0.1985,Teralih,Ma et al. (2s eye / 3s yaw),pegang_hp
2026-08-20T11:27:58.082,117.783,-12.27,-175.49,0.1974,Teralih,Ma et al. (2s eye / 3s yaw),pegang_hp
2026-08-20T11:27:58.112,117.812,-12.37,-175.54,0.1968,Teralih,Ma et al. (2s eye / 3s yaw),pegang_hp
2026-08-20T11:27:58.148,117.849,-12.38,-175.52,0.19,Teralih,Ma et al. (2s eye / 3s yaw),pegang_hp
2026-08-20T11:27:58.182,117.883,-12.79,-175.4,0.1857,Teralih,Ma et al. (2s eye / 3s yaw),pegang_hp
2026-08-20T11:27:58.214,117.915,-13.12,-175.46,0.1916,Teralih,Ma et al. (2s eye / 3s yaw),pegang_hp
2026-08-20T11:27:58.249,117.95,-13.19,-175.47,0.1921,Teralih,Ma et al. (2s eye / 3s yaw),pegang_hp
2026-08-20T11:27:58.283,117.984,-13.34,-175.45,0.1928,Teralih,Ma et al. (2s eye / 3s yaw),pegang_hp
2026-08-20T11:27:58.319,118.02,-12.73,-175.46,0.1897,Teralih,Ma et al. (2s eye / 3s yaw),pegang_hp
2026-08-20T11:27:58.354,118.055,-12.78,-175.42,0.188,Teralih,Ma et al. (2s eye / 3s yaw),pegang_hp
2026-08-20T11:27:58.390,118.091,-13.26,-175.41,0.1897,Teralih,Ma et al. (2s eye / 3s yaw),pegang_hp
2026-08-20T11:27:58.425,118.126,-13.1,-175.39,0.1897,Teralih,Ma et al. (2s eye / 3s yaw),pegang_hp
2026-08-20T11:27:58.460,118.161,-13.04,-175.34,0.1874,Teralih,Ma et al. (2s eye / 3s yaw),pegang_hp
2026-08-20T11:27:58.495,118.196,-12.62,-175.36,0.1831,Teralih,Ma et al. (2s eye / 3s yaw),pegang_hp
2026-08-20T11:27:58.531,118.232,-12.83,-175.41,0.1829,Teralih,Ma et al. (2s eye / 3s yaw),pegang_hp
2026-08-20T11:27:58.568,118.268,-12.69,-175.47,0.1846,Teralih,Ma et al. (2s eye / 3s yaw),pegang_hp
2026-08-20T11:27:58.603,118.303,-11.74,-175.52,0.1864,Teralih,Ma et al. (2s eye / 3s yaw),pegang_hp
2026-08-20T11:27:58.639,118.339,-11.43,-175.45,0.1819,Teralih,Ma et al. (2s eye / 3s yaw),pegang_hp
2026-08-20T11:27:58.674,118.375,-11.51,-175.51,0.1841,Teralih,Ma et al. (2s eye / 3s yaw),pegang_hp
2026-08-20T11:27:58.711,118.412,-12.11,-175.52,0.1872,Teralih,Ma et al. (2s eye / 3s yaw),pegang_hp
2026-08-20T11:27:58.748,118.449,-11.97,-175.54,0.1943,Teralih,Ma et al. (2s eye / 3s yaw),pegang_hp
2026-08-20T11:27:58.784,118.484,-12.04,-175.55,0.1941,Teralih,Ma et al. (2s eye / 3s yaw),pegang_hp
2026-08-20T11:27:58.818,118.519,-12.45,-175.53,0.1998,Teralih,Ma et al. (2s eye / 3s yaw),pegang_hp
2026-08-20T11:27:58.852,118.553,-11.94,-175.6,0.1995,Teralih,Ma et al. (2s eye / 3s yaw),pegang_hp
2026-08-20T11:27:58.888,118.588,-12.28,-175.57,0.2007,Teralih,Ma et al. (2s eye / 3s yaw),pegang_hp
2026-08-20T11:27:58.923,118.624,-11.99,-175.61,0.2013,Teralih,Ma et al. (2s eye / 3s yaw),pegang_hp
2026-08-20T11:27:58.958,118.659,-12.22,-175.57,0.2002,Teralih,Ma et al. (2s eye / 3s yaw),pegang_hp
2026-08-20T11:27:58.993,118.694,-13.08,-175.6,0.2015,Teralih,Ma et al. (2s eye / 3s yaw),pegang_hp
2026-08-20T11:27:59.030,118.73,-13.02,-175.59,0.2025,Teralih,Ma et al. (2s eye / 3s yaw),pegang_hp
2026-08-20T11:27:59.066,118.767,-12.8,-175.65,0.2025,Teralih,Ma et al. (2s eye / 3s yaw),pegang_hp
2026-08-20T11:27:59.103,118.803,-13.11,-175.71,0.2042,Teralih,Ma et al. (2s eye / 3s yaw),pegang_hp
2026-08-20T11:27:59.139,118.84,-12.25,-175.74,0.2051,Teralih,Ma et al. (2s eye / 3s yaw),pegang_hp
2026-08-20T11:27:59.175,118.875,-10.48,-175.59,0.1872,Teralih,Ma et al. (2s eye / 3s yaw),pegang_hp
2026-08-20T11:27:59.210,118.911,-10.57,-175.59,0.185,Teralih,Ma et al. (2s eye / 3s yaw),pegang_hp
2026-08-20T11:27:59.245,118.946,-9.01,-175.53,0.1618,Teralih,Ma et al. (2s eye / 3s yaw),pegang_hp
2026-08-20T11:27:59.280,118.98,-8.65,-175.63,0.1563,Teralih,Ma et al. (2s eye / 3s yaw),pegang_hp
2026-08-20T11:27:59.315,119.015,-9.14,-175.47,0.158,Teralih,Ma et al. (2s eye / 3s yaw),pegang_hp
2026-08-20T11:27:59.349,119.049,-8.52,-175.43,0.1574,Teralih,Ma et al. (2s eye / 3s yaw),pegang_hp
2026-08-20T11:27:59.372,119.072,-8.21,-175.46,0.1555,Teralih,Ma et al. (2s eye / 3s yaw),pegang_hp
2026-08-20T11:27:59.390,119.091,-7.77,-175.55,0.156,Teralih,Ma et al. (2s eye / 3s yaw),pegang_hp
2026-08-20T11:27:59.409,119.11,-7.97,-175.57,0.1541,Teralih,Ma et al. (2s eye / 3s yaw),pegang_hp
2026-08-20T11:27:59.430,119.131,-8.02,-175.58,0.1581,Teralih,Ma et al. (2s eye / 3s yaw),pegang_hp
2026-08-20T11:27:59.463,119.163,-8.13,-175.56,0.1572,Teralih,Ma et al. (2s eye / 3s yaw),pegang_hp
2026-08-20T11:27:59.498,119.199,-8.97,-175.72,0.1749,Teralih,Ma et al. (2s eye / 3s yaw),pegang_hp
2026-08-20T11:27:59.534,119.235,-9.36,-175.66,0.1771,Teralih,Ma et al. (2s eye / 3s yaw),pegang_hp
2026-08-20T11:27:59.569,119.27,-9.37,-175.64,0.1779,Teralih,Ma et al. (2s eye / 3s yaw),pegang_hp
2026-08-20T11:27:59.604,119.305,-9.72,-175.7,0.187,Teralih,Ma et al. (2s eye / 3s yaw),pegang_hp
2026-08-20T11:27:59.640,119.34,-9.98,-175.72,0.1886,Teralih,Ma et al. (2s eye / 3s yaw),pegang_hp
2026-08-20T11:27:59.674,119.375,-10.16,-175.65,0.1947,Teralih,Ma et al. (2s eye / 3s yaw),pegang_hp
2026-08-20T11:27:59.710,119.411,-10.53,-175.66,0.1966,Teralih,Ma et al. (2s eye / 3s yaw),pegang_hp
2026-08-20T11:27:59.745,119.446,-10.87,-175.59,0.1968,Teralih,Ma et al. (2s eye / 3s yaw),pegang_hp
2026-08-20T11:27:59.780,119.481,-10.49,-175.6,0.1959,Teralih,Ma et al. (2s eye / 3s yaw),pegang_hp
2026-08-20T11:27:59.816,119.516,-10.45,-175.45,0.195,Teralih,Ma et al. (2s eye / 3s yaw),pegang_hp
2026-08-20T11:27:59.851,119.551,-10.28,-175.49,0.1953,Teralih,Ma et al. (2s eye / 3s yaw),pegang_hp
2026-08-20T11:27:59.885,119.586,-9.89,-175.55,0.1915,Teralih,Ma et al. (2s eye / 3s yaw),pegang_hp
2026-08-20T11:27:59.921,119.622,-10.04,-175.6,0.1941,Teralih,Ma et al. (2s eye / 3s yaw),pegang_hp
2026-08-20T11:27:59.956,119.657,-10.38,-175.67,0.1953,Teralih,Ma et al. (2s eye / 3s yaw),pegang_hp
2026-08-20T11:27:59.991,119.692,-10.39,-175.58,0.1951,Teralih,Ma et al. (2s eye / 3s yaw),pegang_hp
2026-08-20T11:28:00.026,119.727,-9.88,-175.63,0.1909,Teralih,Ma et al. (2s eye / 3s yaw),pegang_hp
2026-08-20T11:28:00.060,119.761,-9.84,-175.62,0.1882,Teralih,Ma et al. (2s eye / 3s yaw),pegang_hp
2026-08-20T11:28:00.090,119.791,-9.66,-175.59,0.1863,Teralih,Ma et al. (2s eye / 3s yaw),pegang_hp
2026-08-20T11:28:00.120,119.82,-9.94,-175.68,0.187,Teralih,Ma et al. (2s eye / 3s yaw),pegang_hp
2026-08-20T11:28:00.153,119.853,-10.06,-175.7,0.1872,Teralih,Ma et al. (2s eye / 3s yaw),pegang_hp
2026-08-20T11:28:00.188,119.888,-10.23,-175.6,0.188,Teralih,Ma et al. (2s eye / 3s yaw),pegang_hp
2026-08-20T11:28:00.224,119.924,-10.46,-175.56,0.1879,Teralih,Ma et al. (2s eye / 3s yaw),pegang_hp
2026-08-20T11:28:00.258,119.958,-11.71,-175.6,0.1826,Teralih,Ma et al. (2s eye / 3s yaw),pegang_hp
2026-08-20T11:28:00.291,119.991,-12.16,-175.48,0.1809,Teralih,Ma et al. (2s eye / 3s yaw),pegang_hp
2026-08-20T11:28:00.326,120.026,-14.4,-175.37,0.1927,Teralih,Ma et al. (2s eye / 3s yaw),pegang_hp
2026-08-20T11:28:00.360,120.061,-14.31,-175.39,0.192,Teralih,Ma et al. (2s eye / 3s yaw),pegang_hp
2026-08-20T11:28:00.395,120.095,-14.38,-175.43,0.1931,Teralih,Ma et al. (2s eye / 3s yaw),pegang_hp
2026-08-20T11:28:00.421,120.122,-14.72,-175.44,0.199,Teralih,Ma et al. (2s eye / 3s yaw),pegang_hp
2026-08-20T11:28:00.449,120.149,-14.78,-175.4,0.202,Teralih,Ma et al. (2s eye / 3s yaw),pegang_hp
2026-08-20T11:28:00.472,120.172,-14.95,-175.56,0.2028,Teralih,Ma et al. (2s eye / 3s yaw),pegang_hp
2026-08-20T11:28:00.491,120.191,-15.03,-175.61,0.2021,Teralih,Ma et al. (2s eye / 3s yaw),pegang_hp
2026-08-20T11:28:00.523,120.224,-14.99,-175.62,0.2028,Teralih,Ma et al. (2s eye / 3s yaw),pegang_hp
2026-08-20T11:28:00.556,120.257,-14.89,-175.58,0.2036,Teralih,Ma et al. (2s eye / 3s yaw),pegang_hp
2026-08-20T11:28:00.589,120.289,-14.92,-175.58,0.2044,Teralih,Ma et al. (2s eye / 3s yaw),pegang_hp
2026-08-20T11:28:00.628,120.329,-14.24,-175.52,0.2042,Teralih,Ma et al. (2s eye / 3s yaw),pegang_hp
2026-08-20T11:28:00.663,120.363,-14.43,-175.57,0.2057,Teralih,Ma et al. (2s eye / 3s yaw),pegang_hp
2026-08-20T11:28:00.692,120.393,-14.23,-175.55,0.201,Teralih,Ma et al. (2s eye / 3s yaw),pegang_hp
2026-08-20T11:28:00.726,120.426,-12.11,-175.43,0.1675,Teralih,Ma et al. (2s eye / 3s yaw),pegang_hp
2026-08-20T11:28:00.757,120.458,-11.22,-175.53,0.1633,Teralih,Ma et al. (2s eye / 3s yaw),pegang_hp
2026-08-20T11:28:00.794,120.494,-10.61,-175.29,0.1509,Teralih,Ma et al. (2s eye / 3s yaw),pegang_hp
2026-08-20T11:28:00.828,120.529,-10.18,-175.34,0.1543,Teralih,Ma et al. (2s eye / 3s yaw),pegang_hp
2026-08-20T11:28:00.863,120.563,-9.95,-175.34,0.1576,Teralih,Ma et al. (2s eye / 3s yaw),pegang_hp
2026-08-20T11:28:00.897,120.597,-10.06,-175.36,0.1562,Teralih,Ma et al. (2s eye / 3s yaw),pegang_hp
2026-08-20T11:28:00.920,120.621,-9.9,-175.37,0.1552,Teralih,Ma et al. (2s eye / 3s yaw),pegang_hp
2026-08-20T11:28:00.961,120.661,-9.98,-175.42,0.1542,Teralih,Ma et al. (2s eye / 3s yaw),pegang_hp
2026-08-20T11:28:00.987,120.688,-9.93,-175.37,0.1488,Teralih,Ma et al. (2s eye / 3s yaw),pegang_hp
2026-08-20T11:28:01.022,120.723,-10.22,-175.36,0.1502,Teralih,Ma et al. (2s eye / 3s yaw),pegang_hp
2026-08-20T11:28:01.060,120.761,-10.47,-175.37,0.1514,Teralih,Ma et al. (2s eye / 3s yaw),pegang_hp
2026-08-20T11:28:01.096,120.796,-10.35,-175.36,0.1516,Teralih,Ma et al. (2s eye / 3s yaw),pegang_hp
2026-08-20T11:28:01.135,120.836,-10.45,-175.4,0.1575,Teralih,Ma et al. (2s eye / 3s yaw),pegang_hp
2026-08-20T11:28:01.171,120.872,-10.31,-175.38,0.146,Teralih,Ma et al. (2s eye / 3s yaw),pegang_hp
2026-08-20T11:28:01.206,120.907,-11.52,-175.36,0.147,Teralih,Ma et al. (2s eye / 3s yaw),pegang_hp
2026-08-20T11:28:01.241,120.942,-9.71,-175.27,0.1513,Teralih,Ma et al. (2s eye / 3s yaw),pegang_hp
2026-08-20T11:28:01.276,120.977,-7.76,-175.48,0.1509,Teralih,Ma et al. (2s eye / 3s yaw),pegang_hp
2026-08-20T11:28:01.312,121.012,-6.67,-175.52,0.1568,Teralih,Ma et al. (2s eye / 3s yaw),pegang_hp
2026-08-20T11:28:01.348,121.049,-5.31,-175.84,0.1533,Teralih,Ma et al. (2s eye / 3s yaw),pegang_hp
2026-08-20T11:28:01.384,121.084,-3.38,-175.86,0.1551,Teralih,Ma et al. (2s eye / 3s yaw),pegang_hp
2026-08-20T11:28:01.419,121.12,-3.53,-175.8,0.1571,Teralih,Ma et al. (2s eye / 3s yaw),pegang_hp
2026-08-20T11:28:01.455,121.156,-4.74,-175.78,0.1568,Teralih,Ma et al. (2s eye / 3s yaw),pegang_hp
2026-08-20T11:28:01.490,121.191,-5.16,-175.84,0.1495,Teralih,Ma et al. (2s eye / 3s yaw),pegang_hp
2026-08-20T11:28:01.526,121.226,-5.85,-175.59,0.1492,Teralih,Ma et al. (2s eye / 3s yaw),pegang_hp
2026-08-20T11:28:01.561,121.262,-7.19,-175.25,0.148,Teralih,Ma et al. (2s eye / 3s yaw),pegang_hp
2026-08-20T11:28:01.597,121.297,-8.83,-175.25,0.1435,Teralih,Ma et al. (2s eye / 3s yaw),pegang_hp
2026-08-20T11:28:01.632,121.332,-8.97,-175.15,0.1142,Teralih,Ma et al. (2s eye / 3s yaw),pegang_hp
2026-08-20T11:28:01.664,121.365,-7.72,-174.84,0.0926,Teralih,Ma et al. (2s eye / 3s yaw),pegang_hp
2026-08-20T11:28:01.699,121.4,-6.94,-174.91,0.0844,Teralih,Ma et al. (2s eye / 3s yaw),pegang_hp
2026-08-20T11:28:01.730,121.43,-6.95,-174.91,0.09,Teralih,Ma et al. (2s eye / 3s yaw),pegang_hp
2026-08-20T11:28:01.763,121.464,-6.32,-174.99,0.0919,Teralih,Ma et al. (2s eye / 3s yaw),pegang_hp
2026-08-20T11:28:01.798,121.499,-6.4,-175.1,0.1098,Teralih,Ma et al. (2s eye / 3s yaw),pegang_hp
2026-08-20T11:28:01.834,121.534,-6.17,-175.12,0.118,Teralih,Ma et al. (2s eye / 3s yaw),pegang_hp
2026-08-20T11:28:01.870,121.571,-6.82,-175.2,0.1387,Teralih,Ma et al. (2s eye / 3s yaw),pegang_hp
2026-08-20T11:28:01.905,121.606,-7.41,-175.29,0.1483,Teralih,Ma et al. (2s eye / 3s yaw),pegang_hp
2026-08-20T11:28:01.941,121.641,-7.31,-175.43,0.1544,Teralih,Ma et al. (2s eye / 3s yaw),pegang_hp
2026-08-20T11:28:01.977,121.677,-7.24,-175.65,0.1648,Teralih,Ma et al. (2s eye / 3s yaw),pegang_hp
2026-08-20T11:28:02.012,121.712,-6.88,-175.95,0.175,Teralih,Ma et al. (2s eye / 3s yaw),pegang_hp
2026-08-20T11:28:02.048,121.749,-7.52,-176.08,0.1846,Teralih,Ma et al. (2s eye / 3s yaw),pegang_hp
2026-08-20T11:28:02.085,121.786,-9.7,-175.87,0.1936,Teralih,Ma et al. (2s eye / 3s yaw),pegang_hp
2026-08-20T11:28:02.120,121.82,-9.43,-176.24,0.2035,Teralih,Ma et al. (2s eye / 3s yaw),pegang_hp
2026-08-20T11:28:02.156,121.857,-9.72,-176.36,0.2049,Teralih,Ma et al. (2s eye / 3s yaw),pegang_hp
2026-08-20T11:28:02.193,121.893,-10.11,-176.33,0.2003,Teralih,Ma et al. (2s eye / 3s yaw),pegang_hp
2026-08-20T11:28:02.227,121.928,-10.51,-176.08,0.1881,Teralih,Ma et al. (2s eye / 3s yaw),pegang_hp
2026-08-20T11:28:02.259,121.96,-10.89,-176.5,0.1917,Teralih,Ma et al. (2s eye / 3s yaw),pegang_hp
2026-08-20T11:28:02.282,121.983,-10.94,-176.44,0.1893,Teralih,Ma et al. (2s eye / 3s yaw),pegang_hp
2026-08-20T11:28:02.301,122.002,-11.24,-176.41,0.1908,Teralih,Ma et al. (2s eye / 3s yaw),pegang_hp
2026-08-20T11:28:02.321,122.021,-11.16,-176.4,0.1897,Teralih,Ma et al. (2s eye / 3s yaw),pegang_hp
2026-08-20T11:28:02.340,122.041,-11.13,-176.4,0.1898,Teralih,Ma et al. (2s eye / 3s yaw),pegang_hp
2026-08-20T11:28:02.367,122.067,-10.39,-176.49,0.1913,Teralih,Ma et al. (2s eye / 3s yaw),pegang_hp
2026-08-20T11:28:02.403,122.103,-9.94,-176.49,0.1905,Teralih,Ma et al. (2s eye / 3s yaw),pegang_hp
2026-08-20T11:28:02.439,122.14,-9.81,-176.3,0.1927,Teralih,Ma et al. (2s eye / 3s yaw),pegang_hp
2026-08-20T11:28:02.475,122.175,-8.58,-176.47,0.1895,Teralih,Ma et al. (2s eye / 3s yaw),pegang_hp
2026-08-20T11:28:02.510,122.211,-7.84,-176.56,0.1959,Teralih,Ma et al. (2s eye / 3s yaw),pegang_hp
2026-08-20T11:28:02.548,122.249,-5.4,-176.87,0.1911,Teralih,Ma et al. (2s eye / 3s yaw),pegang_hp
2026-08-20T11:28:02.583,122.284,-3.99,-177.06,0.1874,Teralih,Ma et al. (2s eye / 3s yaw),pegang_hp
2026-08-20T11:28:02.618,122.319,-2.43,-177.1,0.182,Teralih,Ma et al. (2s eye / 3s yaw),pegang_hp
2026-08-20T11:28:02.654,122.355,-4.08,-177.0,0.1812,Teralih,Ma et al. (2s eye / 3s yaw),pegang_hp
2026-08-20T11:28:02.689,122.39,-4.14,-176.93,0.1827,Teralih,Ma et al. (2s eye / 3s yaw),pegang_hp
2026-08-20T11:28:02.721,122.421,-4.57,-176.86,0.1803,Teralih,Ma et al. (2s eye / 3s yaw),pegang_hp
2026-08-20T11:28:02.741,122.442,-3.25,-176.92,0.1758,Teralih,Ma et al. (2s eye / 3s yaw),pegang_hp
2026-08-20T11:28:02.760,122.461,-3.0,-176.95,0.1737,Teralih,Ma et al. (2s eye / 3s yaw),pegang_hp
2026-08-20T11:28:02.798,122.499,-4.13,-176.86,0.1724,Teralih,Ma et al. (2s eye / 3s yaw),pegang_hp
2026-08-20T11:28:02.841,122.541,-5.25,-176.79,0.1672,Teralih,Ma et al. (2s eye / 3s yaw),pegang_hp
2026-08-20T11:28:02.877,122.577,-5.47,-176.76,0.1647,Teralih,Ma et al. (2s eye / 3s yaw),pegang_hp
2026-08-20T11:28:02.913,122.614,-5.53,-176.8,0.1606,Teralih,Ma et al. (2s eye / 3s yaw),pegang_hp
2026-08-20T11:28:02.946,122.647,-5.56,-176.72,0.1592,Teralih,Ma et al. (2s eye / 3s yaw),pegang_hp
2026-08-20T11:28:02.982,122.683,-5.6,-176.7,0.1595,Teralih,Ma et al. (2s eye / 3s yaw),pegang_hp
2026-08-20T11:28:03.017,122.718,-5.53,-176.65,0.1601,Teralih,Ma et al. (2s eye / 3s yaw),pegang_hp
2026-08-20T11:28:03.053,122.753,-5.64,-176.66,0.1609,Teralih,Ma et al. (2s eye / 3s yaw),pegang_hp
2026-08-20T11:28:03.089,122.789,-5.61,-176.69,0.1586,Teralih,Ma et al. (2s eye / 3s yaw),pegang_hp
2026-08-20T11:28:03.124,122.825,-6.64,-176.71,0.1588,Teralih,Ma et al. (2s eye / 3s yaw),pegang_hp
2026-08-20T11:28:03.161,122.861,-6.84,-176.42,0.1524,Teralih,Ma et al. (2s eye / 3s yaw),pegang_hp
2026-08-20T11:28:03.197,122.898,-6.65,-176.39,0.1528,Teralih,Ma et al. (2s eye / 3s yaw),pegang_hp
2026-08-20T11:28:03.232,122.932,-6.29,-176.43,0.1528,Teralih,Ma et al. (2s eye / 3s yaw),pegang_hp
2026-08-20T11:28:03.265,122.966,-6.92,-176.31,0.1523,Teralih,Ma et al. (2s eye / 3s yaw),pegang_hp
2026-08-20T11:28:03.301,123.001,-7.24,-176.14,0.1441,Teralih,Ma et al. (2s eye / 3s yaw),pegang_hp
2026-08-20T11:28:03.335,123.036,-7.19,-175.95,0.147,Teralih,Ma et al. (2s eye / 3s yaw),pegang_hp
2026-08-20T11:28:03.372,123.072,-8.35,-175.98,0.1464,Teralih,Ma et al. (2s eye / 3s yaw),pegang_hp
2026-08-20T11:28:03.407,123.108,-9.16,-175.9,0.1452,Teralih,Ma et al. (2s eye / 3s yaw),pegang_hp
2026-08-20T11:28:03.440,123.141,-9.21,-175.74,0.1481,Teralih,Ma et al. (2s eye / 3s yaw),pegang_hp
2026-08-20T11:28:03.476,123.177,-10.05,-175.67,0.1579,Teralih,Ma et al. (2s eye / 3s yaw),pegang_hp
2026-08-20T11:28:03.511,123.212,-12.75,-175.4,0.1728,Teralih,Ma et al. (2s eye / 3s yaw),pegang_hp
2026-08-20T11:28:03.547,123.247,-12.81,-175.5,0.185,Teralih,Ma et al. (2s eye / 3s yaw),pegang_hp
2026-08-20T11:28:03.582,123.283,-13.27,-175.48,0.1927,Teralih,Ma et al. (2s eye / 3s yaw),pegang_hp
2026-08-20T11:28:03.618,123.319,-13.25,-175.66,0.203,Teralih,Ma et al. (2s eye / 3s yaw),pegang_hp
2026-08-20T11:28:03.654,123.354,-13.42,-175.77,0.2049,Teralih,Ma et al. (2s eye / 3s yaw),pegang_hp
2026-08-20T11:28:03.687,123.388,-13.77,-175.91,0.2052,Teralih,Ma et al. (2s eye / 3s yaw),pegang_hp
2026-08-20T11:28:03.721,123.422,-12.24,-175.84,0.2006,Teralih,Ma et al. (2s eye / 3s yaw),pegang_hp
2026-08-20T11:28:03.754,123.454,-9.86,-175.77,0.1606,Teralih,Ma et al. (2s eye / 3s yaw),pegang_hp
2026-08-20T11:28:03.788,123.489,-8.81,-175.67,0.1341,Teralih,Ma et al. (2s eye / 3s yaw),pegang_hp
2026-08-20T11:28:03.822,123.523,-8.58,-175.69,0.132,Teralih,Ma et al. (2s eye / 3s yaw),pegang_hp
2026-08-20T11:28:03.857,123.558,-8.85,-175.86,0.1377,Teralih,Ma et al. (2s eye / 3s yaw),pegang_hp
2026-08-20T11:28:03.892,123.593,-7.81,-175.9,0.1439,Teralih,Ma et al. (2s eye / 3s yaw),pegang_hp
2026-08-20T11:28:03.927,123.627,-7.92,-175.8,0.1459,Teralih,Ma et al. (2s eye / 3s yaw),pegang_hp
2026-08-20T11:28:03.962,123.662,-8.29,-175.87,0.1477,Teralih,Ma et al. (2s eye / 3s yaw),pegang_hp
2026-08-20T11:28:03.995,123.695,-8.11,-175.98,0.1425,Teralih,Ma et al. (2s eye / 3s yaw),pegang_hp
2026-08-20T11:28:04.017,123.718,-8.76,-175.99,0.1499,Teralih,Ma et al. (2s eye / 3s yaw),pegang_hp
2026-08-20T11:28:04.037,123.737,-9.87,-176.12,0.1524,Teralih,Ma et al. (2s eye / 3s yaw),pegang_hp
2026-08-20T11:28:04.055,123.756,-10.9,-176.16,0.1582,Teralih,Ma et al. (2s eye / 3s yaw),pegang_hp
2026-08-20T11:28:04.076,123.777,-11.05,-176.06,0.1634,Teralih,Ma et al. (2s eye / 3s yaw),pegang_hp
2026-08-20T11:28:04.109,123.81,-11.33,-176.02,0.16,Teralih,Ma et al. (2s eye / 3s yaw),pegang_hp
2026-08-20T11:28:04.145,123.845,-11.31,-176.05,0.1598,Teralih,Ma et al. (2s eye / 3s yaw),pegang_hp
2026-08-20T11:28:04.180,123.88,-12.04,-176.08,0.1479,Teralih,Ma et al. (2s eye / 3s yaw),pegang_hp
2026-08-20T11:28:04.216,123.917,-10.51,-176.22,0.0923,Teralih,Ma et al. (2s eye / 3s yaw),pegang_hp
2026-08-20T11:28:04.252,123.953,-9.77,-176.5,0.0652,Teralih,Ma et al. (2s eye / 3s yaw),pegang_hp
2026-08-20T11:28:04.287,123.988,-9.1,-176.47,0.0722,Teralih,Ma et al. (2s eye / 3s yaw),pegang_hp
2026-08-20T11:28:04.322,124.022,-9.06,-176.42,0.072,Teralih,Ma et al. (2s eye / 3s yaw),pegang_hp
2026-08-20T11:28:04.356,124.057,-9.91,-176.53,0.0757,Teralih,Ma et al. (2s eye / 3s yaw),pegang_hp
2026-08-20T11:28:04.391,124.092,-10.14,-176.52,0.0834,Teralih,Ma et al. (2s eye / 3s yaw),pegang_hp
2026-08-20T11:28:04.426,124.127,-11.83,-176.54,0.0965,Teralih,Ma et al. (2s eye / 3s yaw),pegang_hp
2026-08-20T11:28:04.461,124.162,-13.1,-176.37,0.1118,Teralih,Ma et al. (2s eye / 3s yaw),pegang_hp
2026-08-20T11:28:04.496,124.197,-13.65,-176.34,0.1274,Teralih,Ma et al. (2s eye / 3s yaw),pegang_hp
2026-08-20T11:28:04.531,124.231,-14.94,-176.38,0.1298,Teralih,Ma et al. (2s eye / 3s yaw),pegang_hp
2026-08-20T11:28:04.562,124.262,-15.37,-176.39,0.1347,Teralih,Ma et al. (2s eye / 3s yaw),pegang_hp
2026-08-20T11:28:04.582,124.283,-15.65,-176.27,0.1542,Teralih,Ma et al. (2s eye / 3s yaw),pegang_hp
2026-08-20T11:28:04.612,124.313,-16.29,-176.35,0.1639,Teralih,Ma et al. (2s eye / 3s yaw),pegang_hp
2026-08-20T11:28:04.649,124.349,-17.24,-176.48,0.1711,Teralih,Ma et al. (2s eye / 3s yaw),pegang_hp
2026-08-20T11:28:04.683,124.384,-18.19,-176.34,0.17,Teralih,Ma et al. (2s eye / 3s yaw),pegang_hp
2026-08-20T11:28:04.711,124.412,-18.39,-176.42,0.1731,Teralih,Ma et al. (2s eye / 3s yaw),pegang_hp
2026-08-20T11:28:04.740,124.441,-17.73,-176.53,0.1703,Teralih,Ma et al. (2s eye / 3s yaw),pegang_hp
2026-08-20T11:28:04.781,124.482,-18.0,-176.72,0.1669,Teralih,Ma et al. (2s eye / 3s yaw),pegang_hp
2026-08-20T11:28:04.814,124.515,-17.96,-176.8,0.1662,Teralih,Ma et al. (2s eye / 3s yaw),pegang_hp
2026-08-20T11:28:04.850,124.551,-18.61,-176.88,0.1757,Teralih,Ma et al. (2s eye / 3s yaw),pegang_hp
2026-08-20T11:28:04.885,124.585,-19.61,-176.93,0.1704,Teralih,Ma et al. (2s eye / 3s yaw),pegang_hp
2026-08-20T11:28:04.920,124.62,-19.72,-177.11,0.1705,Teralih,Ma et al. (2s eye / 3s yaw),pegang_hp
2026-08-20T11:28:04.955,124.655,-19.9,-177.31,0.1667,Teralih,Ma et al. (2s eye / 3s yaw),pegang_hp
2026-08-20T11:28:04.990,124.69,-19.91,-177.44,0.1664,Teralih,Ma et al. (2s eye / 3s yaw),pegang_hp
2026-08-20T11:28:05.025,124.725,-19.86,-177.68,0.1712,Teralih,Ma et al. (2s eye / 3s yaw),pegang_hp
2026-08-20T11:28:05.059,124.759,-20.08,-177.66,0.1761,Teralih,Ma et al. (2s eye / 3s yaw),pegang_hp
2026-08-20T11:28:05.089,124.789,-19.97,-177.71,0.1757,Teralih,Ma et al. (2s eye / 3s yaw),pegang_hp
2026-08-20T11:28:05.123,124.824,-20.08,-177.71,0.1759,Teralih,Ma et al. (2s eye / 3s yaw),pegang_hp
2026-08-20T11:28:05.156,124.856,-20.05,-177.76,0.1778,Teralih,Ma et al. (2s eye / 3s yaw),pegang_hp
2026-08-20T11:28:05.191,124.891,-19.86,-177.76,0.1738,Teralih,Ma et al. (2s eye / 3s yaw),pegang_hp
2026-08-20T11:28:05.230,124.93,-19.84,-177.69,0.1796,Teralih,Ma et al. (2s eye / 3s yaw),pegang_hp
2026-08-20T11:28:05.264,124.965,-20.02,-177.14,0.1768,Teralih,Ma et al. (2s eye / 3s yaw),pegang_hp
2026-08-20T11:28:05.300,125.001,-19.71,-177.4,0.176,Teralih,Ma et al. (2s eye / 3s yaw),pegang_hp
2026-08-20T11:28:05.331,125.031,-19.44,-177.53,0.1763,Teralih,Ma et al. (2s eye / 3s yaw),pegang_hp
2026-08-20T11:28:05.360,125.061,-19.62,-177.46,0.1746,Teralih,Ma et al. (2s eye / 3s yaw),pegang_hp
2026-08-20T11:28:05.394,125.095,-19.4,-177.62,0.1758,Teralih,Ma et al. (2s eye / 3s yaw),pegang_hp
2026-08-20T11:28:05.429,125.13,-19.87,-177.48,0.1807,Teralih,Ma et al. (2s eye / 3s yaw),pegang_hp
2026-08-20T11:28:05.465,125.166,-19.8,-177.21,0.1854,Teralih,Ma et al. (2s eye / 3s yaw),pegang_hp
2026-08-20T11:28:05.499,125.2,-19.68,-176.62,0.1867,Teralih,Ma et al. (2s eye / 3s yaw),pegang_hp
2026-08-20T11:28:05.535,125.235,-19.37,-175.76,0.1863,Teralih,Ma et al. (2s eye / 3s yaw),pegang_hp
2026-08-20T11:28:05.571,125.271,-18.02,-175.32,0.179,Teralih,Ma et al. (2s eye / 3s yaw),pegang_hp
2026-08-20T11:28:05.606,125.307,-17.49,-175.4,0.183,Teralih,Ma et al. (2s eye / 3s yaw),pegang_hp
2026-08-20T11:28:05.641,125.342,-16.9,-175.11,0.1758,Teralih,Ma et al. (2s eye / 3s yaw),pegang_hp
2026-08-20T11:28:05.677,125.377,-16.47,-175.0,0.1745,Teralih,Ma et al. (2s eye / 3s yaw),pegang_hp
2026-08-20T11:28:05.711,125.412,-16.28,-174.92,0.173,Teralih,Ma et al. (2s eye / 3s yaw),pegang_hp
2026-08-20T11:28:05.746,125.447,-16.09,-175.01,0.1695,Teralih,Ma et al. (2s eye / 3s yaw),pegang_hp
2026-08-20T11:28:05.781,125.482,-15.93,-174.82,0.1709,Teralih,Ma et al. (2s eye / 3s yaw),pegang_hp
2026-08-20T11:28:05.815,125.516,-15.39,-174.74,0.1642,Teralih,Ma et al. (2s eye / 3s yaw),pegang_hp
2026-08-20T11:28:05.850,125.551,-14.5,-174.6,0.1658,Teralih,Ma et al. (2s eye / 3s yaw),pegang_hp
2026-08-20T11:28:05.885,125.585,-14.31,-174.46,0.1635,Teralih,Ma et al. (2s eye / 3s yaw),pegang_hp
2026-08-20T11:28:05.919,125.62,-14.15,-174.37,0.1647,Teralih,Ma et al. (2s eye / 3s yaw),pegang_hp
2026-08-20T11:28:05.954,125.655,-12.71,-174.58,0.1564,Teralih,Ma et al. (2s eye / 3s yaw),pegang_hp
2026-08-20T11:28:05.990,125.691,-12.73,-174.49,0.1604,Teralih,Ma et al. (2s eye / 3s yaw),pegang_hp
2026-08-20T11:28:06.025,125.726,-12.16,-174.55,0.1599,Teralih,Ma et al. (2s eye / 3s yaw),pegang_hp
2026-08-20T11:28:06.060,125.761,-11.81,-174.86,0.1599,Teralih,Ma et al. (2s eye / 3s yaw),pegang_hp
2026-08-20T11:28:06.094,125.795,-12.14,-174.77,0.161,Teralih,Ma et al. (2s eye / 3s yaw),pegang_hp
2026-08-20T11:28:06.129,125.83,-12.09,-174.77,0.1644,Teralih,Ma et al. (2s eye / 3s yaw),pegang_hp
2026-08-20T11:28:06.165,125.866,-11.26,-174.83,0.1644,Teralih,Ma et al. (2s eye / 3s yaw),pegang_hp
2026-08-20T11:28:06.196,125.897,-11.42,-175.12,0.1713,Teralih,Ma et al. (2s eye / 3s yaw),pegang_hp
2026-08-20T11:28:06.225,125.925,-11.11,-175.06,0.1721,Teralih,Ma et al. (2s eye / 3s yaw),pegang_hp
2026-08-20T11:28:06.257,125.958,-10.4,-174.97,0.1654,Teralih,Ma et al. (2s eye / 3s yaw),pegang_hp
2026-08-20T11:28:06.287,125.987,-10.82,-174.96,0.1626,Teralih,Ma et al. (2s eye / 3s yaw),pegang_hp
2026-08-20T11:28:06.321,126.021,-8.93,-175.17,0.1647,Teralih,Ma et al. (2s eye / 3s yaw),pegang_hp
2026-08-20T11:28:06.355,126.056,-11.4,-175.13,0.1629,Teralih,Ma et al. (2s eye / 3s yaw),pegang_hp
2026-08-20T11:28:06.390,126.091,-10.71,-175.19,0.1652,Teralih,Ma et al. (2s eye / 3s yaw),pegang_hp
2026-08-20T11:28:06.425,126.126,-8.89,-175.19,0.1707,Teralih,Ma et al. (2s eye / 3s yaw),pegang_hp
2026-08-20T11:28:06.460,126.161,-7.61,-175.27,0.1701,Teralih,Ma et al. (2s eye / 3s yaw),pegang_hp
2026-08-20T11:28:06.494,126.195,-8.06,-175.3,0.169,Teralih,Ma et al. (2s eye / 3s yaw),pegang_hp
2026-08-20T11:28:06.527,126.228,-7.89,-175.08,0.1648,Teralih,Ma et al. (2s eye / 3s yaw),pegang_hp
2026-08-20T11:28:06.561,126.262,-8.68,-175.2,0.1661,Teralih,Ma et al. (2s eye / 3s yaw),pegang_hp
2026-08-20T11:28:06.598,126.298,-9.26,-175.31,0.167,Teralih,Ma et al. (2s eye / 3s yaw),pegang_hp
2026-08-20T11:28:06.634,126.334,-9.4,-175.36,0.1684,Teralih,Ma et al. (2s eye / 3s yaw),pegang_hp
2026-08-20T11:28:06.665,126.365,-8.66,-175.37,0.1689,Teralih,Ma et al. (2s eye / 3s yaw),pegang_hp
2026-08-20T11:28:06.692,126.393,-8.55,-175.45,0.1689,Teralih,Ma et al. (2s eye / 3s yaw),pegang_hp
2026-08-20T11:28:06.718,126.419,-9.03,-175.42,0.1644,Teralih,Ma et al. (2s eye / 3s yaw),pegang_hp
2026-08-20T11:28:06.748,126.449,-9.1,-175.41,0.1654,Teralih,Ma et al. (2s eye / 3s yaw),pegang_hp
2026-08-20T11:28:06.783,126.484,-9.03,-175.29,0.1588,Teralih,Ma et al. (2s eye / 3s yaw),pegang_hp
2026-08-20T11:28:06.817,126.518,-9.03,-175.34,0.1528,Teralih,Ma et al. (2s eye / 3s yaw),pegang_hp
2026-08-20T11:28:06.846,126.547,-9.01,-175.44,0.155,Teralih,Ma et al. (2s eye / 3s yaw),pegang_hp
2026-08-20T11:28:06.873,126.573,-8.44,-175.24,0.1536,Teralih,Ma et al. (2s eye / 3s yaw),pegang_hp
2026-08-20T11:28:06.899,126.599,-7.67,-175.28,0.15,Teralih,Ma et al. (2s eye / 3s yaw),pegang_hp
2026-08-20T11:28:06.927,126.628,-6.87,-175.33,0.1412,Teralih,Ma et al. (2s eye / 3s yaw),pegang_hp
2026-08-20T11:28:06.960,126.66,-6.68,-175.26,0.1428,Teralih,Ma et al. (2s eye / 3s yaw),pegang_hp
2026-08-20T11:28:06.994,126.695,-6.37,-175.43,0.1495,Teralih,Ma et al. (2s eye / 3s yaw),pegang_hp
2026-08-20T11:28:07.029,126.73,-6.1,-175.44,0.1565,Teralih,Ma et al. (2s eye / 3s yaw),pegang_hp
2026-08-20T11:28:07.065,126.766,-6.08,-175.41,0.1579,Teralih,Ma et al. (2s eye / 3s yaw),pegang_hp
2026-08-20T11:28:07.100,126.801,-5.54,-175.51,0.1588,Teralih,Ma et al. (2s eye / 3s yaw),pegang_hp
2026-08-20T11:28:07.135,126.836,-6.18,-175.47,0.1618,Teralih,Ma et al. (2s eye / 3s yaw),pegang_hp
2026-08-20T11:28:07.170,126.871,-6.32,-175.5,0.1632,Teralih,Ma et al. (2s eye / 3s yaw),pegang_hp
2026-08-20T11:28:07.206,126.907,-6.48,-175.48,0.167,Teralih,Ma et al. (2s eye / 3s yaw),pegang_hp
2026-08-20T11:28:07.248,126.949,-6.73,-175.5,0.1651,Teralih,Ma et al. (2s eye / 3s yaw),pegang_hp
2026-08-20T11:28:07.284,126.985,-7.14,-175.42,0.1633,Teralih,Ma et al. (2s eye / 3s yaw),pegang_hp
2026-08-20T11:28:07.319,127.02,-7.63,-175.4,0.1612,Teralih,Ma et al. (2s eye / 3s yaw),pegang_hp
2026-08-20T11:28:07.355,127.055,-7.78,-175.39,0.1557,Teralih,Ma et al. (2s eye / 3s yaw),pegang_hp
2026-08-20T11:28:07.383,127.084,-8.65,-175.45,0.1652,Teralih,Ma et al. (2s eye / 3s yaw),pegang_hp
2026-08-20T11:28:07.402,127.103,-8.79,-175.48,0.1648,Teralih,Ma et al. (2s eye / 3s yaw),pegang_hp
2026-08-20T11:28:07.424,127.125,-8.69,-175.47,0.1641,Teralih,Ma et al. (2s eye / 3s yaw),pegang_hp
2026-08-20T11:28:07.459,127.16,-8.9,-175.48,0.1628,Teralih,Ma et al. (2s eye / 3s yaw),pegang_hp
2026-08-20T11:28:07.495,127.196,-9.41,-175.4,0.1634,Teralih,Ma et al. (2s eye / 3s yaw),pegang_hp
2026-08-20T11:28:07.519,127.22,-9.78,-175.39,0.1649,Teralih,Ma et al. (2s eye / 3s yaw),pegang_hp
2026-08-20T11:28:07.554,127.254,-9.81,-175.44,0.1651,Teralih,Ma et al. (2s eye / 3s yaw),pegang_hp
2026-08-20T11:28:07.597,127.297,-9.69,-175.49,0.1658,Teralih,Ma et al. (2s eye / 3s yaw),pegang_hp
2026-08-20T11:28:07.633,127.333,-9.73,-175.47,0.1657,Teralih,Ma et al. (2s eye / 3s yaw),pegang_hp
2026-08-20T11:28:07.668,127.369,-9.17,-175.53,0.1644,Teralih,Ma et al. (2s eye / 3s yaw),pegang_hp
2026-08-20T11:28:07.703,127.404,-8.65,-175.5,0.1614,Teralih,Ma et al. (2s eye / 3s yaw),pegang_hp
2026-08-20T11:28:07.735,127.436,-8.68,-175.54,0.1613,Teralih,Ma et al. (2s eye / 3s yaw),pegang_hp
2026-08-20T11:28:07.760,127.46,-8.3,-175.57,0.1625,Teralih,Ma et al. (2s eye / 3s yaw),pegang_hp
2026-08-20T11:28:07.786,127.487,-8.08,-175.62,0.1622,Teralih,Ma et al. (2s eye / 3s yaw),pegang_hp
2026-08-20T11:28:07.822,127.523,-7.7,-175.75,0.1635,Teralih,Ma et al. (2s eye / 3s yaw),pegang_hp
2026-08-20T11:28:07.864,127.564,-8.06,-175.67,0.1642,Teralih,Ma et al. (2s eye / 3s yaw),pegang_hp
2026-08-20T11:28:07.899,127.6,-7.87,-175.64,0.1649,Teralih,Ma et al. (2s eye / 3s yaw),pegang_hp
2026-08-20T11:28:07.934,127.635,-8.01,-175.7,0.1677,Teralih,Ma et al. (2s eye / 3s yaw),pegang_hp
2026-08-20T11:28:07.964,127.665,-7.81,-175.67,0.172,Teralih,Ma et al. (2s eye / 3s yaw),pegang_hp
2026-08-20T11:28:07.992,127.693,-7.88,-175.64,0.1733,Teralih,Ma et al. (2s eye / 3s yaw),pegang_hp
2026-08-20T11:28:08.032,127.733,-7.39,-175.65,0.1732,Teralih,Ma et al. (2s eye / 3s yaw),pegang_hp
2026-08-20T11:28:08.068,127.768,-6.99,-175.69,0.1728,Teralih,Ma et al. (2s eye / 3s yaw),pegang_hp
2026-08-20T11:28:08.097,127.798,-7.88,-175.56,0.1697,Teralih,Ma et al. (2s eye / 3s yaw),pegang_hp
2026-08-20T11:28:08.122,127.823,-7.66,-175.65,0.1699,Teralih,Ma et al. (2s eye / 3s yaw),pegang_hp
2026-08-20T11:28:08.157,127.858,-7.17,-175.67,0.1691,Teralih,Ma et al. (2s eye / 3s yaw),pegang_hp
2026-08-20T11:28:08.196,127.896,-7.24,-175.7,0.1682,Teralih,Ma et al. (2s eye / 3s yaw),pegang_hp
2026-08-20T11:28:08.230,127.931,-7.28,-175.65,0.1648,Teralih,Ma et al. (2s eye / 3s yaw),pegang_hp
2026-08-20T11:28:08.265,127.966,-7.18,-175.68,0.1666,Teralih,Ma et al. (2s eye / 3s yaw),pegang_hp
2026-08-20T11:28:08.300,128.001,-6.67,-175.69,0.1594,Teralih,Ma et al. (2s eye / 3s yaw),pegang_hp
2026-08-20T11:28:08.328,128.029,-6.06,-175.63,0.1582,Teralih,Ma et al. (2s eye / 3s yaw),pegang_hp
2026-08-20T11:28:08.356,128.057,-6.41,-175.65,0.1602,Teralih,Ma et al. (2s eye / 3s yaw),pegang_hp
2026-08-20T11:28:08.398,128.099,-6.08,-175.82,0.1611,Teralih,Ma et al. (2s eye / 3s yaw),pegang_hp
2026-08-20T11:28:08.423,128.124,-6.44,-175.84,0.1627,Teralih,Ma et al. (2s eye / 3s yaw),pegang_hp
2026-08-20T11:28:08.466,128.167,-6.61,-175.9,0.1607,Teralih,Ma et al. (2s eye / 3s yaw),pegang_hp
2026-08-20T11:28:08.500,128.201,-6.48,-175.88,0.1608,Teralih,Ma et al. (2s eye / 3s yaw),pegang_hp
2026-08-20T11:28:08.535,128.236,-6.54,-175.88,0.1618,Teralih,Ma et al. (2s eye / 3s yaw),pegang_hp
2026-08-20T11:28:08.571,128.272,-6.94,-175.81,0.1612,Teralih,Ma et al. (2s eye / 3s yaw),pegang_hp
2026-08-20T11:28:08.606,128.307,-7.14,-175.87,0.1621,Teralih,Ma et al. (2s eye / 3s yaw),pegang_hp
2026-08-20T11:28:08.641,128.342,-7.24,-175.77,0.162,Teralih,Ma et al. (2s eye / 3s yaw),pegang_hp
2026-08-20T11:28:08.677,128.377,-7.27,-175.73,0.1614,Teralih,Ma et al. (2s eye / 3s yaw),pegang_hp
2026-08-20T11:28:08.712,128.413,-7.2,-175.72,0.1532,Teralih,Ma et al. (2s eye / 3s yaw),pegang_hp
2026-08-20T11:28:08.747,128.448,-7.13,-175.75,0.1548,Teralih,Ma et al. (2s eye / 3s yaw),pegang_hp
2026-08-20T11:28:08.782,128.483,-7.21,-175.73,0.1556,Teralih,Ma et al. (2s eye / 3s yaw),pegang_hp
2026-08-20T11:28:08.823,128.524,-7.48,-175.71,0.1546,Teralih,Ma et al. (2s eye / 3s yaw),pegang_hp
2026-08-20T11:28:08.847,128.548,-8.76,-175.76,0.1584,Teralih,Ma et al. (2s eye / 3s yaw),pegang_hp
2026-08-20T11:28:08.871,128.572,-8.75,-175.84,0.1589,Teralih,Ma et al. (2s eye / 3s yaw),pegang_hp
2026-08-20T11:28:08.906,128.607,-8.69,-175.77,0.1551,Teralih,Ma et al. (2s eye / 3s yaw),pegang_hp
2026-08-20T11:28:08.942,128.642,-8.78,-175.85,0.1613,Teralih,Ma et al. (2s eye / 3s yaw),pegang_hp
2026-08-20T11:28:08.976,128.677,-8.52,-175.91,0.1601,Teralih,Ma et al. (2s eye / 3s yaw),pegang_hp
2026-08-20T11:28:09.010,128.711,-8.63,-175.94,0.1609,Teralih,Ma et al. (2s eye / 3s yaw),pegang_hp
2026-08-20T11:28:09.045,128.746,-8.68,-175.94,0.1603,Teralih,Ma et al. (2s eye / 3s yaw),pegang_hp
2026-08-20T11:28:09.080,128.781,-8.85,-175.97,0.1578,Teralih,Ma et al. (2s eye / 3s yaw),pegang_hp
2026-08-20T11:28:09.114,128.815,-8.01,-175.98,0.1636,Teralih,Ma et al. (2s eye / 3s yaw),pegang_hp
2026-08-20T11:28:09.147,128.848,-8.23,-176.02,0.1659,Teralih,Ma et al. (2s eye / 3s yaw),pegang_hp
2026-08-20T11:28:09.182,128.883,-8.13,-175.99,0.1661,Teralih,Ma et al. (2s eye / 3s yaw),pegang_hp
2026-08-20T11:28:09.218,128.918,-8.28,-175.95,0.1677,Teralih,Ma et al. (2s eye / 3s yaw),pegang_hp
2026-08-20T11:28:09.251,128.952,-8.04,-175.97,0.1632,Teralih,Ma et al. (2s eye / 3s yaw),pegang_hp
2026-08-20T11:28:09.287,128.987,-7.96,-175.96,0.1597,Teralih,Ma et al. (2s eye / 3s yaw),pegang_hp
2026-08-20T11:28:09.323,129.023,-7.46,-175.91,0.1534,Teralih,Ma et al. (2s eye / 3s yaw),pegang_hp
2026-08-20T11:28:09.356,129.057,-7.71,-175.91,0.1575,Teralih,Ma et al. (2s eye / 3s yaw),pegang_hp
2026-08-20T11:28:09.385,129.086,-7.95,-175.88,0.156,Teralih,Ma et al. (2s eye / 3s yaw),pegang_hp
2026-08-20T11:28:09.419,129.12,-8.02,-175.89,0.1551,Teralih,Ma et al. (2s eye / 3s yaw),pegang_hp
2026-08-20T11:28:09.454,129.154,-8.0,-175.88,0.1495,Teralih,Ma et al. (2s eye / 3s yaw),pegang_hp
2026-08-20T11:28:09.490,129.19,-7.98,-175.85,0.15,Teralih,Ma et al. (2s eye / 3s yaw),pegang_hp
2026-08-20T11:28:09.525,129.226,-8.22,-175.8,0.1492,Teralih,Ma et al. (2s eye / 3s yaw),pegang_hp
2026-08-20T11:28:09.553,129.254,-8.04,-175.88,0.15,Teralih,Ma et al. (2s eye / 3s yaw),pegang_hp
2026-08-20T11:28:09.582,129.283,-8.05,-175.84,0.1517,Teralih,Ma et al. (2s eye / 3s yaw),pegang_hp
2026-08-20T11:28:09.617,129.318,-8.11,-175.72,0.1516,Teralih,Ma et al. (2s eye / 3s yaw),pegang_hp
2026-08-20T11:28:09.652,129.352,-8.05,-175.73,0.1544,Teralih,Ma et al. (2s eye / 3s yaw),pegang_hp
2026-08-20T11:28:09.687,129.387,-8.24,-175.72,0.1557,Teralih,Ma et al. (2s eye / 3s yaw),pegang_hp
2026-08-20T11:28:09.722,129.423,-7.98,-175.7,0.1448,Teralih,Ma et al. (2s eye / 3s yaw),pegang_hp
2026-08-20T11:28:09.757,129.458,-8.19,-175.46,0.1459,Teralih,Ma et al. (2s eye / 3s yaw),pegang_hp
2026-08-20T11:28:09.792,129.493,-8.07,-175.59,0.1554,Teralih,Ma et al. (2s eye / 3s yaw),pegang_hp
2026-08-20T11:28:09.828,129.529,-7.75,-175.6,0.1576,Teralih,Ma et al. (2s eye / 3s yaw),pegang_hp
2026-08-20T11:28:09.863,129.564,-7.87,-175.62,0.1558,Teralih,Ma et al. (2s eye / 3s yaw),pegang_hp
2026-08-20T11:28:09.899,129.6,-7.67,-175.76,0.1544,Teralih,Ma et al. (2s eye / 3s yaw),pegang_hp
2026-08-20T11:28:09.936,129.636,-7.4,-175.83,0.1578,Teralih,Ma et al. (2s eye / 3s yaw),pegang_hp
2026-08-20T11:28:09.970,129.671,-7.43,-175.83,0.1636,Teralih,Ma et al. (2s eye / 3s yaw),pegang_hp
2026-08-20T11:28:10.005,129.705,-7.64,-175.81,0.1628,Teralih,Ma et al. (2s eye / 3s yaw),pegang_hp
2026-08-20T11:28:10.030,129.731,-7.57,-175.82,0.1644,Teralih,Ma et al. (2s eye / 3s yaw),pegang_hp
2026-08-20T11:28:10.049,129.75,-7.72,-175.84,0.1636,Teralih,Ma et al. (2s eye / 3s yaw),pegang_hp
2026-08-20T11:28:10.068,129.768,-7.23,-175.84,0.1639,Teralih,Ma et al. (2s eye / 3s yaw),pegang_hp
2026-08-20T11:28:10.100,129.8,-7.25,-175.81,0.1633,Teralih,Ma et al. (2s eye / 3s yaw),pegang_hp
2026-08-20T11:28:10.142,129.842,-7.02,-175.83,0.1639,Teralih,Ma et al. (2s eye / 3s yaw),pegang_hp
2026-08-20T11:28:10.177,129.878,-6.76,-175.97,0.1598,Teralih,Ma et al. (2s eye / 3s yaw),pegang_hp
2026-08-20T11:28:10.213,129.913,-6.74,-176.01,0.1628,Teralih,Ma et al. (2s eye / 3s yaw),pegang_hp
2026-08-20T11:28:10.249,129.949,-6.75,-175.89,0.1671,Teralih,Ma et al. (2s eye / 3s yaw),pegang_hp
2026-08-20T11:28:10.285,129.985,-7.25,-175.86,0.1654,Teralih,Ma et al. (2s eye / 3s yaw),pegang_hp
2026-08-20T11:28:10.320,130.021,-7.61,-175.7,0.1605,Teralih,Ma et al. (2s eye / 3s yaw),pegang_hp
2026-08-20T11:28:10.355,130.056,-7.56,-175.7,0.1629,Teralih,Ma et al. (2s eye / 3s yaw),pegang_hp
2026-08-20T11:28:10.390,130.091,-7.37,-175.69,0.1646,Teralih,Ma et al. (2s eye / 3s yaw),pegang_hp
2026-08-20T11:28:10.423,130.124,-7.96,-175.69,0.1667,Teralih,Ma et al. (2s eye / 3s yaw),pegang_hp
2026-08-20T11:28:10.453,130.153,-7.84,-175.7,0.167,Teralih,Ma et al. (2s eye / 3s yaw),pegang_hp
2026-08-20T11:28:10.488,130.189,-7.8,-175.78,0.1661,Teralih,Ma et al. (2s eye / 3s yaw),pegang_hp
2026-08-20T11:28:10.523,130.223,-7.63,-175.69,0.1684,Teralih,Ma et al. (2s eye / 3s yaw),pegang_hp
2026-08-20T11:28:10.557,130.258,-7.18,-175.83,0.1679,Teralih,Ma et al. (2s eye / 3s yaw),pegang_hp
2026-08-20T11:28:10.584,130.284,-8.22,-175.78,0.1661,Teralih,Ma et al. (2s eye / 3s yaw),pegang_hp
2026-08-20T11:28:10.603,130.304,-8.47,-175.66,0.1604,Teralih,Ma et al. (2s eye / 3s yaw),pegang_hp
2026-08-20T11:28:10.643,130.343,-8.53,-175.67,0.1585,Teralih,Ma et al. (2s eye / 3s yaw),pegang_hp
2026-08-20T11:28:10.679,130.379,-8.15,-175.67,0.1638,Teralih,Ma et al. (2s eye / 3s yaw),pegang_hp
2026-08-20T11:28:10.714,130.415,-8.94,-175.68,0.1634,Teralih,Ma et al. (2s eye / 3s yaw),pegang_hp
2026-08-20T11:28:10.750,130.45,-9.04,-175.58,0.1528,Teralih,Ma et al. (2s eye / 3s yaw),pegang_hp
2026-08-20T11:28:10.785,130.486,-8.86,-175.69,0.1639,Teralih,Ma et al. (2s eye / 3s yaw),pegang_hp
2026-08-20T11:28:10.820,130.521,-8.49,-175.75,0.1636,Teralih,Ma et al. (2s eye / 3s yaw),pegang_hp
2026-08-20T11:28:10.856,130.556,-8.47,-175.76,0.1634,Teralih,Ma et al. (2s eye / 3s yaw),pegang_hp
2026-08-20T11:28:10.892,130.593,-8.32,-175.78,0.1622,Teralih,Ma et al. (2s eye / 3s yaw),pegang_hp
2026-08-20T11:28:10.926,130.627,-8.26,-175.77,0.1589,Teralih,Ma et al. (2s eye / 3s yaw),pegang_hp
2026-08-20T11:28:10.961,130.662,-7.86,-175.54,0.1624,Teralih,Ma et al. (2s eye / 3s yaw),pegang_hp
2026-08-20T11:28:10.996,130.697,-8.04,-175.68,0.1643,Teralih,Ma et al. (2s eye / 3s yaw),pegang_hp
2026-08-20T11:28:11.031,130.732,-8.13,-175.75,0.1641,Teralih,Ma et al. (2s eye / 3s yaw),pegang_hp
2026-08-20T11:28:11.067,130.767,-8.5,-175.82,0.1599,Teralih,Ma et al. (2s eye / 3s yaw),pegang_hp
2026-08-20T11:28:11.102,130.803,-7.9,-175.7,0.1593,Teralih,Ma et al. (2s eye / 3s yaw),pegang_hp
2026-08-20T11:28:11.138,130.839,-8.22,-175.6,0.1588,Teralih,Ma et al. (2s eye / 3s yaw),pegang_hp
2026-08-20T11:28:11.174,130.875,-8.28,-175.54,0.1582,Teralih,Ma et al. (2s eye / 3s yaw),pegang_hp
2026-08-20T11:28:11.209,130.91,-8.63,-175.37,0.1625,Teralih,Ma et al. (2s eye / 3s yaw),pegang_hp
2026-08-20T11:28:11.244,130.945,-9.0,-174.8,0.1483,Teralih,Ma et al. (2s eye / 3s yaw),pegang_hp
2026-08-20T11:28:11.279,130.98,-8.84,-174.66,0.1398,Teralih,Ma et al. (2s eye / 3s yaw),pegang_hp
2026-08-20T11:28:11.317,131.018,-8.93,-174.05,0.1443,Teralih,Ma et al. (2s eye / 3s yaw),pegang_hp
2026-08-20T11:28:11.353,131.054,-5.92,-173.62,0.1264,Teralih,Ma et al. (2s eye / 3s yaw),pegang_hp
2026-08-20T11:28:11.388,131.088,-1.53,-173.1,0.119,Teralih,Ma et al. (2s eye / 3s yaw),pegang_hp
2026-08-20T11:28:11.423,131.124,-1.08,-172.11,0.1165,Teralih,Ma et al. (2s eye / 3s yaw),pegang_hp
2026-08-20T11:28:11.457,131.158,-0.24,-169.87,0.1101,Teralih,Ma et al. (2s eye / 3s yaw),pegang_hp
2026-08-20T11:28:11.492,131.192,0.04,-168.56,0.1168,Teralih,Ma et al. (2s eye / 3s yaw),pegang_hp
2026-08-20T11:28:11.526,131.227,0.96,-166.79,0.0998,Teralih,Ma et al. (2s eye / 3s yaw),pegang_hp
2026-08-20T11:28:11.561,131.262,-0.06,-165.91,0.1161,Teralih,Ma et al. (2s eye / 3s yaw),pegang_hp
2026-08-20T11:28:11.596,131.296,-0.49,-164.95,0.139,Teralih,Ma et al. (2s eye / 3s yaw),pegang_hp
2026-08-20T11:28:11.625,131.326,-1.96,-163.65,0.1794,Teralih,Ma et al. (2s eye / 3s yaw),pegang_hp
2026-08-20T11:28:11.647,131.348,-2.16,-163.18,0.1789,Teralih,Ma et al. (2s eye / 3s yaw),pegang_hp
2026-08-20T11:28:11.665,131.366,-2.91,-161.68,0.1832,Teralih,Ma et al. (2s eye / 3s yaw),pegang_hp
2026-08-20T11:28:11.686,131.386,-2.99,-160.27,0.187,Teralih,Ma et al. (2s eye / 3s yaw),pegang_hp
2026-08-20T11:28:11.718,131.419,-3.31,-157.96,0.1923,Teralih,Ma et al. (2s eye / 3s yaw),pegang_hp
2026-08-20T11:28:11.753,131.453,-4.35,-155.25,0.2036,Teralih,Ma et al. (2s eye / 3s yaw),pegang_hp
2026-08-20T11:28:11.786,131.487,-5.08,-153.89,0.2099,Teralih,Ma et al. (2s eye / 3s yaw),pegang_hp
2026-08-20T11:28:11.815,131.516,-4.74,-152.5,0.2303,Fokus,Ma et al. (2s eye / 3s yaw),pegang_hp
2026-08-20T11:28:11.851,131.551,-4.45,-150.66,0.2532,Fokus,Ma et al. (2s eye / 3s yaw),pegang_hp
2026-08-20T11:28:11.874,131.575,-5.45,-149.7,0.2457,Fokus,Ma et al. (2s eye / 3s yaw),pegang_hp
2026-08-20T11:28:11.912,131.613,-6.15,-145.97,0.2099,Fokus,Ma et al. (2s eye / 3s yaw),pegang_hp
2026-08-20T11:28:11.951,131.651,-5.65,-143.17,0.1988,Fokus,Ma et al. (2s eye / 3s yaw),pegang_hp
2026-08-20T11:28:11.985,131.686,-4.46,-142.29,0.2098,Fokus,Ma et al. (2s eye / 3s yaw),pegang_hp
2026-08-20T11:28:12.020,131.72,-3.52,-142.52,0.2277,Fokus,Ma et al. (2s eye / 3s yaw),pegang_hp
2026-08-20T11:28:12.045,131.746,-2.73,-144.84,0.2554,Fokus,Ma et al. (2s eye / 3s yaw),pegang_hp
2026-08-20T11:28:12.076,131.777,-1.83,-126.48,0.2394,Fokus,Ma et al. (2s eye / 3s yaw),pegang_hp
2026-08-20T11:28:12.117,131.818,-1.81,-125.61,0.2399,Fokus,Ma et al. (2s eye / 3s yaw),pegang_hp
2026-08-20T11:28:12.148,131.848,-1.23,-126.62,0.2038,Fokus,Ma et al. (2s eye / 3s yaw),pegang_hp
2026-08-20T11:28:12.182,131.883,-0.28,-125.18,0.1896,Fokus,Ma et al. (2s eye / 3s yaw),pegang_hp
2026-08-20T11:28:12.209,131.909,,,,Tidak Hadir,Ma et al. (2s eye / 3s yaw),pegang_hp
2026-08-20T11:28:12.247,131.947,,,,Tidak Hadir,Ma et al. (2s eye / 3s yaw),pegang_hp
2026-08-20T11:28:12.274,131.975,,,,Tidak Hadir,Ma et al. (2s eye / 3s yaw),pegang_hp
2026-08-20T11:28:12.316,132.017,,,,Tidak Hadir,Ma et al. (2s eye / 3s yaw),pegang_hp
2026-08-20T11:28:12.345,132.045,,,,Tidak Hadir,Ma et al. (2s eye / 3s yaw),pegang_hp
2026-08-20T11:28:12.386,132.086,,,,Tidak Hadir,Ma et al. (2s eye / 3s yaw),pegang_hp
2026-08-20T11:28:12.413,132.114,,,,Tidak Hadir,Ma et al. (2s eye / 3s yaw),pegang_hp
2026-08-20T11:28:12.444,132.144,,,,Tidak Hadir,Ma et al. (2s eye / 3s yaw),pegang_hp
2026-08-20T11:28:12.492,132.192,0.58,-131.84,0.1736,Fokus,Ma et al. (2s eye / 3s yaw),pegang_hp
2026-08-20T11:28:12.520,132.22,,,,Tidak Hadir,Ma et al. (2s eye / 3s yaw),pegang_hp
2026-08-20T11:28:12.559,132.26,4.16,-126.34,0.1265,Fokus,Ma et al. (2s eye / 3s yaw),pegang_hp
2026-08-20T11:28:12.589,132.289,,,,Tidak Hadir,Ma et al. (2s eye / 3s yaw),pegang_hp
2026-08-20T11:28:12.628,132.328,4.83,-122.78,0.1449,Fokus,Ma et al. (2s eye / 3s yaw),pegang_hp
2026-08-20T11:28:12.663,132.363,-1.07,-142.2,0.1362,Fokus,Ma et al. (2s eye / 3s yaw),pegang_hp
2026-08-20T11:28:12.698,132.398,-1.53,-140.96,0.1134,Fokus,Ma et al. (2s eye / 3s yaw),pegang_hp
2026-08-20T11:28:12.734,132.434,-1.56,-140.29,0.1038,Fokus,Ma et al. (2s eye / 3s yaw),pegang_hp
2026-08-20T11:28:12.768,132.469,-2.07,-141.06,0.1172,Fokus,Ma et al. (2s eye / 3s yaw),pegang_hp
2026-08-20T11:28:12.802,132.503,-1.68,-140.32,0.1023,Fokus,Ma et al. (2s eye / 3s yaw),pegang_hp
2026-08-20T11:28:12.837,132.537,-1.79,-141.51,0.1074,Fokus,Ma et al. (2s eye / 3s yaw),pegang_hp
2026-08-20T11:28:12.871,132.572,-1.56,-141.41,0.1186,Fokus,Ma et al. (2s eye / 3s yaw),pegang_hp
2026-08-20T11:28:12.904,132.605,-1.96,-142.42,0.1382,Fokus,Ma et al. (2s eye / 3s yaw),pegang_hp
2026-08-20T11:28:12.937,132.638,-1.86,-143.06,0.2157,Fokus,Ma et al. (2s eye / 3s yaw),pegang_hp
2026-08-20T11:28:12.972,132.673,-0.31,-144.8,0.2313,Fokus,Ma et al. (2s eye / 3s yaw),pegang_hp
2026-08-20T11:28:13.006,132.707,4.1,-126.91,0.2598,Fokus,Ma et al. (2s eye / 3s yaw),pegang_hp
2026-08-20T11:28:13.040,132.74,3.78,-127.71,0.2737,Fokus,Ma et al. (2s eye / 3s yaw),pegang_hp
2026-08-20T11:28:13.069,132.77,3.86,-128.12,0.2895,Fokus,Ma et al. (2s eye / 3s yaw),pegang_hp
2026-08-20T11:28:13.093,132.794,3.46,-127.13,0.2899,Fokus,Ma et al. (2s eye / 3s yaw),pegang_hp
2026-08-20T11:28:13.119,132.82,3.83,-126.04,0.3013,Fokus,Ma et al. (2s eye / 3s yaw),pegang_hp
2026-08-20T11:28:13.154,132.854,2.86,-126.63,0.2967,Fokus,Ma et al. (2s eye / 3s yaw),pegang_hp
2026-08-20T11:28:13.192,132.893,2.26,-127.8,0.2985,Fokus,Ma et al. (2s eye / 3s yaw),pegang_hp
2026-08-20T11:28:13.226,132.926,2.57,-128.36,0.2483,Fokus,Ma et al. (2s eye / 3s yaw),pegang_hp
2026-08-20T11:28:13.259,132.96,-1.08,-141.63,0.1207,Fokus,Ma et al. (2s eye / 3s yaw),pegang_hp
2026-08-20T11:28:13.293,132.994,-2.83,-141.19,0.1254,Fokus,Ma et al. (2s eye / 3s yaw),pegang_hp
2026-08-20T11:28:13.328,133.028,-3.95,-140.25,0.128,Fokus,Ma et al. (2s eye / 3s yaw),pegang_hp
2026-08-20T11:28:13.362,133.063,-4.94,-139.84,0.1217,Fokus,Ma et al. (2s eye / 3s yaw),pegang_hp
2026-08-20T11:28:13.397,133.098,-5.7,-141.12,0.13,Fokus,Ma et al. (2s eye / 3s yaw),pegang_hp
2026-08-20T11:28:13.422,133.123,-5.96,-142.32,0.1451,Fokus,Ma et al. (2s eye / 3s yaw),pegang_hp
2026-08-20T11:28:13.459,133.16,-6.1,-142.94,0.1394,Fokus,Ma et al. (2s eye / 3s yaw),pegang_hp
2026-08-20T11:28:13.494,133.195,-6.96,-144.62,0.1459,Fokus,Ma et al. (2s eye / 3s yaw),pegang_hp
2026-08-20T11:28:13.528,133.229,-6.57,-144.16,0.1498,Fokus,Ma et al. (2s eye / 3s yaw),pegang_hp
2026-08-20T11:28:13.563,133.263,-6.94,-145.1,0.1664,Fokus,Ma et al. (2s eye / 3s yaw),pegang_hp
2026-08-20T11:28:13.596,133.296,-7.02,-144.66,0.1577,Fokus,Ma et al. (2s eye / 3s yaw),pegang_hp
2026-08-20T11:28:13.631,133.331,-7.84,-146.11,0.1735,Fokus,Ma et al. (2s eye / 3s yaw),pegang_hp
2026-08-20T11:28:13.665,133.366,-7.04,-146.16,0.1737,Fokus,Ma et al. (2s eye / 3s yaw),pegang_hp
2026-08-20T11:28:13.699,133.4,-7.08,-148.39,0.2207,Fokus,Ma et al. (2s eye / 3s yaw),pegang_hp
2026-08-20T11:28:13.731,133.432,-7.57,-149.29,0.2174,Fokus,Ma et al. (2s eye / 3s yaw),pegang_hp
2026-08-20T11:28:13.758,133.459,-7.34,-148.95,0.2024,Fokus,Ma et al. (2s eye / 3s yaw),pegang_hp
2026-08-20T11:28:13.784,133.484,-7.49,-149.83,0.1977,Fokus,Ma et al. (2s eye / 3s yaw),pegang_hp
2026-08-20T11:28:13.828,133.528,-8.26,-150.37,0.2009,Fokus,Ma et al. (2s eye / 3s yaw),pegang_hp
2026-08-20T11:28:13.864,133.564,-7.94,-151.97,0.2173,Fokus,Ma et al. (2s eye / 3s yaw),pegang_hp
2026-08-20T11:28:13.899,133.6,-8.36,-151.72,0.2099,Fokus,Ma et al. (2s eye / 3s yaw),pegang_hp
2026-08-20T11:28:13.934,133.634,-8.21,-152.24,0.2126,Fokus,Ma et al. (2s eye / 3s yaw),pegang_hp
2026-08-20T11:28:13.969,133.669,-8.5,-153.2,0.2099,Fokus,Ma et al. (2s eye / 3s yaw),pegang_hp
2026-08-20T11:28:14.004,133.704,-8.86,-154.39,0.2113,Fokus,Ma et al. (2s eye / 3s yaw),pegang_hp
2026-08-20T11:28:14.039,133.74,-8.12,-153.72,0.2184,Fokus,Ma et al. (2s eye / 3s yaw),pegang_hp
2026-08-20T11:28:14.074,133.775,-8.86,-153.52,0.2156,Fokus,Ma et al. (2s eye / 3s yaw),pegang_hp
2026-08-20T11:28:14.109,133.81,-9.29,-153.96,0.2172,Fokus,Ma et al. (2s eye / 3s yaw),pegang_hp
2026-08-20T11:28:14.144,133.845,-8.68,-153.59,0.2345,Fokus,Ma et al. (2s eye / 3s yaw),pegang_hp
2026-08-20T11:28:14.179,133.88,-8.53,-152.9,0.205,Fokus,Ma et al. (2s eye / 3s yaw),pegang_hp
2026-08-20T11:28:14.215,133.916,-8.7,-151.6,0.2107,Fokus,Ma et al. (2s eye / 3s yaw),pegang_hp
2026-08-20T11:28:14.250,133.951,-8.48,-151.5,0.2024,Fokus,Ma et al. (2s eye / 3s yaw),pegang_hp
2026-08-20T11:28:14.285,133.986,-8.36,-151.7,0.2048,Fokus,Ma et al. (2s eye / 3s yaw),pegang_hp
2026-08-20T11:28:14.320,134.021,-8.77,-151.16,0.2185,Fokus,Ma et al. (2s eye / 3s yaw),pegang_hp
2026-08-20T11:28:14.354,134.055,-8.96,-151.85,0.2153,Fokus,Ma et al. (2s eye / 3s yaw),pegang_hp
2026-08-20T11:28:14.389,134.089,-8.84,-153.02,0.2198,Fokus,Ma et al. (2s eye / 3s yaw),pegang_hp
2026-08-20T11:28:14.421,134.121,-8.91,-153.34,0.2311,Fokus,Ma et al. (2s eye / 3s yaw),pegang_hp
2026-08-20T11:28:14.454,134.155,-8.78,-153.4,0.2264,Fokus,Ma et al. (2s eye / 3s yaw),pegang_hp
2026-08-20T11:28:14.489,134.189,-8.53,-153.42,0.2021,Fokus,Ma et al. (2s eye / 3s yaw),pegang_hp
2026-08-20T11:28:14.523,134.223,-8.7,-153.92,0.2028,Fokus,Ma et al. (2s eye / 3s yaw),pegang_hp
2026-08-20T11:28:14.550,134.25,-8.32,-154.46,0.203,Fokus,Ma et al. (2s eye / 3s yaw),pegang_hp
2026-08-20T11:28:14.581,134.281,-8.32,-154.32,0.2056,Fokus,Ma et al. (2s eye / 3s yaw),pegang_hp
2026-08-20T11:28:14.615,134.316,-8.12,-154.06,0.204,Fokus,Ma et al. (2s eye / 3s yaw),pegang_hp
2026-08-20T11:28:14.650,134.351,-7.78,-154.42,0.2066,Fokus,Ma et al. (2s eye / 3s yaw),pegang_hp
2026-08-20T11:28:14.685,134.385,-8.11,-154.7,0.2057,Fokus,Ma et al. (2s eye / 3s yaw),pegang_hp
2026-08-20T11:28:14.719,134.42,-8.27,-154.87,0.2142,Fokus,Ma et al. (2s eye / 3s yaw),pegang_hp
2026-08-20T11:28:14.753,134.453,-9.05,-154.41,0.21,Fokus,Ma et al. (2s eye / 3s yaw),pegang_hp
2026-08-20T11:28:14.788,134.489,-9.06,-153.77,0.2166,Fokus,Ma et al. (2s eye / 3s yaw),pegang_hp
2026-08-20T11:28:14.822,134.523,-9.19,-153.3,0.2161,Fokus,Ma et al. (2s eye / 3s yaw),pegang_hp
2026-08-20T11:28:14.857,134.557,-9.25,-153.39,0.2134,Fokus,Ma et al. (2s eye / 3s yaw),pegang_hp
2026-08-20T11:28:14.892,134.593,-8.82,-153.41,0.2089,Fokus,Ma et al. (2s eye / 3s yaw),pegang_hp
2026-08-20T11:28:14.928,134.628,-8.46,-153.09,0.2122,Fokus,Ma et al. (2s eye / 3s yaw),pegang_hp
2026-08-20T11:28:14.961,134.662,-8.04,-152.7,0.2012,Fokus,Ma et al. (2s eye / 3s yaw),pegang_hp
2026-08-20T11:28:14.997,134.698,-7.64,-151.88,0.2074,Fokus,Ma et al. (2s eye / 3s yaw),pegang_hp
2026-08-20T11:28:15.031,134.732,-7.54,-151.41,0.2143,Fokus,Ma et al. (2s eye / 3s yaw),pegang_hp
2026-08-20T11:28:15.066,134.767,-7.02,-150.63,0.2094,Fokus,Ma et al. (2s eye / 3s yaw),pegang_hp
2026-08-20T11:28:15.097,134.798,-7.17,-149.98,0.2071,Fokus,Ma et al. (2s eye / 3s yaw),pegang_hp
2026-08-20T11:28:15.120,134.821,-7.15,-150.41,0.2018,Fokus,Ma et al. (2s eye / 3s yaw),pegang_hp
2026-08-20T11:28:15.144,134.845,-6.72,-149.99,0.1911,Fokus,Ma et al. (2s eye / 3s yaw),pegang_hp
2026-08-20T11:28:15.175,134.875,-6.61,-149.78,0.1849,Fokus,Ma et al. (2s eye / 3s yaw),pegang_hp
2026-08-20T11:28:15.207,134.907,-6.98,-149.66,0.1807,Fokus,Ma et al. (2s eye / 3s yaw),pegang_hp
2026-08-20T11:28:15.241,134.941,-7.26,-148.99,0.2111,Fokus,Ma et al. (2s eye / 3s yaw),pegang_hp
2026-08-20T11:28:15.275,134.975,-8.78,-148.59,0.2137,Fokus,Ma et al. (2s eye / 3s yaw),pegang_hp
2026-08-20T11:28:15.309,135.009,-8.86,-148.31,0.2113,Fokus,Ma et al. (2s eye / 3s yaw),pegang_hp
2026-08-20T11:28:15.343,135.044,-9.36,-147.09,0.1765,Fokus,Ma et al. (2s eye / 3s yaw),pegang_hp
2026-08-20T11:28:15.374,135.075,-8.84,-146.37,0.1735,Fokus,Ma et al. (2s eye / 3s yaw),pegang_hp
2026-08-20T11:28:15.395,135.096,-8.47,-145.57,0.1719,Fokus,Ma et al. (2s eye / 3s yaw),pegang_hp
2026-08-20T11:28:15.425,135.126,-8.28,-144.86,0.1762,Fokus,Ma et al. (2s eye / 3s yaw),pegang_hp
2026-08-20T11:28:15.469,135.169,-7.37,-144.73,0.1633,Fokus,Ma et al. (2s eye / 3s yaw),pegang_hp
2026-08-20T11:28:15.503,135.204,-7.28,-143.04,0.1818,Fokus,Ma et al. (2s eye / 3s yaw),pegang_hp
2026-08-20T11:28:15.537,135.237,-6.33,-142.91,0.1669,Fokus,Ma et al. (2s eye / 3s yaw),pegang_hp
2026-08-20T11:28:15.569,135.269,-5.95,-141.48,0.1551,Fokus,Ma et al. (2s eye / 3s yaw),pegang_hp
2026-08-20T11:28:15.595,135.296,-6.58,-141.42,0.1552,Fokus,Ma et al. (2s eye / 3s yaw),pegang_hp
2026-08-20T11:28:15.631,135.331,-5.9,-140.77,0.1776,Fokus,Ma et al. (2s eye / 3s yaw),pegang_hp
2026-08-20T11:28:15.667,135.368,-5.66,-140.94,0.1673,Fokus,Ma et al. (2s eye / 3s yaw),pegang_hp
2026-08-20T11:28:15.703,135.404,-5.17,-140.25,0.1451,Fokus,Ma et al. (2s eye / 3s yaw),pegang_hp
2026-08-20T11:28:15.729,135.43,-4.87,-140.49,0.1527,Fokus,Ma et al. (2s eye / 3s yaw),pegang_hp
2026-08-20T11:28:15.759,135.46,-5.09,-139.75,0.1529,Fokus,Ma et al. (2s eye / 3s yaw),pegang_hp
2026-08-20T11:28:15.802,135.503,-4.62,-139.27,0.1502,Fokus,Ma et al. (2s eye / 3s yaw),pegang_hp
2026-08-20T11:28:15.826,135.526,-4.29,-139.63,0.1507,Fokus,Ma et al. (2s eye / 3s yaw),pegang_hp
2026-08-20T11:28:15.869,135.57,-3.67,-140.53,0.1649,Fokus,Ma et al. (2s eye / 3s yaw),pegang_hp
2026-08-20T11:28:15.895,135.595,-3.39,-139.96,0.1628,Fokus,Ma et al. (2s eye / 3s yaw),pegang_hp
2026-08-20T11:28:15.930,135.63,-2.61,-140.49,0.1584,Fokus,Ma et al. (2s eye / 3s yaw),pegang_hp
2026-08-20T11:28:15.972,135.673,-2.15,-140.97,0.1645,Fokus,Ma et al. (2s eye / 3s yaw),pegang_hp
2026-08-20T11:28:16.003,135.704,-1.83,-139.9,0.1506,Fokus,Ma et al. (2s eye / 3s yaw),pegang_hp
2026-08-20T11:28:16.031,135.732,-0.61,-139.94,0.153,Fokus,Ma et al. (2s eye / 3s yaw),pegang_hp
2026-08-20T11:28:16.072,135.773,0.44,-139.65,0.158,Fokus,Ma et al. (2s eye / 3s yaw),pegang_hp
2026-08-20T11:28:16.101,135.802,0.22,-140.16,0.1631,Fokus,Ma et al. (2s eye / 3s yaw),pegang_hp
2026-08-20T11:28:16.133,135.833,1.05,-140.31,0.1634,Fokus,Ma et al. (2s eye / 3s yaw),pegang_hp
2026-08-20T11:28:16.164,135.864,1.4,-139.64,0.1577,Fokus,Ma et al. (2s eye / 3s yaw),pegang_hp
2026-08-20T11:28:16.203,135.904,1.91,-139.87,0.1592,Fokus,Ma et al. (2s eye / 3s yaw),pegang_hp
2026-08-20T11:28:16.239,135.94,1.28,-139.42,0.1427,Fokus,Ma et al. (2s eye / 3s yaw),pegang_hp
2026-08-20T11:28:16.272,135.973,1.68,-139.39,0.1515,Fokus,Ma et al. (2s eye / 3s yaw),pegang_hp
2026-08-20T11:28:16.307,136.007,2.9,-140.5,0.1537,Fokus,Ma et al. (2s eye / 3s yaw),pegang_hp
2026-08-20T11:28:16.330,136.03,4.29,-140.36,0.1467,Fokus,Ma et al. (2s eye / 3s yaw),pegang_hp
2026-08-20T11:28:16.367,136.067,5.23,-140.66,0.1507,Fokus,Ma et al. (2s eye / 3s yaw),pegang_hp
2026-08-20T11:28:16.404,136.105,4.22,-140.34,0.1495,Fokus,Ma et al. (2s eye / 3s yaw),pegang_hp
2026-08-20T11:28:16.439,136.139,4.03,-141.3,0.1483,Fokus,Ma et al. (2s eye / 3s yaw),pegang_hp
2026-08-20T11:28:16.474,136.175,4.01,-140.52,0.1516,Fokus,Ma et al. (2s eye / 3s yaw),pegang_hp
2026-08-20T11:28:16.509,136.209,5.47,-140.54,0.1476,Fokus,Ma et al. (2s eye / 3s yaw),pegang_hp
2026-08-20T11:28:16.544,136.245,4.63,-140.89,0.1517,Fokus,Ma et al. (2s eye / 3s yaw),pegang_hp
2026-08-20T11:28:16.580,136.28,4.73,-140.67,0.1496,Fokus,Ma et al. (2s eye / 3s yaw),pegang_hp
2026-08-20T11:28:16.616,136.316,4.55,-140.49,0.1463,Fokus,Ma et al. (2s eye / 3s yaw),pegang_hp
2026-08-20T11:28:16.649,136.35,3.92,-140.21,0.1386,Fokus,Ma et al. (2s eye / 3s yaw),pegang_hp
2026-08-20T11:28:16.684,136.385,4.05,-140.23,0.1378,Fokus,Ma et al. (2s eye / 3s yaw),pegang_hp
2026-08-20T11:28:16.719,136.42,4.28,-139.83,0.1408,Fokus,Ma et al. (2s eye / 3s yaw),pegang_hp
2026-08-20T11:28:16.753,136.454,3.81,-139.42,0.1389,Fokus,Ma et al. (2s eye / 3s yaw),pegang_hp
2026-08-20T11:28:16.788,136.489,3.64,-139.19,0.1376,Fokus,Ma et al. (2s eye / 3s yaw),pegang_hp
2026-08-20T11:28:16.823,136.524,3.48,-139.82,0.1376,Fokus,Ma et al. (2s eye / 3s yaw),pegang_hp
2026-08-20T11:28:16.856,136.556,2.64,-140.07,0.1445,Fokus,Ma et al. (2s eye / 3s yaw),pegang_hp
2026-08-20T11:28:16.888,136.588,2.49,-140.11,0.147,Fokus,Ma et al. (2s eye / 3s yaw),pegang_hp
2026-08-20T11:28:16.922,136.622,2.3,-140.42,0.1472,Fokus,Ma et al. (2s eye / 3s yaw),pegang_hp
2026-08-20T11:28:16.956,136.657,2.6,-140.06,0.1497,Fokus,Ma et al. (2s eye / 3s yaw),pegang_hp
2026-08-20T11:28:16.991,136.692,2.09,-139.92,0.1562,Fokus,Ma et al. (2s eye / 3s yaw),pegang_hp
2026-08-20T11:28:17.026,136.727,2.34,-139.57,0.1587,Fokus,Ma et al. (2s eye / 3s yaw),pegang_hp
2026-08-20T11:28:17.060,136.761,2.12,-140.06,0.1612,Fokus,Ma et al. (2s eye / 3s yaw),pegang_hp
2026-08-20T11:28:17.096,136.797,1.22,-140.42,0.1645,Fokus,Ma et al. (2s eye / 3s yaw),pegang_hp
2026-08-20T11:28:17.130,136.831,1.72,-140.33,0.1919,Fokus,Ma et al. (2s eye / 3s yaw),pegang_hp
2026-08-20T11:28:17.165,136.865,1.38,-141.56,0.1644,Fokus,Ma et al. (2s eye / 3s yaw),pegang_hp
2026-08-20T11:28:17.199,136.9,0.84,-141.23,0.1679,Fokus,Ma et al. (2s eye / 3s yaw),pegang_hp
2026-08-20T11:28:17.234,136.934,0.94,-141.18,0.1635,Fokus,Ma et al. (2s eye / 3s yaw),pegang_hp
2026-08-20T11:28:17.267,136.968,0.35,-141.09,0.1583,Fokus,Ma et al. (2s eye / 3s yaw),pegang_hp
2026-08-20T11:28:17.303,137.004,1.04,-141.41,0.1652,Fokus,Ma et al. (2s eye / 3s yaw),pegang_hp
2026-08-20T11:28:17.338,137.038,0.92,-140.5,0.1393,Fokus,Ma et al. (2s eye / 3s yaw),pegang_hp
2026-08-20T11:28:17.372,137.072,0.94,-140.45,0.1533,Teralih,Ma et al. (2s eye / 3s yaw),pegang_hp
2026-08-20T11:28:17.407,137.108,0.54,-141.04,0.1602,Teralih,Ma et al. (2s eye / 3s yaw),pegang_hp
2026-08-20T11:28:17.443,137.144,0.64,-140.68,0.1652,Teralih,Ma et al. (2s eye / 3s yaw),pegang_hp
2026-08-20T11:28:17.478,137.178,1.09,-140.28,0.1448,Teralih,Ma et al. (2s eye / 3s yaw),pegang_hp
2026-08-20T11:28:17.511,137.212,0.59,-140.2,0.1574,Teralih,Ma et al. (2s eye / 3s yaw),pegang_hp
2026-08-20T11:28:17.545,137.246,0.68,-140.31,0.1643,Teralih,Ma et al. (2s eye / 3s yaw),pegang_hp
2026-08-20T11:28:17.580,137.28,1.01,-139.82,0.1616,Teralih,Ma et al. (2s eye / 3s yaw),pegang_hp
2026-08-20T11:28:17.609,137.31,1.15,-139.97,0.1659,Teralih,Ma et al. (2s eye / 3s yaw),pegang_hp
2026-08-20T11:28:17.638,137.338,1.67,-140.51,0.1633,Teralih,Ma et al. (2s eye / 3s yaw),pegang_hp
2026-08-20T11:28:17.672,137.373,1.27,-140.44,0.169,Teralih,Ma et al. (2s eye / 3s yaw),pegang_hp
2026-08-20T11:28:17.706,137.407,1.35,-140.58,0.1675,Teralih,Ma et al. (2s eye / 3s yaw),pegang_hp
2026-08-20T11:28:17.741,137.441,1.31,-141.11,0.1755,Teralih,Ma et al. (2s eye / 3s yaw),pegang_hp
2026-08-20T11:28:17.775,137.476,1.26,-141.22,0.1789,Teralih,Ma et al. (2s eye / 3s yaw),pegang_hp
2026-08-20T11:28:17.806,137.506,1.11,-140.74,0.179,Teralih,Ma et al. (2s eye / 3s yaw),pegang_hp
2026-08-20T11:28:17.836,137.536,1.79,-140.06,0.1763,Teralih,Ma et al. (2s eye / 3s yaw),pegang_hp
2026-08-20T11:28:17.859,137.559,1.91,-140.26,0.1712,Teralih,Ma et al. (2s eye / 3s yaw),pegang_hp
2026-08-20T11:28:17.881,137.582,2.15,-141.18,0.1604,Teralih,Ma et al. (2s eye / 3s yaw),pegang_hp
2026-08-20T11:28:17.913,137.614,2.23,-141.33,0.1813,Teralih,Ma et al. (2s eye / 3s yaw),pegang_hp
2026-08-20T11:28:17.946,137.647,2.19,-141.17,0.1802,Teralih,Ma et al. (2s eye / 3s yaw),pegang_hp
2026-08-20T11:28:17.977,137.678,2.25,-140.75,0.1823,Teralih,Ma et al. (2s eye / 3s yaw),pegang_hp
2026-08-20T11:28:18.015,137.716,1.91,-141.27,0.1781,Teralih,Ma et al. (2s eye / 3s yaw),pegang_hp
2026-08-20T11:28:18.046,137.746,1.8,-140.63,0.18,Teralih,Ma et al. (2s eye / 3s yaw),pegang_hp
2026-08-20T11:28:18.079,137.779,1.62,-140.44,0.1854,Teralih,Ma et al. (2s eye / 3s yaw),pegang_hp
2026-08-20T11:28:18.107,137.808,1.93,-141.01,0.1813,Teralih,Ma et al. (2s eye / 3s yaw),pegang_hp
2026-08-20T11:28:18.143,137.844,1.62,-140.84,0.1688,Teralih,Ma et al. (2s eye / 3s yaw),pegang_hp
2026-08-20T11:28:18.172,137.873,1.99,-140.47,0.1694,Teralih,Ma et al. (2s eye / 3s yaw),pegang_hp
2026-08-20T11:28:18.216,137.917,2.3,-141.0,0.171,Teralih,Ma et al. (2s eye / 3s yaw),pegang_hp
2026-08-20T11:28:18.252,137.952,2.1,-141.63,0.1801,Teralih,Ma et al. (2s eye / 3s yaw),pegang_hp
2026-08-20T11:28:18.287,137.987,1.93,-140.95,0.1618,Teralih,Ma et al. (2s eye / 3s yaw),pegang_hp
2026-08-20T11:28:18.321,138.022,1.42,-140.46,0.1601,Teralih,Ma et al. (2s eye / 3s yaw),pegang_hp
2026-08-20T11:28:18.355,138.056,1.81,-140.51,0.1565,Teralih,Ma et al. (2s eye / 3s yaw),pegang_hp
2026-08-20T11:28:18.389,138.09,2.1,-140.47,0.1598,Teralih,Ma et al. (2s eye / 3s yaw),pegang_hp
2026-08-20T11:28:18.422,138.123,2.46,-140.52,0.165,Teralih,Ma et al. (2s eye / 3s yaw),pegang_hp
2026-08-20T11:28:18.457,138.158,2.35,-140.88,0.1629,Teralih,Ma et al. (2s eye / 3s yaw),pegang_hp
2026-08-20T11:28:18.492,138.192,3.46,-141.83,0.1551,Teralih,Ma et al. (2s eye / 3s yaw),pegang_hp
2026-08-20T11:28:18.525,138.226,5.53,-141.19,0.1539,Teralih,Ma et al. (2s eye / 3s yaw),pegang_hp
2026-08-20T11:28:18.558,138.259,5.75,-141.68,0.1586,Teralih,Ma et al. (2s eye / 3s yaw),pegang_hp
2026-08-20T11:28:18.586,138.286,5.82,-141.65,0.16,Teralih,Ma et al. (2s eye / 3s yaw),pegang_hp
2026-08-20T11:28:18.605,138.306,5.42,-141.89,0.1656,Teralih,Ma et al. (2s eye / 3s yaw),pegang_hp
2026-08-20T11:28:18.653,138.353,6.29,-142.15,0.1695,Teralih,Ma et al. (2s eye / 3s yaw),pegang_hp
2026-08-20T11:28:18.687,138.387,5.87,-141.91,0.1632,Teralih,Ma et al. (2s eye / 3s yaw),pegang_hp
2026-08-20T11:28:18.721,138.422,5.79,-141.97,0.1648,Teralih,Ma et al. (2s eye / 3s yaw),pegang_hp
2026-08-20T11:28:18.756,138.456,6.42,-142.64,0.1737,Teralih,Ma et al. (2s eye / 3s yaw),pegang_hp
2026-08-20T11:28:18.791,138.491,7.18,-140.91,0.1342,Teralih,Ma et al. (2s eye / 3s yaw),pegang_hp
2026-08-20T11:28:18.825,138.526,6.36,-140.73,0.1368,Teralih,Ma et al. (2s eye / 3s yaw),pegang_hp
2026-08-20T11:28:18.860,138.561,5.93,-140.29,0.1346,Teralih,Ma et al. (2s eye / 3s yaw),pegang_hp
2026-08-20T11:28:18.896,138.596,5.88,-140.3,0.1345,Teralih,Ma et al. (2s eye / 3s yaw),pegang_hp
2026-08-20T11:28:18.930,138.631,5.8,-140.28,0.1363,Teralih,Ma et al. (2s eye / 3s yaw),pegang_hp
2026-08-20T11:28:18.965,138.666,5.29,-140.27,0.1359,Teralih,Ma et al. (2s eye / 3s yaw),pegang_hp
2026-08-20T11:28:19.000,138.701,5.67,-140.73,0.1299,Teralih,Ma et al. (2s eye / 3s yaw),pegang_hp
2026-08-20T11:28:19.035,138.736,5.2,-140.64,0.1395,Teralih,Ma et al. (2s eye / 3s yaw),pegang_hp
2026-08-20T11:28:19.065,138.765,4.85,-140.84,0.1427,Teralih,Ma et al. (2s eye / 3s yaw),pegang_hp
2026-08-20T11:28:19.086,138.787,4.09,-141.28,0.153,Teralih,Ma et al. (2s eye / 3s yaw),pegang_hp
2026-08-20T11:28:19.117,138.817,3.4,-140.49,0.1481,Teralih,Ma et al. (2s eye / 3s yaw),pegang_hp
2026-08-20T11:28:19.152,138.852,2.08,-140.19,0.1424,Teralih,Ma et al. (2s eye / 3s yaw),pegang_hp
2026-08-20T11:28:19.189,138.889,1.07,-141.18,0.161,Teralih,Ma et al. (2s eye / 3s yaw),pegang_hp
2026-08-20T11:28:19.223,138.923,0.38,-141.42,0.1431,Teralih,Ma et al. (2s eye / 3s yaw),pegang_hp
2026-08-20T11:28:19.258,138.958,-1.08,-141.87,0.154,Teralih,Ma et al. (2s eye / 3s yaw),pegang_hp
2026-08-20T11:28:19.283,138.983,-1.23,-141.38,0.1549,Teralih,Ma et al. (2s eye / 3s yaw),pegang_hp
2026-08-20T11:28:19.316,139.016,-1.88,-141.4,0.1468,Teralih,Ma et al. (2s eye / 3s yaw),pegang_hp
2026-08-20T11:28:19.356,139.056,-3.05,-141.88,0.1513,Teralih,Ma et al. (2s eye / 3s yaw),pegang_hp
2026-08-20T11:28:19.391,139.091,-4.21,-141.83,0.1554,Teralih,Ma et al. (2s eye / 3s yaw),pegang_hp
2026-08-20T11:28:19.426,139.126,-4.08,-142.45,0.1636,Teralih,Ma et al. (2s eye / 3s yaw),pegang_hp
2026-08-20T11:28:19.461,139.161,-4.83,-143.96,0.1679,Teralih,Ma et al. (2s eye / 3s yaw),pegang_hp
2026-08-20T11:28:19.496,139.196,-5.61,-143.68,0.1661,Teralih,Ma et al. (2s eye / 3s yaw),pegang_hp
2026-08-20T11:28:19.528,139.229,-6.74,-144.05,0.1866,Teralih,Ma et al. (2s eye / 3s yaw),pegang_hp
2026-08-20T11:28:19.563,139.264,-5.98,-143.71,0.1882,Teralih,Ma et al. (2s eye / 3s yaw),pegang_hp
2026-08-20T11:28:19.596,139.296,-6.36,-144.05,0.1829,Teralih,Ma et al. (2s eye / 3s yaw),pegang_hp
2026-08-20T11:28:19.621,139.321,-7.11,-143.9,0.1925,Teralih,Ma et al. (2s eye / 3s yaw),pegang_hp
2026-08-20T11:28:19.653,139.354,-6.83,-143.92,0.1868,Teralih,Ma et al. (2s eye / 3s yaw),pegang_hp
2026-08-20T11:28:19.688,139.389,-6.92,-143.83,0.1841,Teralih,Ma et al. (2s eye / 3s yaw),pegang_hp
2026-08-20T11:28:19.723,139.423,-6.84,-143.74,0.1837,Teralih,Ma et al. (2s eye / 3s yaw),pegang_hp
2026-08-20T11:28:19.757,139.458,-6.29,-143.65,0.1838,Teralih,Ma et al. (2s eye / 3s yaw),pegang_hp
2026-08-20T11:28:19.791,139.491,-6.33,-143.49,0.1743,Teralih,Ma et al. (2s eye / 3s yaw),pegang_hp
2026-08-20T11:28:19.824,139.525,-6.43,-143.68,0.1762,Teralih,Ma et al. (2s eye / 3s yaw),pegang_hp
2026-08-20T11:28:19.851,139.551,-6.8,-143.53,0.1714,Teralih,Ma et al. (2s eye / 3s yaw),pegang_hp
2026-08-20T11:28:19.887,139.588,-7.0,-143.65,0.1819,Teralih,Ma et al. (2s eye / 3s yaw),pegang_hp
2026-08-20T11:28:19.922,139.622,-6.92,-143.99,0.1829,Teralih,Ma et al. (2s eye / 3s yaw),pegang_hp
2026-08-20T11:28:19.955,139.655,-6.72,-144.09,0.1802,Teralih,Ma et al. (2s eye / 3s yaw),pegang_hp
2026-08-20T11:28:19.991,139.692,-6.28,-143.82,0.181,Teralih,Ma et al. (2s eye / 3s yaw),pegang_hp
2026-08-20T11:28:20.026,139.726,-6.37,-143.55,0.1783,Teralih,Ma et al. (2s eye / 3s yaw),pegang_hp
2026-08-20T11:28:20.060,139.76,-6.66,-143.56,0.1812,Teralih,Ma et al. (2s eye / 3s yaw),pegang_hp
2026-08-20T11:28:20.095,139.796,-6.78,-143.34,0.1828,Teralih,Ma et al. (2s eye / 3s yaw),pegang_hp
2026-08-20T11:28:20.124,139.825,-6.96,-143.6,0.1771,Teralih,Ma et al. (2s eye / 3s yaw),pegang_hp
2026-08-20T11:28:20.156,139.856,-6.58,-143.41,0.1825,Teralih,Ma et al. (2s eye / 3s yaw),pegang_hp
2026-08-20T11:28:20.189,139.889,-6.63,-143.37,0.1785,Teralih,Ma et al. (2s eye / 3s yaw),pegang_hp
2026-08-20T11:28:20.224,139.924,-6.65,-143.41,0.1776,Teralih,Ma et al. (2s eye / 3s yaw),pegang_hp
2026-08-20T11:28:20.260,139.961,-6.42,-143.23,0.167,Teralih,Ma et al. (2s eye / 3s yaw),pegang_hp
2026-08-20T11:28:20.295,139.996,-6.88,-143.37,0.1624,Teralih,Ma et al. (2s eye / 3s yaw),pegang_hp
2026-08-20T11:28:20.330,140.031,-6.7,-143.7,0.166,Teralih,Ma et al. (2s eye / 3s yaw),pegang_hp
2026-08-20T11:28:20.364,140.065,-6.6,-143.58,0.1683,Teralih,Ma et al. (2s eye / 3s yaw),pegang_hp
2026-08-20T11:28:20.399,140.1,-6.71,-143.59,0.1734,Teralih,Ma et al. (2s eye / 3s yaw),pegang_hp
2026-08-20T11:28:20.435,140.136,-6.63,-143.59,0.1742,Teralih,Ma et al. (2s eye / 3s yaw),pegang_hp
2026-08-20T11:28:20.471,140.171,-6.5,-143.51,0.1772,Teralih,Ma et al. (2s eye / 3s yaw),pegang_hp
2026-08-20T11:28:20.505,140.206,-6.66,-143.52,0.1812,Teralih,Ma et al. (2s eye / 3s yaw),pegang_hp
2026-08-20T11:28:20.540,140.241,-6.39,-143.25,0.1767,Teralih,Ma et al. (2s eye / 3s yaw),pegang_hp
2026-08-20T11:28:20.575,140.275,-6.0,-143.07,0.1749,Teralih,Ma et al. (2s eye / 3s yaw),pegang_hp
2026-08-20T11:28:20.610,140.31,-5.86,-142.91,0.1717,Teralih,Ma et al. (2s eye / 3s yaw),pegang_hp
2026-08-20T11:28:20.645,140.345,-5.85,-142.78,0.1726,Teralih,Ma et al. (2s eye / 3s yaw),pegang_hp
2026-08-20T11:28:20.680,140.38,-6.22,-143.0,0.1741,Teralih,Ma et al. (2s eye / 3s yaw),pegang_hp
2026-08-20T11:28:20.714,140.415,-6.17,-142.92,0.1693,Teralih,Ma et al. (2s eye / 3s yaw),pegang_hp
2026-08-20T11:28:20.749,140.45,-5.92,-142.87,0.1696,Teralih,Ma et al. (2s eye / 3s yaw),pegang_hp
2026-08-20T11:28:20.784,140.484,-5.84,-142.71,0.167,Teralih,Ma et al. (2s eye / 3s yaw),pegang_hp
2026-08-20T11:28:20.818,140.519,-5.59,-142.71,0.1689,Teralih,Ma et al. (2s eye / 3s yaw),pegang_hp
2026-08-20T11:28:20.852,140.553,-5.76,-142.97,0.1775,Teralih,Ma et al. (2s eye / 3s yaw),pegang_hp
2026-08-20T11:28:20.887,140.588,-6.03,-143.15,0.1854,Teralih,Ma et al. (2s eye / 3s yaw),pegang_hp
2026-08-20T11:28:20.916,140.617,-5.72,-143.38,0.1771,Teralih,Ma et al. (2s eye / 3s yaw),pegang_hp
2026-08-20T11:28:20.938,140.638,-5.51,-143.57,0.1835,Teralih,Ma et al. (2s eye / 3s yaw),pegang_hp
2026-08-20T11:28:20.967,140.668,-5.59,-143.48,0.1816,Teralih,Ma et al. (2s eye / 3s yaw),pegang_hp
2026-08-20T11:28:21.001,140.701,-5.47,-143.55,0.1822,Teralih,Ma et al. (2s eye / 3s yaw),pegang_hp
2026-08-20T11:28:21.035,140.736,-5.04,-143.64,0.1842,Teralih,Ma et al. (2s eye / 3s yaw),pegang_hp
2026-08-20T11:28:21.069,140.769,-4.95,-143.54,0.1827,Teralih,Ma et al. (2s eye / 3s yaw),pegang_hp
2026-08-20T11:28:21.103,140.804,-5.19,-143.85,0.1783,Teralih,Ma et al. (2s eye / 3s yaw),pegang_hp
2026-08-20T11:28:21.139,140.839,-5.34,-144.09,0.1801,Teralih,Ma et al. (2s eye / 3s yaw),pegang_hp
2026-08-20T11:28:21.173,140.874,-5.12,-143.96,0.1767,Teralih,Ma et al. (2s eye / 3s yaw),pegang_hp
2026-08-20T11:28:21.208,140.909,-4.96,-143.68,0.17,Teralih,Ma et al. (2s eye / 3s yaw),pegang_hp
2026-08-20T11:28:21.243,140.944,-5.03,-144.18,0.1741,Teralih,Ma et al. (2s eye / 3s yaw),pegang_hp
2026-08-20T11:28:21.277,140.977,-5.34,-143.98,0.1691,Teralih,Ma et al. (2s eye / 3s yaw),pegang_hp
2026-08-20T11:28:21.311,141.012,-4.66,-144.24,0.1747,Teralih,Ma et al. (2s eye / 3s yaw),pegang_hp
2026-08-20T11:28:21.346,141.047,-4.03,-143.9,0.1801,Teralih,Ma et al. (2s eye / 3s yaw),pegang_hp
2026-08-20T11:28:21.381,141.082,-3.63,-144.39,0.1748,Teralih,Ma et al. (2s eye / 3s yaw),pegang_hp
2026-08-20T11:28:21.417,141.117,-3.59,-144.34,0.1698,Teralih,Ma et al. (2s eye / 3s yaw),pegang_hp
2026-08-20T11:28:21.450,141.151,-3.46,-144.44,0.1678,Teralih,Ma et al. (2s eye / 3s yaw),pegang_hp
2026-08-20T11:28:21.485,141.185,-3.16,-143.97,0.1688,Teralih,Ma et al. (2s eye / 3s yaw),pegang_hp
2026-08-20T11:28:21.520,141.221,-3.3,-143.59,0.1727,Teralih,Ma et al. (2s eye / 3s yaw),pegang_hp
2026-08-20T11:28:21.554,141.255,-2.73,-143.8,0.1763,Teralih,Ma et al. (2s eye / 3s yaw),pegang_hp
2026-08-20T11:28:21.585,141.286,-2.46,-143.8,0.1762,Teralih,Ma et al. (2s eye / 3s yaw),pegang_hp
2026-08-20T11:28:21.609,141.31,-2.84,-143.36,0.1824,Teralih,Ma et al. (2s eye / 3s yaw),pegang_hp
2026-08-20T11:28:21.628,141.328,-2.94,-143.51,0.1777,Teralih,Ma et al. (2s eye / 3s yaw),pegang_hp
2026-08-20T11:28:21.655,141.356,-3.1,-143.47,0.1787,Teralih,Ma et al. (2s eye / 3s yaw),pegang_hp
2026-08-20T11:28:21.686,141.387,-2.4,-143.57,0.1767,Teralih,Ma et al. (2s eye / 3s yaw),pegang_hp
2026-08-20T11:28:21.719,141.419,-2.2,-143.64,0.1735,Teralih,Ma et al. (2s eye / 3s yaw),pegang_hp
2026-08-20T11:28:21.755,141.456,-2.09,-143.81,0.1791,Teralih,Ma et al. (2s eye / 3s yaw),pegang_hp
2026-08-20T11:28:21.787,141.488,-2.01,-143.41,0.1756,Teralih,Ma et al. (2s eye / 3s yaw),pegang_hp
2026-08-20T11:28:21.819,141.52,-2.08,-143.36,0.1748,Teralih,Ma et al. (2s eye / 3s yaw),pegang_hp
2026-08-20T11:28:21.855,141.556,-2.05,-143.02,0.174,Teralih,Ma et al. (2s eye / 3s yaw),pegang_hp
2026-08-20T11:28:21.887,141.587,-2.06,-143.21,0.166,Teralih,Ma et al. (2s eye / 3s yaw),pegang_hp
2026-08-20T11:28:21.936,141.636,-2.24,-143.6,0.1665,Teralih,Ma et al. (2s eye / 3s yaw),pegang_hp
2026-08-20T11:28:21.966,141.667,-1.64,-143.56,0.1646,Teralih,Ma et al. (2s eye / 3s yaw),pegang_hp
2026-08-20T11:28:21.991,141.691,-1.63,-143.39,0.1614,Teralih,Ma et al. (2s eye / 3s yaw),pegang_hp
2026-08-20T11:28:22.034,141.735,-1.83,-143.28,0.1642,Teralih,Ma et al. (2s eye / 3s yaw),pegang_hp
2026-08-20T11:28:22.057,141.757,-1.93,-143.14,0.163,Teralih,Ma et al. (2s eye / 3s yaw),pegang_hp
2026-08-20T11:28:22.095,141.796,-1.7,-143.03,0.1632,Teralih,Ma et al. (2s eye / 3s yaw),pegang_hp
2026-08-20T11:28:22.133,141.834,-1.44,-143.26,0.1759,Teralih,Ma et al. (2s eye / 3s yaw),pegang_hp
2026-08-20T11:28:22.157,141.858,-1.24,-143.23,0.1724,Teralih,Ma et al. (2s eye / 3s yaw),pegang_hp
2026-08-20T11:28:22.201,141.902,-1.18,-143.51,0.173,Teralih,Ma et al. (2s eye / 3s yaw),pegang_hp
2026-08-20T11:28:22.232,141.933,-1.34,-143.47,0.1744,Teralih,Ma et al. (2s eye / 3s yaw),pegang_hp
2026-08-20T11:28:22.268,141.969,-1.23,-143.36,0.1765,Teralih,Ma et al. (2s eye / 3s yaw),pegang_hp
2026-08-20T11:28:22.304,142.005,-1.5,-143.54,0.175,Teralih,Ma et al. (2s eye / 3s yaw),pegang_hp
2026-08-20T11:28:22.337,142.037,-1.48,-143.46,0.1732,Teralih,Ma et al. (2s eye / 3s yaw),pegang_hp
2026-08-20T11:28:22.361,142.061,-1.39,-143.41,0.1714,Teralih,Ma et al. (2s eye / 3s yaw),pegang_hp
2026-08-20T11:28:22.400,142.1,-1.32,-143.26,0.1698,Teralih,Ma et al. (2s eye / 3s yaw),pegang_hp
2026-08-20T11:28:22.435,142.136,-1.29,-142.89,0.1623,Teralih,Ma et al. (2s eye / 3s yaw),pegang_hp
2026-08-20T11:28:22.471,142.172,-1.28,-143.35,0.1588,Teralih,Ma et al. (2s eye / 3s yaw),pegang_hp
2026-08-20T11:28:22.506,142.206,-1.32,-143.58,0.1598,Teralih,Ma et al. (2s eye / 3s yaw),pegang_hp
2026-08-20T11:28:22.538,142.239,-1.34,-143.57,0.1581,Teralih,Ma et al. (2s eye / 3s yaw),pegang_hp
2026-08-20T11:28:22.572,142.272,-0.98,-143.43,0.1669,Teralih,Ma et al. (2s eye / 3s yaw),pegang_hp
2026-08-20T11:28:22.605,142.306,-0.99,-143.48,0.1652,Teralih,Ma et al. (2s eye / 3s yaw),pegang_hp
2026-08-20T11:28:22.639,142.339,-1.01,-143.52,0.1672,Teralih,Ma et al. (2s eye / 3s yaw),pegang_hp
2026-08-20T11:28:22.673,142.374,-1.02,-143.16,0.1651,Teralih,Ma et al. (2s eye / 3s yaw),pegang_hp
2026-08-20T11:28:22.707,142.407,-1.26,-142.89,0.1581,Teralih,Ma et al. (2s eye / 3s yaw),pegang_hp
2026-08-20T11:28:22.742,142.442,-1.13,-143.09,0.1584,Teralih,Ma et al. (2s eye / 3s yaw),pegang_hp
2026-08-20T11:28:22.775,142.476,-1.52,-143.0,0.1614,Teralih,Ma et al. (2s eye / 3s yaw),pegang_hp
2026-08-20T11:28:22.808,142.509,-1.51,-143.39,0.1656,Teralih,Ma et al. (2s eye / 3s yaw),pegang_hp
2026-08-20T11:28:22.842,142.543,-1.62,-143.25,0.163,Teralih,Ma et al. (2s eye / 3s yaw),pegang_hp
2026-08-20T11:28:22.872,142.573,-0.98,-142.58,0.1649,Teralih,Ma et al. (2s eye / 3s yaw),pegang_hp
2026-08-20T11:28:22.892,142.592,-0.92,-142.54,0.1644,Teralih,Ma et al. (2s eye / 3s yaw),pegang_hp
2026-08-20T11:28:22.940,142.641,-1.01,-142.36,0.1628,Teralih,Ma et al. (2s eye / 3s yaw),pegang_hp
2026-08-20T11:28:22.975,142.675,-0.76,-142.65,0.158,Teralih,Ma et al. (2s eye / 3s yaw),pegang_hp
2026-08-20T11:28:23.006,142.707,-1.29,-142.4,0.1606,Teralih,Ma et al. (2s eye / 3s yaw),pegang_hp
2026-08-20T11:28:23.040,142.741,-1.39,-142.26,0.1589,Teralih,Ma et al. (2s eye / 3s yaw),pegang_hp
2026-08-20T11:28:23.074,142.774,-1.53,-142.48,0.1612,Teralih,Ma et al. (2s eye / 3s yaw),pegang_hp
2026-08-20T11:28:23.108,142.808,-0.75,-142.36,0.1581,Teralih,Ma et al. (2s eye / 3s yaw),pegang_hp
2026-08-20T11:28:23.143,142.843,-0.76,-142.54,0.1647,Teralih,Ma et al. (2s eye / 3s yaw),pegang_hp
2026-08-20T11:28:23.178,142.879,-0.68,-142.5,0.1648,Teralih,Ma et al. (2s eye / 3s yaw),pegang_hp
2026-08-20T11:28:23.212,142.913,-0.57,-142.32,0.1594,Teralih,Ma et al. (2s eye / 3s yaw),pegang_hp
2026-08-20T11:28:23.247,142.947,-0.7,-142.31,0.1593,Teralih,Ma et al. (2s eye / 3s yaw),pegang_hp
2026-08-20T11:28:23.280,142.981,-1.0,-142.74,0.1563,Teralih,Ma et al. (2s eye / 3s yaw),pegang_hp
2026-08-20T11:28:23.315,143.015,-1.01,-142.97,0.1551,Teralih,Ma et al. (2s eye / 3s yaw),pegang_hp
2026-08-20T11:28:23.349,143.049,-1.02,-142.91,0.1552,Teralih,Ma et al. (2s eye / 3s yaw),pegang_hp
2026-08-20T11:28:23.383,143.083,-1.49,-142.87,0.1508,Teralih,Ma et al. (2s eye / 3s yaw),pegang_hp
2026-08-20T11:28:23.417,143.118,-1.14,-142.73,0.1558,Teralih,Ma et al. (2s eye / 3s yaw),pegang_hp
2026-08-20T11:28:23.451,143.151,-1.15,-143.1,0.1614,Teralih,Ma et al. (2s eye / 3s yaw),pegang_hp
2026-08-20T11:28:23.486,143.186,-1.01,-142.95,0.1608,Teralih,Ma et al. (2s eye / 3s yaw),pegang_hp
2026-08-20T11:28:23.520,143.221,-1.29,-143.02,0.1602,Teralih,Ma et al. (2s eye / 3s yaw),pegang_hp
2026-08-20T11:28:23.556,143.256,-1.12,-142.77,0.1631,Teralih,Ma et al. (2s eye / 3s yaw),pegang_hp
2026-08-20T11:28:23.590,143.29,-1.48,-142.77,0.1619,Teralih,Ma et al. (2s eye / 3s yaw),pegang_hp
2026-08-20T11:28:23.618,143.318,-1.59,-142.91,0.1654,Teralih,Ma et al. (2s eye / 3s yaw),pegang_hp
2026-08-20T11:28:23.643,143.344,-1.57,-143.28,0.1649,Teralih,Ma et al. (2s eye / 3s yaw),pegang_hp
2026-08-20T11:28:23.674,143.374,-1.39,-143.08,0.1639,Teralih,Ma et al. (2s eye / 3s yaw),pegang_hp
2026-08-20T11:28:23.707,143.408,-0.89,-143.24,0.1646,Teralih,Ma et al. (2s eye / 3s yaw),pegang_hp
2026-08-20T11:28:23.744,143.444,-0.79,-143.44,0.172,Teralih,Ma et al. (2s eye / 3s yaw),pegang_hp
2026-08-20T11:28:23.769,143.469,-0.61,-143.96,0.1825,Teralih,Ma et al. (2s eye / 3s yaw),pegang_hp
2026-08-20T11:28:23.813,143.513,-0.62,-143.88,0.1846,Teralih,Ma et al. (2s eye / 3s yaw),pegang_hp
2026-08-20T11:28:23.847,143.548,-0.45,-144.23,0.1985,Teralih,Ma et al. (2s eye / 3s yaw),pegang_hp
2026-08-20T11:28:23.874,143.575,-0.83,-144.26,0.198,Teralih,Ma et al. (2s eye / 3s yaw),pegang_hp
2026-08-20T11:28:23.912,143.613,-0.64,-144.35,0.1925,Teralih,Ma et al. (2s eye / 3s yaw),pegang_hp
2026-08-20T11:28:23.948,143.648,-1.0,-144.85,0.207,Teralih,Ma et al. (2s eye / 3s yaw),pegang_hp
2026-08-20T11:28:23.982,143.683,-0.58,-144.29,0.2008,Teralih,Ma et al. (2s eye / 3s yaw),pegang_hp
2026-08-20T11:28:24.017,143.718,-0.28,-144.71,0.1988,Teralih,Ma et al. (2s eye / 3s yaw),pegang_hp
2026-08-20T11:28:24.051,143.752,-0.43,-144.81,0.199,Teralih,Ma et al. (2s eye / 3s yaw),pegang_hp
2026-08-20T11:28:24.085,143.786,-0.59,-144.76,0.199,Teralih,Ma et al. (2s eye / 3s yaw),pegang_hp
2026-08-20T11:28:24.119,143.819,-0.91,-144.58,0.1919,Teralih,Ma et al. (2s eye / 3s yaw),pegang_hp
2026-08-20T11:28:24.143,143.844,-1.24,-145.25,0.2002,Teralih,Ma et al. (2s eye / 3s yaw),pegang_hp
2026-08-20T11:28:24.177,143.877,-0.79,-145.41,0.1988,Teralih,Ma et al. (2s eye / 3s yaw),pegang_hp
2026-08-20T11:28:24.210,143.91,-0.88,-144.97,0.1935,Teralih,Ma et al. (2s eye / 3s yaw),pegang_hp
2026-08-20T11:28:24.234,143.935,-0.86,-144.68,0.1932,Teralih,Ma et al. (2s eye / 3s yaw),pegang_hp
2026-08-20T11:28:24.279,143.979,-0.82,-144.61,0.1962,Teralih,Ma et al. (2s eye / 3s yaw),pegang_hp
2026-08-20T11:28:24.312,144.012,-0.88,-144.5,0.1888,Teralih,Ma et al. (2s eye / 3s yaw),pegang_hp
2026-08-20T11:28:24.348,144.048,-0.9,-144.7,0.1861,Teralih,Ma et al. (2s eye / 3s yaw),pegang_hp
2026-08-20T11:28:24.382,144.083,-0.45,-144.37,0.1804,Teralih,Ma et al. (2s eye / 3s yaw),pegang_hp
2026-08-20T11:28:24.416,144.117,-0.22,-144.26,0.1828,Teralih,Ma et al. (2s eye / 3s yaw),pegang_hp
2026-08-20T11:28:24.451,144.151,-0.98,-144.34,0.193,Teralih,Ma et al. (2s eye / 3s yaw),pegang_hp
2026-08-20T11:28:24.483,144.184,-1.13,-144.23,0.1896,Teralih,Ma et al. (2s eye / 3s yaw),pegang_hp
2026-08-20T11:28:24.513,144.214,-1.25,-144.2,0.1791,Teralih,Ma et al. (2s eye / 3s yaw),pegang_hp
2026-08-20T11:28:24.548,144.248,-0.76,-143.9,0.181,Teralih,Ma et al. (2s eye / 3s yaw),pegang_hp
2026-08-20T11:28:24.581,144.282,-0.63,-143.9,0.1878,Teralih,Ma et al. (2s eye / 3s yaw),pegang_hp
2026-08-20T11:28:24.614,144.314,-1.13,-144.02,0.1854,Teralih,Ma et al. (2s eye / 3s yaw),pegang_hp
2026-08-20T11:28:24.647,144.348,-1.46,-144.3,0.1872,Teralih,Ma et al. (2s eye / 3s yaw),pegang_hp
2026-08-20T11:28:24.671,144.372,-1.33,-144.11,0.1848,Teralih,Ma et al. (2s eye / 3s yaw),pegang_hp
2026-08-20T11:28:24.713,144.414,-1.31,-144.14,0.1865,Teralih,Ma et al. (2s eye / 3s yaw),pegang_hp
2026-08-20T11:28:24.738,144.439,-1.35,-144.42,0.1887,Teralih,Ma et al. (2s eye / 3s yaw),pegang_hp
2026-08-20T11:28:24.773,144.473,-1.36,-144.55,0.1883,Teralih,Ma et al. (2s eye / 3s yaw),pegang_hp
2026-08-20T11:28:24.815,144.516,-1.51,-144.57,0.1867,Teralih,Ma et al. (2s eye / 3s yaw),pegang_hp
2026-08-20T11:28:24.848,144.549,-1.42,-144.91,0.1869,Teralih,Ma et al. (2s eye / 3s yaw),pegang_hp
2026-08-20T11:28:24.875,144.576,-1.57,-144.88,0.1967,Teralih,Ma et al. (2s eye / 3s yaw),pegang_hp
2026-08-20T11:28:24.911,144.611,-1.98,-144.75,0.2007,Teralih,Ma et al. (2s eye / 3s yaw),pegang_hp
2026-08-20T11:28:24.940,144.64,-2.22,-144.62,0.1987,Teralih,Ma et al. (2s eye / 3s yaw),pegang_hp
2026-08-20T11:28:24.982,144.682,-2.44,-144.89,0.1949,Teralih,Ma et al. (2s eye / 3s yaw),pegang_hp
2026-08-20T11:28:25.005,144.706,-2.52,-145.23,0.2077,Teralih,Ma et al. (2s eye / 3s yaw),pegang_hp
2026-08-20T11:28:25.048,144.749,-3.34,-145.46,0.2053,Teralih,Ma et al. (2s eye / 3s yaw),pegang_hp
2026-08-20T11:28:25.084,144.784,-3.44,-145.36,0.1927,Teralih,Ma et al. (2s eye / 3s yaw),pegang_hp
2026-08-20T11:28:25.119,144.819,-3.64,-145.26,0.1919,Teralih,Ma et al. (2s eye / 3s yaw),pegang_hp
2026-08-20T11:28:25.153,144.854,-3.62,-145.49,0.1907,Teralih,Ma et al. (2s eye / 3s yaw),pegang_hp
2026-08-20T11:28:25.189,144.889,-3.9,-145.9,0.1999,Teralih,Ma et al. (2s eye / 3s yaw),pegang_hp
2026-08-20T11:28:25.222,144.923,-4.01,-145.43,0.1946,Teralih,Ma et al. (2s eye / 3s yaw),pegang_hp
2026-08-20T11:28:25.257,144.957,-4.04,-145.81,0.1993,Teralih,Ma et al. (2s eye / 3s yaw),pegang_hp
2026-08-20T11:28:25.292,144.992,-4.0,-145.88,0.1912,Teralih,Ma et al. (2s eye / 3s yaw),pegang_hp
2026-08-20T11:28:25.325,145.026,-4.37,-145.44,0.2038,Teralih,Ma et al. (2s eye / 3s yaw),pegang_hp
2026-08-20T11:28:25.359,145.06,-5.17,-146.39,0.2138,Fokus,Ma et al. (2s eye / 3s yaw),pegang_hp
2026-08-20T11:28:25.393,145.094,-4.99,-146.1,0.2063,Fokus,Ma et al. (2s eye / 3s yaw),pegang_hp
2026-08-20T11:28:25.425,145.126,-5.02,-145.8,0.1994,Fokus,Ma et al. (2s eye / 3s yaw),pegang_hp
2026-08-20T11:28:25.446,145.147,-4.84,-146.08,0.1994,Fokus,Ma et al. (2s eye / 3s yaw),pegang_hp
2026-08-20T11:28:25.480,145.18,-4.93,-145.85,0.2049,Fokus,Ma et al. (2s eye / 3s yaw),pegang_hp
2026-08-20T11:28:25.520,145.221,-4.82,-145.86,0.1962,Fokus,Ma et al. (2s eye / 3s yaw),pegang_hp
2026-08-20T11:28:25.546,145.247,-4.69,-145.94,0.2015,Fokus,Ma et al. (2s eye / 3s yaw),pegang_hp
2026-08-20T11:28:25.578,145.279,-4.75,-146.18,0.1959,Fokus,Ma et al. (2s eye / 3s yaw),pegang_hp
2026-08-20T11:28:25.610,145.31,-4.74,-146.03,0.199,Fokus,Ma et al. (2s eye / 3s yaw),pegang_hp
2026-08-20T11:28:25.653,145.353,-4.81,-146.63,0.202,Fokus,Ma et al. (2s eye / 3s yaw),pegang_hp
2026-08-20T11:28:25.688,145.388,-4.91,-146.52,0.1991,Fokus,Ma et al. (2s eye / 3s yaw),pegang_hp
2026-08-20T11:28:25.722,145.422,-4.47,-146.22,0.1978,Fokus,Ma et al. (2s eye / 3s yaw),pegang_hp
2026-08-20T11:28:25.756,145.457,-4.68,-146.61,0.208,Fokus,Ma et al. (2s eye / 3s yaw),pegang_hp
2026-08-20T11:28:25.790,145.491,-4.07,-147.41,0.22,Fokus,Ma et al. (2s eye / 3s yaw),pegang_hp
2026-08-20T11:28:25.824,145.524,-4.66,-147.76,0.2252,Fokus,Ma et al. (2s eye / 3s yaw),pegang_hp
2026-08-20T11:28:25.859,145.56,-4.52,-147.71,0.2183,Fokus,Ma et al. (2s eye / 3s yaw),pegang_hp
2026-08-20T11:28:25.894,145.594,-4.88,-147.66,0.2185,Fokus,Ma et al. (2s eye / 3s yaw),pegang_hp
2026-08-20T11:28:25.929,145.629,-4.62,-147.57,0.2151,Fokus,Ma et al. (2s eye / 3s yaw),pegang_hp
2026-08-20T11:28:25.963,145.664,-3.74,-147.4,0.1948,Fokus,Ma et al. (2s eye / 3s yaw),pegang_hp
2026-08-20T11:28:25.997,145.698,-3.53,-147.21,0.1941,Fokus,Ma et al. (2s eye / 3s yaw),pegang_hp
2026-08-20T11:28:26.032,145.733,-3.58,-147.57,0.1911,Fokus,Ma et al. (2s eye / 3s yaw),pegang_hp
2026-08-20T11:28:26.065,145.766,-3.88,-147.33,0.2044,Fokus,Ma et al. (2s eye / 3s yaw),pegang_hp
2026-08-20T11:28:26.100,145.8,-4.03,-147.29,0.204,Fokus,Ma et al. (2s eye / 3s yaw),pegang_hp
2026-08-20T11:28:26.135,145.835,-3.87,-147.3,0.1973,Fokus,Ma et al. (2s eye / 3s yaw),pegang_hp
2026-08-20T11:28:26.169,145.869,-4.14,-146.96,0.1987,Fokus,Ma et al. (2s eye / 3s yaw),pegang_hp
2026-08-20T11:28:26.205,145.905,-4.01,-146.7,0.1937,Fokus,Ma et al. (2s eye / 3s yaw),pegang_hp
2026-08-20T11:28:26.239,145.94,-4.18,-146.6,0.1871,Fokus,Ma et al. (2s eye / 3s yaw),pegang_hp
2026-08-20T11:28:26.273,145.974,-4.44,-145.97,0.1837,Fokus,Ma et al. (2s eye / 3s yaw),pegang_hp
2026-08-20T11:28:26.309,146.009,-3.8,-146.24,0.1738,Fokus,Ma et al. (2s eye / 3s yaw),pegang_hp
2026-08-20T11:28:26.344,146.044,-3.61,-145.84,0.1752,Fokus,Ma et al. (2s eye / 3s yaw),pegang_hp
2026-08-20T11:28:26.378,146.078,-3.89,-146.0,0.1831,Fokus,Ma et al. (2s eye / 3s yaw),pegang_hp
2026-08-20T11:28:26.411,146.112,-4.22,-146.06,0.1839,Fokus,Ma et al. (2s eye / 3s yaw),pegang_hp
2026-08-20T11:28:26.446,146.146,-3.96,-145.94,0.1883,Fokus,Ma et al. (2s eye / 3s yaw),pegang_hp
2026-08-20T11:28:26.478,146.178,-4.06,-146.09,0.1849,Fokus,Ma et al. (2s eye / 3s yaw),pegang_hp
2026-08-20T11:28:26.512,146.213,-4.12,-146.24,0.1852,Fokus,Ma et al. (2s eye / 3s yaw),pegang_hp
2026-08-20T11:28:26.546,146.247,-4.13,-146.32,0.1899,Fokus,Ma et al. (2s eye / 3s yaw),pegang_hp
2026-08-20T11:28:26.580,146.281,-4.42,-145.97,0.1908,Fokus,Ma et al. (2s eye / 3s yaw),pegang_hp
2026-08-20T11:28:26.614,146.315,-4.91,-146.18,0.2124,Fokus,Ma et al. (2s eye / 3s yaw),pegang_hp
2026-08-20T11:28:26.648,146.349,-5.05,-146.38,0.2083,Fokus,Ma et al. (2s eye / 3s yaw),pegang_hp
2026-08-20T11:28:26.684,146.385,-5.56,-145.84,0.205,Fokus,Ma et al. (2s eye / 3s yaw),pegang_hp
2026-08-20T11:28:26.718,146.419,-5.13,-146.11,0.2014,Fokus,Ma et al. (2s eye / 3s yaw),pegang_hp
2026-08-20T11:28:26.752,146.452,-5.06,-146.4,0.2006,Fokus,Ma et al. (2s eye / 3s yaw),pegang_hp
2026-08-20T11:28:26.784,146.485,-4.49,-146.28,0.198,Fokus,Ma et al. (2s eye / 3s yaw),pegang_hp
2026-08-20T11:28:26.819,146.52,-4.79,-145.82,0.1938,Fokus,Ma et al. (2s eye / 3s yaw),pegang_hp
2026-08-20T11:28:26.854,146.555,-4.96,-145.67,0.1972,Fokus,Ma et al. (2s eye / 3s yaw),pegang_hp
2026-08-20T11:28:26.888,146.589,-5.12,-146.03,0.1991,Fokus,Ma et al. (2s eye / 3s yaw),pegang_hp
2026-08-20T11:28:26.922,146.623,-4.94,-145.9,0.2057,Fokus,Ma et al. (2s eye / 3s yaw),pegang_hp
2026-08-20T11:28:26.957,146.657,-4.9,-146.23,0.1988,Fokus,Ma et al. (2s eye / 3s yaw),pegang_hp
2026-08-20T11:28:26.991,146.691,-5.26,-146.02,0.1999,Fokus,Ma et al. (2s eye / 3s yaw),pegang_hp
2026-08-20T11:28:27.025,146.725,-5.08,-146.1,0.1985,Fokus,Ma et al. (2s eye / 3s yaw),pegang_hp
2026-08-20T11:28:27.060,146.761,-5.13,-146.46,0.2073,Fokus,Ma et al. (2s eye / 3s yaw),pegang_hp
2026-08-20T11:28:27.095,146.796,-5.56,-146.18,0.2195,Fokus,Ma et al. (2s eye / 3s yaw),pegang_hp
2026-08-20T11:28:27.130,146.831,-5.57,-146.25,0.2161,Fokus,Ma et al. (2s eye / 3s yaw),pegang_hp
2026-08-20T11:28:27.165,146.865,-5.57,-145.96,0.2084,Fokus,Ma et al. (2s eye / 3s yaw),pegang_hp
2026-08-20T11:28:27.200,146.9,-5.36,-145.78,0.2101,Fokus,Ma et al. (2s eye / 3s yaw),pegang_hp
2026-08-20T11:28:27.233,146.934,-5.65,-145.78,0.2093,Fokus,Ma et al. (2s eye / 3s yaw),pegang_hp
2026-08-20T11:28:27.268,146.969,-6.01,-145.82,0.2191,Fokus,Ma et al. (2s eye / 3s yaw),pegang_hp
2026-08-20T11:28:27.303,147.003,-6.07,-146.01,0.2171,Fokus,Ma et al. (2s eye / 3s yaw),pegang_hp
2026-08-20T11:28:27.334,147.035,-5.92,-145.8,0.2085,Fokus,Ma et al. (2s eye / 3s yaw),pegang_hp
2026-08-20T11:28:27.356,147.056,-5.48,-145.56,0.2045,Fokus,Ma et al. (2s eye / 3s yaw),pegang_hp
2026-08-20T11:28:27.383,147.084,-5.61,-145.57,0.2012,Fokus,Ma et al. (2s eye / 3s yaw),pegang_hp
2026-08-20T11:28:27.417,147.118,-5.85,-145.73,0.2051,Fokus,Ma et al. (2s eye / 3s yaw),pegang_hp
2026-08-20T11:28:27.451,147.151,-5.95,-145.98,0.2069,Fokus,Ma et al. (2s eye / 3s yaw),pegang_hp
2026-08-20T11:28:27.484,147.185,-5.99,-145.77,0.2043,Fokus,Ma et al. (2s eye / 3s yaw),pegang_hp
2026-08-20T11:28:27.512,147.213,-6.37,-146.01,0.209,Fokus,Ma et al. (2s eye / 3s yaw),pegang_hp
2026-08-20T11:28:27.537,147.238,-6.51,-145.98,0.208,Fokus,Ma et al. (2s eye / 3s yaw),pegang_hp
2026-08-20T11:28:27.563,147.264,-6.5,-146.08,0.2178,Fokus,Ma et al. (2s eye / 3s yaw),pegang_hp
2026-08-20T11:28:27.594,147.294,-6.31,-146.15,0.2227,Fokus,Ma et al. (2s eye / 3s yaw),pegang_hp
2026-08-20T11:28:27.625,147.325,-6.54,-146.37,0.2226,Fokus,Ma et al. (2s eye / 3s yaw),pegang_hp
2026-08-20T11:28:27.663,147.364,-6.6,-146.08,0.2152,Fokus,Ma et al. (2s eye / 3s yaw),pegang_hp
2026-08-20T11:28:27.699,147.399,-6.47,-146.06,0.2125,Fokus,Ma et al. (2s eye / 3s yaw),pegang_hp
2026-08-20T11:28:27.733,147.434,-6.4,-146.63,0.2199,Fokus,Ma et al. (2s eye / 3s yaw),pegang_hp
2026-08-20T11:28:27.767,147.468,-6.43,-146.66,0.2168,Fokus,Ma et al. (2s eye / 3s yaw),pegang_hp
2026-08-20T11:28:27.802,147.503,-6.53,-146.72,0.2182,Fokus,Ma et al. (2s eye / 3s yaw),pegang_hp
2026-08-20T11:28:27.836,147.537,-6.53,-146.61,0.2175,Fokus,Ma et al. (2s eye / 3s yaw),pegang_hp
2026-08-20T11:28:27.869,147.569,-5.82,-146.65,0.2264,Fokus,Ma et al. (2s eye / 3s yaw),pegang_hp
2026-08-20T11:28:27.899,147.6,-6.43,-146.31,0.2175,Fokus,Ma et al. (2s eye / 3s yaw),pegang_hp
2026-08-20T11:28:27.933,147.633,-6.34,-146.58,0.2133,Fokus,Ma et al. (2s eye / 3s yaw),pegang_hp
2026-08-20T11:28:27.967,147.668,-6.44,-146.57,0.2158,Fokus,Ma et al. (2s eye / 3s yaw),pegang_hp
2026-08-20T11:28:28.001,147.702,-6.64,-146.42,0.2088,Fokus,Ma et al. (2s eye / 3s yaw),pegang_hp
2026-08-20T11:28:28.035,147.736,-6.71,-146.32,0.2018,Fokus,Ma et al. (2s eye / 3s yaw),pegang_hp
2026-08-20T11:28:28.070,147.77,-6.47,-146.25,0.2016,Fokus,Ma et al. (2s eye / 3s yaw),pegang_hp
2026-08-20T11:28:28.103,147.803,-6.11,-146.26,0.2005,Fokus,Ma et al. (2s eye / 3s yaw),pegang_hp
2026-08-20T11:28:28.137,147.837,-5.41,-146.81,0.212,Fokus,Ma et al. (2s eye / 3s yaw),pegang_hp
2026-08-20T11:28:28.172,147.872,-4.95,-146.75,0.202,Fokus,Ma et al. (2s eye / 3s yaw),pegang_hp
2026-08-20T11:28:28.206,147.907,-4.95,-146.62,0.2021,Fokus,Ma et al. (2s eye / 3s yaw),pegang_hp
2026-08-20T11:28:28.240,147.941,-4.94,-145.99,0.1977,Fokus,Ma et al. (2s eye / 3s yaw),pegang_hp
2026-08-20T11:28:28.274,147.975,-5.18,-145.71,0.1914,Fokus,Ma et al. (2s eye / 3s yaw),pegang_hp
2026-08-20T11:28:28.308,148.008,-5.3,-145.85,0.1929,Fokus,Ma et al. (2s eye / 3s yaw),pegang_hp
2026-08-20T11:28:28.343,148.044,-5.39,-146.26,0.1938,Fokus,Ma et al. (2s eye / 3s yaw),pegang_hp
2026-08-20T11:28:28.379,148.079,-5.61,-146.14,0.207,Fokus,Ma et al. (2s eye / 3s yaw),pegang_hp
2026-08-20T11:28:28.415,148.115,-5.33,-146.08,0.197,Fokus,Ma et al. (2s eye / 3s yaw),pegang_hp
2026-08-20T11:28:28.440,148.141,-5.71,-146.27,0.2036,Fokus,Ma et al. (2s eye / 3s yaw),pegang_hp
2026-08-20T11:28:28.459,148.16,-5.85,-146.38,0.2037,Fokus,Ma et al. (2s eye / 3s yaw),pegang_hp
2026-08-20T11:28:28.491,148.191,-6.13,-146.31,0.2092,Fokus,Ma et al. (2s eye / 3s yaw),pegang_hp
2026-08-20T11:28:28.529,148.229,-5.46,-145.84,0.1895,Fokus,Ma et al. (2s eye / 3s yaw),pegang_hp
2026-08-20T11:28:28.568,148.268,-5.28,-146.05,0.2005,Fokus,Ma et al. (2s eye / 3s yaw),pegang_hp
2026-08-20T11:28:28.595,148.296,-5.53,-146.16,0.2073,Fokus,Ma et al. (2s eye / 3s yaw),pegang_hp
2026-08-20T11:28:28.637,148.337,-5.63,-146.19,0.1955,Fokus,Ma et al. (2s eye / 3s yaw),pegang_hp
2026-08-20T11:28:28.672,148.372,-5.58,-146.29,0.1988,Fokus,Ma et al. (2s eye / 3s yaw),pegang_hp
2026-08-20T11:28:28.706,148.406,-5.51,-145.97,0.2029,Fokus,Ma et al. (2s eye / 3s yaw),pegang_hp
2026-08-20T11:28:28.740,148.441,-5.63,-145.95,0.2026,Fokus,Ma et al. (2s eye / 3s yaw),pegang_hp
2026-08-20T11:28:28.776,148.476,-5.79,-146.06,0.2018,Fokus,Ma et al. (2s eye / 3s yaw),pegang_hp
2026-08-20T11:28:28.811,148.512,-5.71,-146.12,0.2023,Fokus,Ma et al. (2s eye / 3s yaw),pegang_hp
2026-08-20T11:28:28.845,148.546,-5.69,-145.9,0.2042,Fokus,Ma et al. (2s eye / 3s yaw),pegang_hp
2026-08-20T11:28:28.874,148.575,-5.49,-145.51,0.2033,Fokus,Ma et al. (2s eye / 3s yaw),pegang_hp
2026-08-20T11:28:28.894,148.595,-5.96,-145.73,0.21,Fokus,Ma et al. (2s eye / 3s yaw),pegang_hp
2026-08-20T11:28:28.936,148.637,-5.29,-145.59,0.2008,Fokus,Ma et al. (2s eye / 3s yaw),pegang_hp
2026-08-20T11:28:28.970,148.671,-5.6,-145.75,0.1989,Fokus,Ma et al. (2s eye / 3s yaw),pegang_hp
2026-08-20T11:28:29.002,148.702,-5.86,-146.01,0.2002,Fokus,Ma et al. (2s eye / 3s yaw),pegang_hp
2026-08-20T11:28:29.036,148.737,-5.95,-146.21,0.2049,Fokus,Ma et al. (2s eye / 3s yaw),pegang_hp
2026-08-20T11:28:29.063,148.764,-6.04,-146.4,0.206,Fokus,Ma et al. (2s eye / 3s yaw),pegang_hp
2026-08-20T11:28:29.099,148.799,-6.39,-145.92,0.2086,Fokus,Ma et al. (2s eye / 3s yaw),pegang_hp
2026-08-20T11:28:29.127,148.827,-6.77,-146.15,0.2076,Fokus,Ma et al. (2s eye / 3s yaw),pegang_hp
2026-08-20T11:28:29.172,148.873,-6.52,-145.78,0.2128,Fokus,Ma et al. (2s eye / 3s yaw),pegang_hp
2026-08-20T11:28:29.207,148.907,-6.29,-145.64,0.2084,Fokus,Ma et al. (2s eye / 3s yaw),pegang_hp
2026-08-20T11:28:29.242,148.942,-6.26,-146.09,0.2072,Fokus,Ma et al. (2s eye / 3s yaw),pegang_hp
2026-08-20T11:28:29.272,148.972,-6.21,-146.15,0.2085,Fokus,Ma et al. (2s eye / 3s yaw),pegang_hp
2026-08-20T11:28:29.303,149.004,-6.07,-145.96,0.2075,Fokus,Ma et al. (2s eye / 3s yaw),pegang_hp
2026-08-20T11:28:29.337,149.038,-6.02,-146.33,0.2072,Fokus,Ma et al. (2s eye / 3s yaw),pegang_hp
2026-08-20T11:28:29.364,149.065,-6.28,-146.26,0.2025,Fokus,Ma et al. (2s eye / 3s yaw),pegang_hp
2026-08-20T11:28:29.397,149.097,-6.48,-146.24,0.2007,Fokus,Ma et al. (2s eye / 3s yaw),pegang_hp
2026-08-20T11:28:29.440,149.14,-6.56,-146.32,0.1988,Fokus,Ma et al. (2s eye / 3s yaw),pegang_hp
2026-08-20T11:28:29.470,149.17,-6.6,-146.37,0.2017,Fokus,Ma et al. (2s eye / 3s yaw),pegang_hp
2026-08-20T11:28:29.502,149.202,-6.49,-145.95,0.1973,Fokus,Ma et al. (2s eye / 3s yaw),pegang_hp
2026-08-20T11:28:29.540,149.24,-6.39,-145.96,0.2013,Fokus,Ma et al. (2s eye / 3s yaw),pegang_hp
2026-08-20T11:28:29.574,149.274,-6.46,-145.7,0.2046,Fokus,Ma et al. (2s eye / 3s yaw),pegang_hp
2026-08-20T11:28:29.608,149.308,-6.26,-145.6,0.2021,Fokus,Ma et al. (2s eye / 3s yaw),pegang_hp
2026-08-20T11:28:29.643,149.343,-6.67,-145.46,0.1962,Fokus,Ma et al. (2s eye / 3s yaw),pegang_hp
2026-08-20T11:28:29.677,149.378,-6.29,-145.87,0.201,Fokus,Ma et al. (2s eye / 3s yaw),pegang_hp
2026-08-20T11:28:29.712,149.412,-5.82,-145.45,0.2002,Fokus,Ma et al. (2s eye / 3s yaw),pegang_hp
2026-08-20T11:28:29.746,149.446,-5.86,-145.51,0.1968,Fokus,Ma et al. (2s eye / 3s yaw),pegang_hp
2026-08-20T11:28:29.781,149.481,-6.15,-145.57,0.1942,Fokus,Ma et al. (2s eye / 3s yaw),pegang_hp
2026-08-20T11:28:29.816,149.516,-6.03,-145.63,0.1976,Fokus,Ma et al. (2s eye / 3s yaw),pegang_hp
2026-08-20T11:28:29.851,149.552,-6.15,-145.53,0.1982,Fokus,Ma et al. (2s eye / 3s yaw),pegang_hp
2026-08-20T11:28:29.887,149.588,-6.22,-145.16,0.1901,Fokus,Ma et al. (2s eye / 3s yaw),pegang_hp
2026-08-20T11:28:29.922,149.622,-6.28,-145.26,0.1891,Fokus,Ma et al. (2s eye / 3s yaw),pegang_hp
2026-08-20T11:28:29.957,149.658,-6.2,-145.15,0.1905,Fokus,Ma et al. (2s eye / 3s yaw),pegang_hp
2026-08-20T11:28:29.992,149.692,-6.2,-145.35,0.1902,Fokus,Ma et al. (2s eye / 3s yaw),pegang_hp
2026-08-20T11:28:30.027,149.728,-6.1,-145.36,0.1806,Fokus,Ma et al. (2s eye / 3s yaw),pegang_hp
2026-08-20T11:28:30.059,149.76,-5.73,-145.67,0.1832,Fokus,Ma et al. (2s eye / 3s yaw),pegang_hp
2026-08-20T11:28:30.087,149.787,-5.55,-145.51,0.1759,Fokus,Ma et al. (2s eye / 3s yaw),pegang_hp
2026-08-20T11:28:30.121,149.822,-5.72,-145.63,0.1851,Fokus,Ma et al. (2s eye / 3s yaw),pegang_hp
2026-08-20T11:28:30.156,149.857,-5.67,-145.34,0.1883,Fokus,Ma et al. (2s eye / 3s yaw),pegang_hp
2026-08-20T11:28:30.190,149.89,-5.56,-145.0,0.1857,Fokus,Ma et al. (2s eye / 3s yaw),pegang_hp
2026-08-20T11:28:30.224,149.924,-5.71,-144.72,0.1853,Fokus,Ma et al. (2s eye / 3s yaw),pegang_hp
2026-08-20T11:28:30.259,149.96,-5.52,-144.84,0.1801,Fokus,Ma et al. (2s eye / 3s yaw),pegang_hp
2026-08-20T11:28:30.293,149.994,-6.34,-145.28,0.1928,Fokus,Ma et al. (2s eye / 3s yaw),pegang_hp
2026-08-20T11:28:30.329,150.029,-6.19,-145.62,0.2076,Fokus,Ma et al. (2s eye / 3s yaw),pegang_hp
2026-08-20T11:28:30.359,150.06,-6.39,-145.73,0.203,Fokus,Ma et al. (2s eye / 3s yaw),pegang_hp
2026-08-20T11:28:30.386,150.086,-6.38,-145.93,0.2017,Fokus,Ma et al. (2s eye / 3s yaw),pegang_hp
2026-08-20T11:28:30.420,150.121,-6.69,-146.53,0.2073,Fokus,Ma et al. (2s eye / 3s yaw),pegang_hp
2026-08-20T11:28:30.455,150.156,-6.56,-146.09,0.203,Fokus,Ma et al. (2s eye / 3s yaw),pegang_hp
2026-08-20T11:28:30.490,150.191,-5.96,-146.13,0.1973,Fokus,Ma et al. (2s eye / 3s yaw),pegang_hp
2026-08-20T11:28:30.524,150.224,-6.04,-146.34,0.195,Fokus,Ma et al. (2s eye / 3s yaw),pegang_hp
2026-08-20T11:28:30.556,150.256,-6.22,-146.06,0.195,Fokus,Ma et al. (2s eye / 3s yaw),pegang_hp
2026-08-20T11:28:30.584,150.285,-6.33,-146.15,0.1942,Fokus,Ma et al. (2s eye / 3s yaw),pegang_hp
2026-08-20T11:28:30.618,150.319,-6.43,-146.37,0.1949,Fokus,Ma et al. (2s eye / 3s yaw),pegang_hp
2026-08-20T11:28:30.654,150.354,-6.25,-146.04,0.1941,Fokus,Ma et al. (2s eye / 3s yaw),pegang_hp
2026-08-20T11:28:30.689,150.389,-6.32,-146.23,0.1951,Fokus,Ma et al. (2s eye / 3s yaw),pegang_hp
2026-08-20T11:28:30.718,150.419,-6.56,-146.82,0.199,Fokus,Ma et al. (2s eye / 3s yaw),pegang_hp
2026-08-20T11:28:30.738,150.438,-6.41,-146.49,0.2008,Fokus,Ma et al. (2s eye / 3s yaw),pegang_hp
2026-08-20T11:28:30.778,150.479,-6.42,-146.08,0.2005,Fokus,Ma et al. (2s eye / 3s yaw),pegang_hp
2026-08-20T11:28:30.807,150.508,-6.43,-146.05,0.1979,Fokus,Ma et al. (2s eye / 3s yaw),pegang_hp
2026-08-20T11:28:30.843,150.544,-6.4,-145.76,0.1927,Fokus,Ma et al. (2s eye / 3s yaw),pegang_hp
2026-08-20T11:28:30.880,150.581,-6.77,-145.76,0.1944,Fokus,Ma et al. (2s eye / 3s yaw),pegang_hp
2026-08-20T11:28:30.916,150.616,-6.46,-145.82,0.1933,Fokus,Ma et al. (2s eye / 3s yaw),pegang_hp
2026-08-20T11:28:30.950,150.651,-6.42,-145.95,0.1983,Fokus,Ma et al. (2s eye / 3s yaw),pegang_hp
2026-08-20T11:28:30.984,150.684,-6.62,-146.09,0.1954,Fokus,Ma et al. (2s eye / 3s yaw),pegang_hp
2026-08-20T11:28:31.018,150.719,-6.25,-145.87,0.2001,Fokus,Ma et al. (2s eye / 3s yaw),pegang_hp
2026-08-20T11:28:31.052,150.753,-6.25,-146.21,0.1995,Fokus,Ma et al. (2s eye / 3s yaw),pegang_hp
2026-08-20T11:28:31.087,150.788,-6.17,-146.21,0.1935,Fokus,Ma et al. (2s eye / 3s yaw),pegang_hp
2026-08-20T11:28:31.120,150.821,-6.42,-146.2,0.1948,Fokus,Ma et al. (2s eye / 3s yaw),pegang_hp
2026-08-20T11:28:31.154,150.855,-6.47,-146.37,0.1938,Fokus,Ma et al. (2s eye / 3s yaw),pegang_hp
2026-08-20T11:28:31.189,150.89,-6.34,-146.26,0.1915,Fokus,Ma et al. (2s eye / 3s yaw),pegang_hp
2026-08-20T11:28:31.223,150.924,-6.36,-145.91,0.191,Teralih,Ma et al. (2s eye / 3s yaw),pegang_hp
2026-08-20T11:28:31.258,150.959,-6.63,-146.42,0.198,Teralih,Ma et al. (2s eye / 3s yaw),pegang_hp
2026-08-20T11:28:31.293,150.994,-6.61,-146.01,0.196,Teralih,Ma et al. (2s eye / 3s yaw),pegang_hp
2026-08-20T11:28:31.328,151.029,-6.6,-146.28,0.1976,Teralih,Ma et al. (2s eye / 3s yaw),pegang_hp
2026-08-20T11:28:31.361,151.061,-7.26,-146.35,0.19,Teralih,Ma et al. (2s eye / 3s yaw),pegang_hp
2026-08-20T11:28:31.395,151.096,-6.47,-146.21,0.1947,Teralih,Ma et al. (2s eye / 3s yaw),pegang_hp
2026-08-20T11:28:31.431,151.132,-6.64,-146.36,0.1921,Teralih,Ma et al. (2s eye / 3s yaw),pegang_hp
2026-08-20T11:28:31.464,151.165,-7.15,-146.05,0.1932,Teralih,Ma et al. (2s eye / 3s yaw),pegang_hp
2026-08-20T11:28:31.497,151.198,-7.42,-146.4,0.1916,Teralih,Ma et al. (2s eye / 3s yaw),pegang_hp
2026-08-20T11:28:31.531,151.231,-7.38,-146.32,0.1935,Teralih,Ma et al. (2s eye / 3s yaw),pegang_hp
2026-08-20T11:28:31.564,151.264,-7.4,-146.36,0.1885,Teralih,Ma et al. (2s eye / 3s yaw),pegang_hp
2026-08-20T11:28:31.597,151.298,-6.88,-146.04,0.1901,Teralih,Ma et al. (2s eye / 3s yaw),pegang_hp
2026-08-20T11:28:31.630,151.331,-6.94,-146.51,0.1888,Teralih,Ma et al. (2s eye / 3s yaw),pegang_hp
2026-08-20T11:28:31.664,151.365,-6.98,-146.47,0.1937,Teralih,Ma et al. (2s eye / 3s yaw),pegang_hp
2026-08-20T11:28:31.707,151.407,-6.77,-146.31,0.1936,Teralih,Ma et al. (2s eye / 3s yaw),pegang_hp
2026-08-20T11:28:31.743,151.443,-6.74,-146.73,0.1962,Teralih,Ma et al. (2s eye / 3s yaw),pegang_hp
2026-08-20T11:28:31.775,151.475,-6.7,-146.8,0.2053,Teralih,Ma et al. (2s eye / 3s yaw),pegang_hp
2026-08-20T11:28:31.799,151.5,-6.04,-146.56,0.2039,Teralih,Ma et al. (2s eye / 3s yaw),pegang_hp
2026-08-20T11:28:31.827,151.528,-6.04,-145.98,0.1973,Teralih,Ma et al. (2s eye / 3s yaw),pegang_hp
2026-08-20T11:28:31.862,151.562,-6.57,-146.13,0.208,Teralih,Ma et al. (2s eye / 3s yaw),pegang_hp
2026-08-20T11:28:31.896,151.597,-6.72,-146.38,0.2065,Teralih,Ma et al. (2s eye / 3s yaw),pegang_hp
2026-08-20T11:28:31.920,151.621,-6.69,-146.78,0.205,Teralih,Ma et al. (2s eye / 3s yaw),pegang_hp
2026-08-20T11:28:31.940,151.64,-6.65,-146.12,0.1959,Teralih,Ma et al. (2s eye / 3s yaw),pegang_hp
2026-08-20T11:28:31.977,151.678,-6.71,-146.07,0.1891,Teralih,Ma et al. (2s eye / 3s yaw),pegang_hp
2026-08-20T11:28:32.011,151.711,-6.46,-146.08,0.1853,Teralih,Ma et al. (2s eye / 3s yaw),pegang_hp
2026-08-20T11:28:32.050,151.751,-6.32,-145.9,0.1837,Teralih,Ma et al. (2s eye / 3s yaw),pegang_hp
2026-08-20T11:28:32.084,151.784,-5.84,-145.86,0.1756,Teralih,Ma et al. (2s eye / 3s yaw),pegang_hp
2026-08-20T11:28:32.119,151.819,-5.63,-146.21,0.1781,Teralih,Ma et al. (2s eye / 3s yaw),pegang_hp
2026-08-20T11:28:32.153,151.853,-6.06,-146.21,0.1801,Teralih,Ma et al. (2s eye / 3s yaw),pegang_hp
2026-08-20T11:28:32.186,151.886,-6.13,-146.38,0.1799,Teralih,Ma et al. (2s eye / 3s yaw),pegang_hp
2026-08-20T11:28:32.219,151.92,-5.99,-146.21,0.1808,Teralih,Ma et al. (2s eye / 3s yaw),pegang_hp
2026-08-20T11:28:32.254,151.955,-6.12,-146.14,0.1885,Teralih,Ma et al. (2s eye / 3s yaw),pegang_hp
2026-08-20T11:28:32.290,151.99,-5.85,-146.29,0.1919,Teralih,Ma et al. (2s eye / 3s yaw),pegang_hp
2026-08-20T11:28:32.323,152.024,-5.96,-145.81,0.1951,Teralih,Ma et al. (2s eye / 3s yaw),pegang_hp
2026-08-20T11:28:32.357,152.058,-6.13,-145.89,0.1868,Teralih,Ma et al. (2s eye / 3s yaw),pegang_hp
2026-08-20T11:28:32.391,152.092,-6.1,-145.96,0.1882,Teralih,Ma et al. (2s eye / 3s yaw),pegang_hp
2026-08-20T11:28:32.426,152.127,-6.18,-146.0,0.1873,Teralih,Ma et al. (2s eye / 3s yaw),pegang_hp
2026-08-20T11:28:32.460,152.161,-6.04,-145.95,0.1896,Teralih,Ma et al. (2s eye / 3s yaw),pegang_hp
2026-08-20T11:28:32.496,152.196,-5.59,-146.14,0.1835,Teralih,Ma et al. (2s eye / 3s yaw),pegang_hp
2026-08-20T11:28:32.530,152.23,-5.19,-146.07,0.1905,Teralih,Ma et al. (2s eye / 3s yaw),pegang_hp
2026-08-20T11:28:32.564,152.265,-5.33,-146.25,0.1836,Teralih,Ma et al. (2s eye / 3s yaw),pegang_hp
2026-08-20T11:28:32.598,152.298,-5.26,-146.27,0.1837,Teralih,Ma et al. (2s eye / 3s yaw),pegang_hp
2026-08-20T11:28:32.632,152.333,-5.08,-145.94,0.1919,Teralih,Ma et al. (2s eye / 3s yaw),pegang_hp
2026-08-20T11:28:32.667,152.368,-4.9,-145.92,0.1839,Teralih,Ma et al. (2s eye / 3s yaw),pegang_hp
2026-08-20T11:28:32.697,152.398,-4.93,-145.93,0.1938,Teralih,Ma et al. (2s eye / 3s yaw),pegang_hp
2026-08-20T11:28:32.717,152.417,-4.96,-145.66,0.1904,Teralih,Ma et al. (2s eye / 3s yaw),pegang_hp
2026-08-20T11:28:32.747,152.447,-5.01,-145.66,0.1911,Teralih,Ma et al. (2s eye / 3s yaw),pegang_hp
2026-08-20T11:28:32.788,152.488,-5.81,-146.46,0.195,Teralih,Ma et al. (2s eye / 3s yaw),pegang_hp
2026-08-20T11:28:32.823,152.524,-5.85,-145.92,0.1982,Teralih,Ma et al. (2s eye / 3s yaw),pegang_hp
2026-08-20T11:28:32.858,152.559,-5.77,-146.35,0.1931,Teralih,Ma et al. (2s eye / 3s yaw),pegang_hp
2026-08-20T11:28:32.893,152.594,-5.61,-146.13,0.2101,Fokus,Ma et al. (2s eye / 3s yaw),pegang_hp
2026-08-20T11:28:32.934,152.635,-5.7,-146.19,0.208,Fokus,Ma et al. (2s eye / 3s yaw),pegang_hp
2026-08-20T11:28:32.968,152.669,-5.71,-146.17,0.2126,Fokus,Ma et al. (2s eye / 3s yaw),pegang_hp
2026-08-20T11:28:33.001,152.702,-5.6,-146.27,0.203,Fokus,Ma et al. (2s eye / 3s yaw),pegang_hp
2026-08-20T11:28:33.032,152.732,-5.32,-145.42,0.1979,Fokus,Ma et al. (2s eye / 3s yaw),pegang_hp
2026-08-20T11:28:33.061,152.762,-5.24,-145.52,0.1967,Fokus,Ma et al. (2s eye / 3s yaw),pegang_hp
2026-08-20T11:28:33.089,152.79,-5.19,-145.73,0.1898,Fokus,Ma et al. (2s eye / 3s yaw),pegang_hp
2026-08-20T11:28:33.120,152.821,-5.37,-145.86,0.1928,Fokus,Ma et al. (2s eye / 3s yaw),pegang_hp
2026-08-20T11:28:33.153,152.854,-5.43,-146.03,0.1932,Fokus,Ma et al. (2s eye / 3s yaw),pegang_hp
2026-08-20T11:28:33.191,152.892,-5.45,-146.2,0.201,Fokus,Ma et al. (2s eye / 3s yaw),pegang_hp
2026-08-20T11:28:33.225,152.926,-5.42,-146.48,0.2001,Fokus,Ma et al. (2s eye / 3s yaw),pegang_hp
2026-08-20T11:28:33.260,152.96,-5.46,-146.41,0.1996,Fokus,Ma et al. (2s eye / 3s yaw),pegang_hp
2026-08-20T11:28:33.296,152.996,-5.49,-146.48,0.2011,Fokus,Ma et al. (2s eye / 3s yaw),pegang_hp
2026-08-20T11:28:33.330,153.03,-5.24,-146.4,0.1958,Fokus,Ma et al. (2s eye / 3s yaw),pegang_hp
2026-08-20T11:28:33.353,153.054,-5.35,-146.5,0.184,Fokus,Ma et al. (2s eye / 3s yaw),pegang_hp
2026-08-20T11:28:33.385,153.086,-5.31,-146.37,0.1852,Fokus,Ma et al. (2s eye / 3s yaw),pegang_hp
2026-08-20T11:28:33.417,153.118,-4.96,-146.17,0.1862,Fokus,Ma et al. (2s eye / 3s yaw),pegang_hp
2026-08-20T11:28:33.458,153.158,-4.92,-146.38,0.1915,Fokus,Ma et al. (2s eye / 3s yaw),pegang_hp
2026-08-20T11:28:33.490,153.191,-5.02,-146.37,0.1914,Fokus,Ma et al. (2s eye / 3s yaw),pegang_hp
2026-08-20T11:28:33.524,153.225,-5.01,-146.33,0.1911,Fokus,Ma et al. (2s eye / 3s yaw),pegang_hp
2026-08-20T11:28:33.552,153.253,-5.11,-146.43,0.1873,Fokus,Ma et al. (2s eye / 3s yaw),pegang_hp
2026-08-20T11:28:33.585,153.286,-5.28,-146.24,0.1871,Fokus,Ma et al. (2s eye / 3s yaw),pegang_hp
2026-08-20T11:28:33.624,153.325,-5.46,-146.36,0.183,Fokus,Ma et al. (2s eye / 3s yaw),pegang_hp
2026-08-20T11:28:33.653,153.354,-5.47,-146.42,0.1868,Fokus,Ma et al. (2s eye / 3s yaw),pegang_hp
2026-08-20T11:28:33.691,153.392,-5.7,-146.35,0.1916,Fokus,Ma et al. (2s eye / 3s yaw),pegang_hp
2026-08-20T11:28:33.728,153.428,-5.92,-146.23,0.1901,Fokus,Ma et al. (2s eye / 3s yaw),pegang_hp
2026-08-20T11:28:33.761,153.462,-5.83,-146.02,0.1885,Fokus,Ma et al. (2s eye / 3s yaw),pegang_hp
2026-08-20T11:28:33.794,153.495,-6.33,-146.17,0.1884,Fokus,Ma et al. (2s eye / 3s yaw),pegang_hp
2026-08-20T11:28:33.819,153.519,-6.26,-146.18,0.1885,Fokus,Ma et al. (2s eye / 3s yaw),pegang_hp
2026-08-20T11:28:33.860,153.56,-5.76,-146.02,0.1887,Fokus,Ma et al. (2s eye / 3s yaw),pegang_hp
2026-08-20T11:28:33.896,153.596,-5.46,-146.13,0.1894,Fokus,Ma et al. (2s eye / 3s yaw),pegang_hp
2026-08-20T11:28:33.932,153.632,-4.81,-146.34,0.1879,Fokus,Ma et al. (2s eye / 3s yaw),pegang_hp
2026-08-20T11:28:33.966,153.667,-4.31,-145.93,0.1874,Fokus,Ma et al. (2s eye / 3s yaw),pegang_hp
2026-08-20T11:28:34.000,153.701,-4.2,-146.45,0.1937,Fokus,Ma et al. (2s eye / 3s yaw),pegang_hp
2026-08-20T11:28:34.034,153.734,-3.42,-146.2,0.1834,Fokus,Ma et al. (2s eye / 3s yaw),pegang_hp
2026-08-20T11:28:34.064,153.765,-3.55,-146.49,0.1835,Fokus,Ma et al. (2s eye / 3s yaw),pegang_hp
2026-08-20T11:28:34.099,153.8,-3.72,-146.66,0.2036,Fokus,Ma et al. (2s eye / 3s yaw),pegang_hp
2026-08-20T11:28:34.135,153.835,-3.84,-146.72,0.2066,Fokus,Ma et al. (2s eye / 3s yaw),pegang_hp
2026-08-20T11:28:34.170,153.87,-4.08,-146.51,0.204,Fokus,Ma et al. (2s eye / 3s yaw),pegang_hp
2026-08-20T11:28:34.205,153.906,-4.05,-146.59,0.2068,Fokus,Ma et al. (2s eye / 3s yaw),pegang_hp
2026-08-20T11:28:34.241,153.941,-4.79,-146.44,0.1964,Fokus,Ma et al. (2s eye / 3s yaw),pegang_hp
2026-08-20T11:28:34.275,153.976,-4.69,-146.31,0.1895,Fokus,Ma et al. (2s eye / 3s yaw),pegang_hp
2026-08-20T11:28:34.310,154.011,-4.62,-146.68,0.1947,Fokus,Ma et al. (2s eye / 3s yaw),pegang_hp
2026-08-20T11:28:34.345,154.046,-4.71,-146.83,0.1903,Fokus,Ma et al. (2s eye / 3s yaw),pegang_hp
2026-08-20T11:28:34.381,154.081,-4.67,-146.88,0.1917,Fokus,Ma et al. (2s eye / 3s yaw),pegang_hp
2026-08-20T11:28:34.416,154.117,-4.58,-146.83,0.1986,Fokus,Ma et al. (2s eye / 3s yaw),pegang_hp
2026-08-20T11:28:34.452,154.152,-4.49,-146.56,0.2003,Fokus,Ma et al. (2s eye / 3s yaw),pegang_hp
2026-08-20T11:28:34.484,154.184,-4.36,-146.6,0.2037,Fokus,Ma et al. (2s eye / 3s yaw),pegang_hp
2026-08-20T11:28:34.506,154.207,-4.75,-146.65,0.2028,Fokus,Ma et al. (2s eye / 3s yaw),pegang_hp
2026-08-20T11:28:34.536,154.236,-4.67,-146.24,0.1994,Fokus,Ma et al. (2s eye / 3s yaw),pegang_hp
2026-08-20T11:28:34.570,154.27,-4.48,-146.39,0.198,Fokus,Ma et al. (2s eye / 3s yaw),pegang_hp
2026-08-20T11:28:34.604,154.304,-4.35,-146.8,0.2036,Fokus,Ma et al. (2s eye / 3s yaw),pegang_hp
2026-08-20T11:28:34.632,154.333,-4.47,-146.83,0.2118,Fokus,Ma et al. (2s eye / 3s yaw),pegang_hp
2026-08-20T11:28:34.658,154.358,-4.44,-146.88,0.2121,Fokus,Ma et al. (2s eye / 3s yaw),pegang_hp
2026-08-20T11:28:34.700,154.4,-4.44,-147.11,0.22,Fokus,Ma et al. (2s eye / 3s yaw),pegang_hp
2026-08-20T11:28:34.735,154.435,-4.38,-146.89,0.2148,Fokus,Ma et al. (2s eye / 3s yaw),pegang_hp
2026-08-20T11:28:34.770,154.47,-4.96,-147.14,0.2234,Fokus,Ma et al. (2s eye / 3s yaw),pegang_hp
2026-08-20T11:28:34.805,154.506,-5.52,-147.51,0.2252,Fokus,Ma et al. (2s eye / 3s yaw),pegang_hp
2026-08-20T11:28:34.840,154.541,-5.33,-147.32,0.2227,Fokus,Ma et al. (2s eye / 3s yaw),pegang_hp
2026-08-20T11:28:34.870,154.571,-5.18,-147.47,0.2309,Fokus,Ma et al. (2s eye / 3s yaw),pegang_hp
2026-08-20T11:28:34.891,154.592,-5.25,-147.87,0.2483,Fokus,Ma et al. (2s eye / 3s yaw),pegang_hp
2026-08-20T11:28:34.931,154.632,-5.31,-148.06,0.2444,Fokus,Ma et al. (2s eye / 3s yaw),pegang_hp
2026-08-20T11:28:34.969,154.669,-5.46,-147.89,0.2467,Fokus,Ma et al. (2s eye / 3s yaw),pegang_hp
2026-08-20T11:28:35.003,154.704,-5.52,-148.16,0.2411,Fokus,Ma et al. (2s eye / 3s yaw),pegang_hp
2026-08-20T11:28:35.038,154.738,-5.59,-147.81,0.2281,Fokus,Ma et al. (2s eye / 3s yaw),pegang_hp
2026-08-20T11:28:35.069,154.769,-5.81,-148.03,0.2324,Fokus,Ma et al. (2s eye / 3s yaw),pegang_hp
2026-08-20T11:28:35.099,154.8,-5.83,-147.97,0.2377,Fokus,Ma et al. (2s eye / 3s yaw),pegang_hp
2026-08-20T11:28:35.135,154.835,-5.94,-147.83,0.2383,Fokus,Ma et al. (2s eye / 3s yaw),pegang_hp
2026-08-20T11:28:35.169,154.869,-5.75,-147.67,0.2396,Fokus,Ma et al. (2s eye / 3s yaw),pegang_hp
2026-08-20T11:28:35.203,154.904,-5.88,-148.21,0.2357,Fokus,Ma et al. (2s eye / 3s yaw),pegang_hp
2026-08-20T11:28:35.238,154.938,-6.34,-148.14,0.2355,Fokus,Ma et al. (2s eye / 3s yaw),pegang_hp
2026-08-20T11:28:35.272,154.973,-6.09,-148.19,0.2321,Fokus,Ma et al. (2s eye / 3s yaw),pegang_hp
2026-08-20T11:28:35.307,155.007,-5.88,-148.24,0.2371,Fokus,Ma et al. (2s eye / 3s yaw),pegang_hp
2026-08-20T11:28:35.341,155.042,-6.02,-148.28,0.2405,Fokus,Ma et al. (2s eye / 3s yaw),pegang_hp
2026-08-20T11:28:35.375,155.076,-5.53,-148.74,0.2412,Fokus,Ma et al. (2s eye / 3s yaw),pegang_hp
2026-08-20T11:28:35.409,155.11,-6.21,-148.68,0.2368,Fokus,Ma et al. (2s eye / 3s yaw),pegang_hp
2026-08-20T11:28:35.444,155.145,-6.25,-148.65,0.2311,Fokus,Ma et al. (2s eye / 3s yaw),pegang_hp
2026-08-20T11:28:35.478,155.178,-6.66,-149.0,0.2222,Fokus,Ma et al. (2s eye / 3s yaw),pegang_hp
2026-08-20T11:28:35.512,155.212,-6.78,-149.49,0.2446,Fokus,Ma et al. (2s eye / 3s yaw),pegang_hp
2026-08-20T11:28:35.547,155.247,-6.72,-149.44,0.2512,Fokus,Ma et al. (2s eye / 3s yaw),pegang_hp
2026-08-20T11:28:35.575,155.275,-6.3,-148.89,0.2362,Fokus,Ma et al. (2s eye / 3s yaw),pegang_hp
2026-08-20T11:28:35.594,155.295,-6.35,-149.74,0.239,Fokus,Ma et al. (2s eye / 3s yaw),pegang_hp
2026-08-20T11:28:35.630,155.33,-6.46,-150.12,0.2393,Fokus,Ma et al. (2s eye / 3s yaw),pegang_hp
2026-08-20T11:28:35.668,155.369,-6.77,-149.94,0.2341,Fokus,Ma et al. (2s eye / 3s yaw),pegang_hp
2026-08-20T11:28:35.703,155.404,-6.39,-150.45,0.2381,Fokus,Ma et al. (2s eye / 3s yaw),pegang_hp
2026-08-20T11:28:35.737,155.437,-6.62,-150.19,0.2377,Fokus,Ma et al. (2s eye / 3s yaw),pegang_hp
2026-08-20T11:28:35.775,155.475,-6.61,-150.12,0.2376,Fokus,Ma et al. (2s eye / 3s yaw),pegang_hp
2026-08-20T11:28:35.816,155.517,-6.57,-150.2,0.2331,Fokus,Ma et al. (2s eye / 3s yaw),pegang_hp
2026-08-20T11:28:35.850,155.551,-6.62,-149.89,0.2361,Fokus,Ma et al. (2s eye / 3s yaw),pegang_hp
2026-08-20T11:28:35.884,155.584,-6.64,-150.11,0.2308,Fokus,Ma et al. (2s eye / 3s yaw),pegang_hp
2026-08-20T11:28:35.906,155.607,-6.6,-150.48,0.2327,Fokus,Ma et al. (2s eye / 3s yaw),pegang_hp
2026-08-20T11:28:35.929,155.629,-6.71,-150.46,0.2361,Fokus,Ma et al. (2s eye / 3s yaw),pegang_hp
2026-08-20T11:28:35.972,155.673,-6.59,-150.63,0.2412,Fokus,Ma et al. (2s eye / 3s yaw),pegang_hp
2026-08-20T11:28:36.006,155.707,-6.67,-150.65,0.2438,Fokus,Ma et al. (2s eye / 3s yaw),pegang_hp
2026-08-20T11:28:36.041,155.741,-6.69,-150.51,0.2394,Fokus,Ma et al. (2s eye / 3s yaw),pegang_hp
2026-08-20T11:28:36.071,155.772,-6.4,-149.92,0.238,Fokus,Ma et al. (2s eye / 3s yaw),pegang_hp
2026-08-20T11:28:36.093,155.793,-6.41,-150.02,0.2402,Fokus,Ma et al. (2s eye / 3s yaw),pegang_hp
2026-08-20T11:28:36.139,155.839,-6.34,-150.24,0.245,Fokus,Ma et al. (2s eye / 3s yaw),pegang_hp
2026-08-20T11:28:36.173,155.873,-6.37,-150.18,0.2436,Fokus,Ma et al. (2s eye / 3s yaw),pegang_hp
2026-08-20T11:28:36.208,155.908,-6.32,-150.13,0.2453,Fokus,Ma et al. (2s eye / 3s yaw),pegang_hp
2026-08-20T11:28:36.242,155.943,-6.62,-150.28,0.2489,Fokus,Ma et al. (2s eye / 3s yaw),pegang_hp
2026-08-20T11:28:36.277,155.978,-6.78,-150.3,0.2373,Fokus,Ma et al. (2s eye / 3s yaw),pegang_hp
2026-08-20T11:28:36.310,156.011,-6.73,-150.56,0.2413,Fokus,Ma et al. (2s eye / 3s yaw),pegang_hp
2026-08-20T11:28:36.345,156.046,-7.3,-150.54,0.2367,Fokus,Ma et al. (2s eye / 3s yaw),pegang_hp
2026-08-20T11:28:36.380,156.081,-7.29,-150.87,0.2394,Fokus,Ma et al. (2s eye / 3s yaw),pegang_hp
2026-08-20T11:28:36.408,156.109,-7.28,-150.65,0.2435,Fokus,Ma et al. (2s eye / 3s yaw),pegang_hp
2026-08-20T11:28:36.429,156.129,-7.07,-150.61,0.2384,Fokus,Ma et al. (2s eye / 3s yaw),pegang_hp
2026-08-20T11:28:36.472,156.172,-6.82,-150.36,0.2416,Fokus,Ma et al. (2s eye / 3s yaw),pegang_hp
2026-08-20T11:28:36.509,156.209,-6.73,-150.54,0.2495,Fokus,Ma et al. (2s eye / 3s yaw),pegang_hp
2026-08-20T11:28:36.543,156.244,-6.95,-150.66,0.2435,Fokus,Ma et al. (2s eye / 3s yaw),pegang_hp
2026-08-20T11:28:36.579,156.279,-7.42,-150.8,0.2433,Fokus,Ma et al. (2s eye / 3s yaw),pegang_hp
2026-08-20T11:28:36.613,156.314,-7.59,-150.74,0.2467,Fokus,Ma et al. (2s eye / 3s yaw),pegang_hp
2026-08-20T11:28:36.648,156.348,-7.48,-150.83,0.2453,Fokus,Ma et al. (2s eye / 3s yaw),pegang_hp
2026-08-20T11:28:36.682,156.383,-7.81,-150.68,0.2498,Fokus,Ma et al. (2s eye / 3s yaw),pegang_hp
2026-08-20T11:28:36.717,156.418,-7.27,-150.47,0.239,Fokus,Ma et al. (2s eye / 3s yaw),pegang_hp
2026-08-20T11:28:36.752,156.453,-7.32,-150.71,0.2443,Fokus,Ma et al. (2s eye / 3s yaw),pegang_hp
2026-08-20T11:28:36.787,156.488,-7.28,-150.73,0.2457,Fokus,Ma et al. (2s eye / 3s yaw),pegang_hp
2026-08-20T11:28:36.823,156.523,-7.86,-150.6,0.252,Fokus,Ma et al. (2s eye / 3s yaw),pegang_hp
2026-08-20T11:28:36.858,156.559,-8.18,-150.58,0.2478,Fokus,Ma et al. (2s eye / 3s yaw),pegang_hp
2026-08-20T11:28:36.894,156.594,-8.12,-150.71,0.2498,Fokus,Ma et al. (2s eye / 3s yaw),pegang_hp
2026-08-20T11:28:36.929,156.629,-8.04,-150.74,0.2571,Fokus,Ma et al. (2s eye / 3s yaw),pegang_hp
2026-08-20T11:28:36.972,156.672,-8.22,-151.25,0.2616,Fokus,Ma et al. (2s eye / 3s yaw),pegang_hp
2026-08-20T11:28:37.000,156.701,-8.42,-151.21,0.2657,Fokus,Ma et al. (2s eye / 3s yaw),pegang_hp
2026-08-20T11:28:37.020,156.721,-8.76,-151.61,0.2709,Fokus,Ma et al. (2s eye / 3s yaw),pegang_hp
2026-08-20T11:28:37.039,156.739,-9.21,-152.02,0.2738,Fokus,Ma et al. (2s eye / 3s yaw),pegang_hp
2026-08-20T11:28:37.067,156.767,-9.15,-152.13,0.2764,Fokus,Ma et al. (2s eye / 3s yaw),pegang_hp
2026-08-20T11:28:37.099,156.799,-10.02,-152.11,0.2758,Fokus,Ma et al. (2s eye / 3s yaw),pegang_hp
2026-08-20T11:28:37.131,156.832,-10.22,-151.81,0.2726,Fokus,Ma et al. (2s eye / 3s yaw),pegang_hp
2026-08-20T11:28:37.164,156.864,-10.88,-152.26,0.2736,Fokus,Ma et al. (2s eye / 3s yaw),pegang_hp
2026-08-20T11:28:37.212,156.913,-10.95,-152.29,0.2731,Fokus,Ma et al. (2s eye / 3s yaw),pegang_hp
2026-08-20T11:28:37.248,156.948,-10.84,-152.34,0.2777,Fokus,Ma et al. (2s eye / 3s yaw),pegang_hp
2026-08-20T11:28:37.283,156.983,-11.08,-152.28,0.2727,Fokus,Ma et al. (2s eye / 3s yaw),pegang_hp
2026-08-20T11:28:37.317,157.018,-10.9,-152.3,0.273,Fokus,Ma et al. (2s eye / 3s yaw),pegang_hp
2026-08-20T11:28:37.353,157.053,-10.9,-152.35,0.2776,Fokus,Ma et al. (2s eye / 3s yaw),pegang_hp
2026-08-20T11:28:37.388,157.088,-11.05,-152.36,0.2772,Fokus,Ma et al. (2s eye / 3s yaw),pegang_hp
2026-08-20T11:28:37.422,157.122,-10.97,-152.46,0.2806,Fokus,Ma et al. (2s eye / 3s yaw),pegang_hp
2026-08-20T11:28:37.455,157.155,-11.07,-152.71,0.2792,Fokus,Ma et al. (2s eye / 3s yaw),pegang_hp
2026-08-20T11:28:37.486,157.187,-10.99,-152.42,0.2787,Fokus,Ma et al. (2s eye / 3s yaw),pegang_hp
2026-08-20T11:28:37.506,157.207,-10.94,-152.38,0.2803,Fokus,Ma et al. (2s eye / 3s yaw),pegang_hp
2026-08-20T11:28:37.534,157.234,-10.79,-152.61,0.2816,Fokus,Ma et al. (2s eye / 3s yaw),pegang_hp
2026-08-20T11:28:37.581,157.281,-10.96,-152.85,0.2807,Fokus,Ma et al. (2s eye / 3s yaw),pegang_hp
2026-08-20T11:28:37.615,157.316,-10.29,-152.69,0.2781,Fokus,Ma et al. (2s eye / 3s yaw),pegang_hp
2026-08-20T11:28:37.648,157.349,-9.84,-152.11,0.2743,Fokus,Ma et al. (2s eye / 3s yaw),pegang_hp
2026-08-20T11:28:37.683,157.383,-9.6,-152.23,0.2753,Fokus,Ma et al. (2s eye / 3s yaw),pegang_hp
2026-08-20T11:28:37.717,157.417,-9.51,-152.53,0.286,Fokus,Ma et al. (2s eye / 3s yaw),pegang_hp
2026-08-20T11:28:37.750,157.451,-8.61,-152.88,0.2903,Fokus,Ma et al. (2s eye / 3s yaw),pegang_hp
2026-08-20T11:28:37.774,157.475,-8.74,-153.03,0.2783,Fokus,Ma et al. (2s eye / 3s yaw),pegang_hp
2026-08-20T11:28:37.803,157.504,-8.12,-153.4,0.2752,Fokus,Ma et al. (2s eye / 3s yaw),pegang_hp
2026-08-20T11:28:37.848,157.549,-8.13,-153.59,0.273,Fokus,Ma et al. (2s eye / 3s yaw),pegang_hp
2026-08-20T11:28:37.883,157.583,-7.23,-153.97,0.2738,Fokus,Ma et al. (2s eye / 3s yaw),pegang_hp
2026-08-20T11:28:37.917,157.618,-5.86,-154.22,0.2784,Fokus,Ma et al. (2s eye / 3s yaw),pegang_hp
2026-08-20T11:28:37.952,157.653,-5.84,-154.12,0.2724,Fokus,Ma et al. (2s eye / 3s yaw),pegang_hp
2026-08-20T11:28:37.988,157.688,-6.29,-154.22,0.2715,Fokus,Ma et al. (2s eye / 3s yaw),pegang_hp
2026-08-20T11:28:38.022,157.722,-6.51,-154.48,0.2692,Fokus,Ma et al. (2s eye / 3s yaw),pegang_hp
2026-08-20T11:28:38.056,157.756,-6.83,-154.59,0.271,Fokus,Ma et al. (2s eye / 3s yaw),pegang_hp
2026-08-20T11:28:38.090,157.791,-6.97,-154.64,0.2743,Fokus,Ma et al. (2s eye / 3s yaw),pegang_hp
2026-08-20T11:28:38.125,157.826,-7.14,-154.53,0.2752,Fokus,Ma et al. (2s eye / 3s yaw),pegang_hp
2026-08-20T11:28:38.159,157.86,-7.21,-154.52,0.268,Fokus,Ma et al. (2s eye / 3s yaw),pegang_hp
2026-08-20T11:28:38.194,157.895,-7.32,-154.74,0.2644,Fokus,Ma et al. (2s eye / 3s yaw),pegang_hp
2026-08-20T11:28:38.228,157.928,-7.45,-154.43,0.2599,Fokus,Ma et al. (2s eye / 3s yaw),pegang_hp
2026-08-20T11:28:38.263,157.964,-7.13,-153.9,0.2269,Fokus,Ma et al. (2s eye / 3s yaw),pegang_hp
2026-08-20T11:28:38.298,157.999,-6.7,-152.46,0.191,Fokus,Ma et al. (2s eye / 3s yaw),pegang_hp
2026-08-20T11:28:38.331,158.031,-6.18,-152.02,0.178,Fokus,Ma et al. (2s eye / 3s yaw),pegang_hp
2026-08-20T11:28:38.359,158.059,-6.2,-151.72,0.1808,Fokus,Ma et al. (2s eye / 3s yaw),pegang_hp
2026-08-20T11:28:38.383,158.083,-5.58,-151.4,0.1776,Fokus,Ma et al. (2s eye / 3s yaw),pegang_hp
2026-08-20T11:28:38.410,158.111,-5.87,-151.49,0.1818,Fokus,Ma et al. (2s eye / 3s yaw),pegang_hp
2026-08-20T11:28:38.453,158.154,-5.57,-151.37,0.1884,Fokus,Ma et al. (2s eye / 3s yaw),pegang_hp
2026-08-20T11:28:38.487,158.188,-5.66,-151.49,0.1874,Fokus,Ma et al. (2s eye / 3s yaw),pegang_hp
2026-08-20T11:28:38.523,158.223,-5.62,-151.86,0.198,Fokus,Ma et al. (2s eye / 3s yaw),pegang_hp
2026-08-20T11:28:38.557,158.257,-5.69,-151.54,0.1918,Fokus,Ma et al. (2s eye / 3s yaw),pegang_hp
2026-08-20T11:28:38.591,158.292,-5.81,-151.38,0.1906,Fokus,Ma et al. (2s eye / 3s yaw),pegang_hp
2026-08-20T11:28:38.626,158.326,-5.66,-151.4,0.1896,Fokus,Ma et al. (2s eye / 3s yaw),pegang_hp
2026-08-20T11:28:38.659,158.36,-5.28,-150.65,0.1868,Fokus,Ma et al. (2s eye / 3s yaw),pegang_hp
2026-08-20T11:28:38.693,158.394,-5.5,-149.86,0.1969,Fokus,Ma et al. (2s eye / 3s yaw),pegang_hp
2026-08-20T11:28:38.727,158.428,-5.04,-150.39,0.2194,Fokus,Ma et al. (2s eye / 3s yaw),pegang_hp
2026-08-20T11:28:38.761,158.461,-5.62,-150.59,0.2125,Fokus,Ma et al. (2s eye / 3s yaw),pegang_hp
2026-08-20T11:28:38.796,158.496,-5.68,-150.15,0.2032,Fokus,Ma et al. (2s eye / 3s yaw),pegang_hp
2026-08-20T11:28:38.831,158.531,-5.63,-149.96,0.2113,Fokus,Ma et al. (2s eye / 3s yaw),pegang_hp
2026-08-20T11:28:38.865,158.566,-5.03,-149.29,0.2099,Fokus,Ma et al. (2s eye / 3s yaw),pegang_hp
2026-08-20T11:28:38.899,158.6,-5.2,-149.19,0.2331,Fokus,Ma et al. (2s eye / 3s yaw),pegang_hp
2026-08-20T11:28:38.933,158.633,-5.33,-148.98,0.232,Fokus,Ma et al. (2s eye / 3s yaw),pegang_hp
2026-08-20T11:28:38.967,158.667,-5.69,-148.61,0.2199,Fokus,Ma et al. (2s eye / 3s yaw),pegang_hp
2026-08-20T11:28:39.001,158.701,-4.83,-148.66,0.2039,Fokus,Ma et al. (2s eye / 3s yaw),pegang_hp
2026-08-20T11:28:39.036,158.736,-4.74,-147.86,0.1849,Fokus,Ma et al. (2s eye / 3s yaw),pegang_hp
2026-08-20T11:28:39.070,158.77,-5.31,-147.03,0.1846,Fokus,Ma et al. (2s eye / 3s yaw),pegang_hp
2026-08-20T11:28:39.104,158.805,-5.57,-147.4,0.1898,Fokus,Ma et al. (2s eye / 3s yaw),pegang_hp
2026-08-20T11:28:39.137,158.837,-5.59,-147.46,0.1898,Fokus,Ma et al. (2s eye / 3s yaw),
2026-08-20T11:28:39.171,158.871,-5.37,-147.77,0.1841,Fokus,Ma et al. (2s eye / 3s yaw),
2026-08-20T11:28:39.204,158.904,-5.08,-147.32,0.1764,Fokus,Ma et al. (2s eye / 3s yaw),
2026-08-20T11:28:39.236,158.936,-4.84,-147.12,0.1794,Fokus,Ma et al. (2s eye / 3s yaw),
2026-08-20T11:28:39.270,158.97,-4.49,-146.62,0.1659,Fokus,Ma et al. (2s eye / 3s yaw),
2026-08-20T11:28:39.304,159.005,-4.67,-146.55,0.168,Fokus,Ma et al. (2s eye / 3s yaw),
2026-08-20T11:28:39.338,159.039,-4.74,-147.17,0.1647,Fokus,Ma et al. (2s eye / 3s yaw),
2026-08-20T11:28:39.372,159.073,-4.16,-147.02,0.1757,Fokus,Ma et al. (2s eye / 3s yaw),
2026-08-20T11:28:39.406,159.107,-4.18,-146.9,0.1782,Fokus,Ma et al. (2s eye / 3s yaw),
2026-08-20T11:28:39.441,159.141,-3.9,-146.96,0.1776,Fokus,Ma et al. (2s eye / 3s yaw),
2026-08-20T11:28:39.474,159.174,-4.09,-146.88,0.1768,Fokus,Ma et al. (2s eye / 3s yaw),
2026-08-20T11:28:39.506,159.207,-4.48,-146.15,0.1661,Fokus,Ma et al. (2s eye / 3s yaw),
2026-08-20T11:28:39.541,159.241,-4.55,-146.68,0.1916,Fokus,Ma et al. (2s eye / 3s yaw),
2026-08-20T11:28:39.575,159.276,-3.65,-146.42,0.1816,Fokus,Ma et al. (2s eye / 3s yaw),
2026-08-20T11:28:39.612,159.312,-3.46,-146.12,0.1734,Fokus,Ma et al. (2s eye / 3s yaw),
2026-08-20T11:28:39.651,159.351,-3.92,-147.1,0.1791,Fokus,Ma et al. (2s eye / 3s yaw),
2026-08-20T11:28:39.679,159.379,-3.24,-149.2,0.1878,Fokus,Ma et al. (2s eye / 3s yaw),
2026-08-20T11:28:39.712,159.413,-3.18,-150.59,0.2339,Fokus,Ma et al. (2s eye / 3s yaw),
2026-08-20T11:28:39.736,159.437,-2.94,-151.77,0.2824,Fokus,Ma et al. (2s eye / 3s yaw),
2026-08-20T11:28:39.758,159.458,-1.89,-155.29,0.3164,Fokus,Ma et al. (2s eye / 3s yaw),
2026-08-20T11:28:39.779,159.48,-0.9,-158.18,0.2811,Fokus,Ma et al. (2s eye / 3s yaw),
2026-08-20T11:28:39.817,159.517,0.83,-160.57,0.2982,Fokus,Ma et al. (2s eye / 3s yaw),
2026-08-20T11:28:39.856,159.556,2.86,-162.69,0.2951,Fokus,Ma et al. (2s eye / 3s yaw),
2026-08-20T11:28:39.895,159.595,4.86,-165.9,0.285,Fokus,Ma et al. (2s eye / 3s yaw),
2026-08-20T11:28:39.930,159.631,7.19,-167.55,0.292,Fokus,Ma et al. (2s eye / 3s yaw),
2026-08-20T11:28:39.965,159.666,9.72,-169.19,0.2845,Fokus,Ma et al. (2s eye / 3s yaw),
2026-08-20T11:28:39.999,159.7,13.28,-170.71,0.2871,Fokus,Ma et al. (2s eye / 3s yaw),
2026-08-20T11:28:40.035,159.736,16.14,-171.89,0.2761,Fokus,Ma et al. (2s eye / 3s yaw),
2026-08-20T11:28:40.070,159.77,16.29,-173.19,0.2948,Fokus,Ma et al. (2s eye / 3s yaw),
2026-08-20T11:28:40.105,159.805,19.08,-173.85,0.2954,Fokus,Ma et al. (2s eye / 3s yaw),
2026-08-20T11:28:40.140,159.84,19.57,-174.88,0.291,Fokus,Ma et al. (2s eye / 3s yaw),
2026-08-20T11:28:40.172,159.873,20.52,-176.16,0.3055,Fokus,Ma et al. (2s eye / 3s yaw),
2026-08-20T11:28:40.207,159.908,20.49,-177.07,0.3067,Fokus,Ma et al. (2s eye / 3s yaw),
2026-08-20T11:28:40.243,159.944,18.56,-178.46,0.2965,Fokus,Ma et al. (2s eye / 3s yaw),
2026-08-20T11:28:40.279,159.98,16.43,-179.58,0.2953,Fokus,Ma et al. (2s eye / 3s yaw),
2026-08-20T11:28:40.314,160.014,10.99,-179.49,0.2892,Fokus,Ma et al. (2s eye / 3s yaw),
2026-08-20T11:28:40.349,160.05,9.24,179.64,0.2876,Fokus,Ma et al. (2s eye / 3s yaw),
2026-08-20T11:28:40.384,160.084,12.58,179.37,0.2782,Fokus,Ma et al. (2s eye / 3s yaw),
2026-08-20T11:28:40.418,160.119,9.85,178.99,0.2768,Fokus,Ma et al. (2s eye / 3s yaw),
2026-08-20T11:28:40.453,160.154,4.32,177.49,0.2719,Fokus,Ma et al. (2s eye / 3s yaw),
2026-08-20T11:28:40.489,160.189,3.82,177.23,0.2678,Fokus,Ma et al. (2s eye / 3s yaw),
2026-08-20T11:28:40.524,160.225,3.65,176.46,0.2578,Fokus,Ma et al. (2s eye / 3s yaw),
2026-08-20T11:28:40.560,160.26,2.38,175.8,0.2542,Fokus,Ma et al. (2s eye / 3s yaw),
2026-08-20T11:28:40.596,160.296,2.01,175.07,0.2472,Fokus,Ma et al. (2s eye / 3s yaw),
2026-08-20T11:28:40.631,160.332,2.14,175.08,0.2429,Fokus,Ma et al. (2s eye / 3s yaw),
2026-08-20T11:28:40.665,160.366,-0.01,174.85,0.2421,Fokus,Ma et al. (2s eye / 3s yaw),
2026-08-20T11:28:40.696,160.396,-1.73,174.56,0.2246,Fokus,Ma et al. (2s eye / 3s yaw),
2026-08-20T11:28:40.723,160.423,-2.84,173.26,0.1914,Fokus,Ma et al. (2s eye / 3s yaw),
2026-08-20T11:28:40.751,160.452,-3.39,174.82,0.1609,Fokus,Ma et al. (2s eye / 3s yaw),
2026-08-20T11:28:40.771,160.472,-2.92,174.32,0.148,Fokus,Ma et al. (2s eye / 3s yaw),
2026-08-20T11:28:40.793,160.494,-3.48,173.9,0.1767,Fokus,Ma et al. (2s eye / 3s yaw),
2026-08-20T11:28:40.820,160.521,-3.41,173.78,0.2009,Fokus,Ma et al. (2s eye / 3s yaw),
2026-08-20T11:28:40.861,160.562,-8.71,173.32,0.223,Fokus,Ma et al. (2s eye / 3s yaw),
2026-08-20T11:28:40.896,160.596,-10.89,171.7,0.2409,Fokus,Ma et al. (2s eye / 3s yaw),
2026-08-20T11:28:40.931,160.632,-11.98,172.1,0.244,Fokus,Ma et al. (2s eye / 3s yaw),
2026-08-20T11:28:40.965,160.665,-10.27,172.28,0.2044,Fokus,Ma et al. (2s eye / 3s yaw),
2026-08-20T11:28:40.992,160.693,-9.23,172.03,0.2006,Fokus,Ma et al. (2s eye / 3s yaw),
2026-08-20T11:28:41.018,160.719,-4.0,171.03,0.1818,Fokus,Ma et al. (2s eye / 3s yaw),
2026-08-20T11:28:41.066,160.767,6.07,172.26,0.1656,Fokus,Ma et al. (2s eye / 3s yaw),
2026-08-20T11:28:41.103,160.803,12.31,173.82,0.1487,Fokus,Ma et al. (2s eye / 3s yaw),
2026-08-20T11:28:41.138,160.839,15.46,173.99,0.1578,Fokus,Ma et al. (2s eye / 3s yaw),
2026-08-20T11:28:41.169,160.869,17.33,173.83,0.1377,Fokus,Ma et al. (2s eye / 3s yaw),
2026-08-20T11:28:41.189,160.889,18.97,173.95,0.1587,Fokus,Ma et al. (2s eye / 3s yaw),
2026-08-20T11:28:41.231,160.932,21.51,174.79,0.1772,Fokus,Ma et al. (2s eye / 3s yaw),
2026-08-20T11:28:41.268,160.968,23.03,175.12,0.2033,Fokus,Ma et al. (2s eye / 3s yaw),
2026-08-20T11:28:41.303,161.003,24.61,174.71,0.1975,Fokus,Ma et al. (2s eye / 3s yaw),
2026-08-20T11:28:41.337,161.038,24.44,175.03,0.1912,Fokus,Ma et al. (2s eye / 3s yaw),
2026-08-20T11:28:41.365,161.066,25.33,175.16,0.1969,Fokus,Ma et al. (2s eye / 3s yaw),
2026-08-20T11:28:41.389,161.09,26.45,174.78,0.1954,Fokus,Ma et al. (2s eye / 3s yaw),
2026-08-20T11:28:41.432,161.133,26.74,174.96,0.2004,Fokus,Ma et al. (2s eye / 3s yaw),
2026-08-20T11:28:41.466,161.167,26.52,174.73,0.2071,Fokus,Ma et al. (2s eye / 3s yaw),
2026-08-20T11:28:41.497,161.198,26.49,174.7,0.2103,Fokus,Ma et al. (2s eye / 3s yaw),
2026-08-20T11:28:41.532,161.233,26.37,175.07,0.214,Fokus,Ma et al. (2s eye / 3s yaw),
2026-08-20T11:28:41.567,161.267,26.6,175.28,0.2167,Fokus,Ma et al. (2s eye / 3s yaw),
2026-08-20T11:28:41.600,161.301,26.77,175.27,0.2033,Fokus,Ma et al. (2s eye / 3s yaw),
2026-08-20T11:28:41.635,161.335,26.4,175.29,0.2068,Fokus,Ma et al. (2s eye / 3s yaw),
2026-08-20T11:28:41.668,161.369,26.01,175.36,0.2068,Fokus,Ma et al. (2s eye / 3s yaw),
2026-08-20T11:28:41.698,161.399,26.79,175.26,0.2162,Fokus,Ma et al. (2s eye / 3s yaw),
2026-08-20T11:28:41.733,161.433,27.82,175.22,0.2223,Fokus,Ma et al. (2s eye / 3s yaw),
2026-08-20T11:28:41.767,161.468,28.43,174.94,0.2248,Fokus,Ma et al. (2s eye / 3s yaw),
2026-08-20T11:28:41.802,161.502,29.3,174.75,0.2302,Fokus,Ma et al. (2s eye / 3s yaw),
2026-08-20T11:28:41.836,161.537,30.77,175.11,0.2346,Fokus,Ma et al. (2s eye / 3s yaw),
2026-08-20T11:28:41.869,161.57,31.77,174.56,0.241,Fokus,Ma et al. (2s eye / 3s yaw),
2026-08-20T11:28:41.902,161.602,33.16,173.49,0.2473,Fokus,Ma et al. (2s eye / 3s yaw),
2026-08-20T11:28:41.940,161.64,35.04,173.1,0.2606,Fokus,Ma et al. (2s eye / 3s yaw),
2026-08-20T11:28:41.974,161.675,38.19,172.14,0.2635,Fokus,Ma et al. (2s eye / 3s yaw),
2026-08-20T11:28:42.007,161.708,39.57,171.44,0.2991,Fokus,Ma et al. (2s eye / 3s yaw),
2026-08-20T11:28:42.041,161.742,41.37,169.78,0.307,Fokus,Ma et al. (2s eye / 3s yaw),
2026-08-20T11:28:42.076,161.777,43.24,168.98,0.3091,Fokus,Ma et al. (2s eye / 3s yaw),
2026-08-20T11:28:42.111,161.812,44.44,169.42,0.3276,Fokus,Ma et al. (2s eye / 3s yaw),
2026-08-20T11:28:42.145,161.846,44.89,168.96,0.3058,Fokus,Ma et al. (2s eye / 3s yaw),
2026-08-20T11:28:42.180,161.88,45.74,169.04,0.3078,Fokus,Ma et al. (2s eye / 3s yaw),
2026-08-20T11:28:42.214,161.915,56.07,156.67,0.3224,Fokus,Ma et al. (2s eye / 3s yaw),
2026-08-20T11:28:42.249,161.949,46.79,169.36,0.3219,Fokus,Ma et al. (2s eye / 3s yaw),
2026-08-20T11:28:42.283,161.984,46.4,169.89,0.3063,Fokus,Ma et al. (2s eye / 3s yaw),
2026-08-20T11:28:42.315,162.016,56.36,158.79,0.3012,Fokus,Ma et al. (2s eye / 3s yaw),
2026-08-20T11:28:42.337,162.038,46.94,170.54,0.3087,Fokus,Ma et al. (2s eye / 3s yaw),
2026-08-20T11:28:42.356,162.056,56.62,159.14,0.3188,Fokus,Ma et al. (2s eye / 3s yaw),
2026-08-20T11:28:42.403,162.103,56.54,159.33,0.3265,Fokus,Ma et al. (2s eye / 3s yaw),
2026-08-20T11:28:42.434,162.135,56.54,159.65,0.3286,Fokus,Ma et al. (2s eye / 3s yaw),
2026-08-20T11:28:42.471,162.172,56.98,160.17,0.3324,Fokus,Ma et al. (2s eye / 3s yaw),
2026-08-20T11:28:42.503,162.204,56.44,160.96,0.325,Fokus,Ma et al. (2s eye / 3s yaw),
2026-08-20T11:28:42.536,162.237,56.28,161.51,0.3173,Fokus,Ma et al. (2s eye / 3s yaw),
2026-08-20T11:28:42.569,162.27,56.07,161.84,0.3176,Fokus,Ma et al. (2s eye / 3s yaw),
2026-08-20T11:28:42.602,162.303,56.06,162.29,0.3154,Fokus,Ma et al. (2s eye / 3s yaw),
2026-08-20T11:28:42.635,162.335,55.95,162.33,0.315,Fokus,Ma et al. (2s eye / 3s yaw),
2026-08-20T11:28:42.671,162.372,55.82,162.56,0.3275,Fokus,Ma et al. (2s eye / 3s yaw),
2026-08-20T11:28:42.705,162.406,55.64,162.59,0.3304,Fokus,Ma et al. (2s eye / 3s yaw),
2026-08-20T11:28:42.740,162.441,55.54,163.18,0.3124,Fokus,Ma et al. (2s eye / 3s yaw),
2026-08-20T11:28:42.774,162.475,55.28,163.49,0.2969,Fokus,Ma et al. (2s eye / 3s yaw),
2026-08-20T11:28:42.809,162.509,55.05,163.39,0.3002,Fokus,Ma et al. (2s eye / 3s yaw),
2026-08-20T11:28:42.844,162.544,54.84,163.73,0.2987,Fokus,Ma et al. (2s eye / 3s yaw),
2026-08-20T11:28:42.878,162.579,45.77,174.1,0.3043,Fokus,Ma et al. (2s eye / 3s yaw),
2026-08-20T11:28:42.911,162.612,45.72,174.05,0.2947,Fokus,Ma et al. (2s eye / 3s yaw),
2026-08-20T11:28:42.946,162.647,54.4,163.93,0.3021,Fokus,Ma et al. (2s eye / 3s yaw),
2026-08-20T11:28:42.980,162.681,45.42,173.72,0.2965,Fokus,Ma et al. (2s eye / 3s yaw),
2026-08-20T11:28:43.015,162.715,54.43,164.14,0.2936,Fokus,Ma et al. (2s eye / 3s yaw),
2026-08-20T11:28:43.049,162.75,54.4,164.3,0.2938,Fokus,Ma et al. (2s eye / 3s yaw),
2026-08-20T11:28:43.084,162.784,54.08,164.23,0.2942,Fokus,Ma et al. (2s eye / 3s yaw),
2026-08-20T11:28:43.117,162.818,54.05,163.82,0.3053,Fokus,Ma et al. (2s eye / 3s yaw),
2026-08-20T11:28:43.150,162.851,53.69,164.11,0.3079,Fokus,Ma et al. (2s eye / 3s yaw),
2026-08-20T11:28:43.181,162.881,53.51,164.06,0.3093,Fokus,Ma et al. (2s eye / 3s yaw),
2026-08-20T11:28:43.213,162.913,53.15,164.62,0.3127,Fokus,Ma et al. (2s eye / 3s yaw),
2026-08-20T11:28:43.247,162.947,53.08,164.19,0.3022,Fokus,Ma et al. (2s eye / 3s yaw),
2026-08-20T11:28:43.281,162.981,53.13,163.77,0.3095,Fokus,Ma et al. (2s eye / 3s yaw),
2026-08-20T11:28:43.315,163.016,53.21,163.99,0.3126,Fokus,Ma et al. (2s eye / 3s yaw),
2026-08-20T11:28:43.349,163.05,53.28,163.85,0.311,Fokus,Ma et al. (2s eye / 3s yaw),
2026-08-20T11:28:43.383,163.084,52.61,163.85,0.3045,Fokus,Ma et al. (2s eye / 3s yaw),
2026-08-20T11:28:43.417,163.117,52.57,164.15,0.3057,Fokus,Ma et al. (2s eye / 3s yaw),
2026-08-20T11:28:43.451,163.152,52.52,163.93,0.3048,Fokus,Ma et al. (2s eye / 3s yaw),
2026-08-20T11:28:43.485,163.185,52.64,163.72,0.3034,Fokus,Ma et al. (2s eye / 3s yaw),
2026-08-20T11:28:43.517,163.218,52.66,163.66,0.3024,Fokus,Ma et al. (2s eye / 3s yaw),
2026-08-20T11:28:43.551,163.252,52.58,163.52,0.3008,Fokus,Ma et al. (2s eye / 3s yaw),
2026-08-20T11:28:43.586,163.287,52.53,163.41,0.3046,Fokus,Ma et al. (2s eye / 3s yaw),
2026-08-20T11:28:43.620,163.32,52.51,163.44,0.3019,Fokus,Ma et al. (2s eye / 3s yaw),
2026-08-20T11:28:43.653,163.353,52.34,163.41,0.2999,Fokus,Ma et al. (2s eye / 3s yaw),
2026-08-20T11:28:43.687,163.387,52.41,163.47,0.3008,Fokus,Ma et al. (2s eye / 3s yaw),
2026-08-20T11:28:43.721,163.421,43.83,172.58,0.3045,Fokus,Ma et al. (2s eye / 3s yaw),
2026-08-20T11:28:43.754,163.455,44.15,173.27,0.301,Fokus,Ma et al. (2s eye / 3s yaw),
2026-08-20T11:28:43.789,163.489,52.22,164.1,0.3047,Fokus,Ma et al. (2s eye / 3s yaw),
2026-08-20T11:28:43.822,163.523,52.09,164.05,0.3084,Fokus,Ma et al. (2s eye / 3s yaw),
2026-08-20T11:28:43.857,163.557,51.95,164.05,0.3079,Fokus,Ma et al. (2s eye / 3s yaw),
2026-08-20T11:28:43.890,163.591,51.94,163.95,0.3122,Fokus,Ma et al. (2s eye / 3s yaw),
2026-08-20T11:28:43.924,163.625,52.13,163.89,0.3159,Fokus,Ma et al. (2s eye / 3s yaw),
2026-08-20T11:28:43.959,163.66,52.2,163.99,0.3201,Fokus,Ma et al. (2s eye / 3s yaw),
2026-08-20T11:28:43.993,163.694,52.12,164.06,0.3111,Fokus,Ma et al. (2s eye / 3s yaw),
2026-08-20T11:28:44.027,163.727,51.93,163.93,0.3057,Fokus,Ma et al. (2s eye / 3s yaw),
2026-08-20T11:28:44.061,163.762,52.0,163.93,0.3062,Fokus,Ma et al. (2s eye / 3s yaw),
2026-08-20T11:28:44.096,163.796,52.11,164.0,0.3112,Fokus,Ma et al. (2s eye / 3s yaw),
2026-08-20T11:28:44.130,163.831,52.37,163.84,0.3115,Fokus,Ma et al. (2s eye / 3s yaw),
2026-08-20T11:28:44.165,163.865,52.35,163.73,0.3176,Fokus,Ma et al. (2s eye / 3s yaw),
2026-08-20T11:28:44.198,163.899,52.4,163.71,0.322,Fokus,Ma et al. (2s eye / 3s yaw),
2026-08-20T11:28:44.233,163.933,52.36,163.82,0.3235,Fokus,Ma et al. (2s eye / 3s yaw),
2026-08-20T11:28:44.268,163.968,52.25,163.92,0.3227,Fokus,Ma et al. (2s eye / 3s yaw),
2026-08-20T11:28:44.302,164.003,52.33,164.06,0.3271,Fokus,Ma et al. (2s eye / 3s yaw),
2026-08-20T11:28:44.334,164.034,52.37,164.12,0.3288,Fokus,Ma et al. (2s eye / 3s yaw),
2026-08-20T11:28:44.367,164.068,52.79,164.4,0.3264,Fokus,Ma et al. (2s eye / 3s yaw),
2026-08-20T11:28:44.401,164.101,52.92,164.36,0.326,Fokus,Ma et al. (2s eye / 3s yaw),
2026-08-20T11:28:44.434,164.135,52.91,164.55,0.3278,Fokus,Ma et al. (2s eye / 3s yaw),
2026-08-20T11:28:44.467,164.167,52.97,164.74,0.3297,Fokus,Ma et al. (2s eye / 3s yaw),
2026-08-20T11:28:44.501,164.201,52.83,164.62,0.3268,Fokus,Ma et al. (2s eye / 3s yaw),
2026-08-20T11:28:44.535,164.236,53.01,164.8,0.3279,Fokus,Ma et al. (2s eye / 3s yaw),
2026-08-20T11:28:44.570,164.27,53.08,164.79,0.3317,Fokus,Ma et al. (2s eye / 3s yaw),
2026-08-20T11:28:44.604,164.304,53.04,164.73,0.3324,Fokus,Ma et al. (2s eye / 3s yaw),
2026-08-20T11:28:44.637,164.338,53.28,164.87,0.335,Fokus,Ma et al. (2s eye / 3s yaw),
2026-08-20T11:28:44.671,164.372,53.32,165.13,0.3457,Fokus,Ma et al. (2s eye / 3s yaw),
2026-08-20T11:28:44.706,164.406,53.27,165.18,0.3403,Fokus,Ma et al. (2s eye / 3s yaw),
2026-08-20T11:28:44.738,164.438,53.29,165.09,0.3399,Fokus,Ma et al. (2s eye / 3s yaw),
2026-08-20T11:28:44.772,164.472,53.51,165.17,0.3403,Fokus,Ma et al. (2s eye / 3s yaw),
2026-08-20T11:28:44.806,164.506,53.46,165.3,0.3454,Fokus,Ma et al. (2s eye / 3s yaw),
2026-08-20T11:28:44.840,164.541,53.47,165.25,0.3452,Teralih,Ma et al. (2s eye / 3s yaw),
2026-08-20T11:28:44.874,164.574,44.97,174.02,0.3471,Teralih,Ma et al. (2s eye / 3s yaw),
2026-08-20T11:28:44.908,164.609,53.42,165.2,0.3442,Teralih,Ma et al. (2s eye / 3s yaw),
2026-08-20T11:28:44.942,164.643,44.74,174.09,0.345,Teralih,Ma et al. (2s eye / 3s yaw),
2026-08-20T11:28:44.977,164.678,53.15,164.97,0.3302,Teralih,Ma et al. (2s eye / 3s yaw),
2026-08-20T11:28:45.012,164.713,52.88,164.55,0.3172,Teralih,Ma et al. (2s eye / 3s yaw),
2026-08-20T11:28:45.047,164.747,52.62,165.0,0.2881,Teralih,Ma et al. (2s eye / 3s yaw),
2026-08-20T11:28:45.080,164.781,50.3,164.0,0.2482,Teralih,Ma et al. (2s eye / 3s yaw),
2026-08-20T11:28:45.114,164.815,46.23,163.3,0.231,Teralih,Ma et al. (2s eye / 3s yaw),
2026-08-20T11:28:45.148,164.848,33.77,172.94,0.2144,Teralih,Ma et al. (2s eye / 3s yaw),
2026-08-20T11:28:45.181,164.882,32.02,174.66,0.1548,Teralih,Ma et al. (2s eye / 3s yaw),
2026-08-20T11:28:45.216,164.916,29.98,174.17,0.1672,Fokus,Ma et al. (2s eye / 3s yaw),
2026-08-20T11:28:45.250,164.951,27.89,174.94,0.2151,Fokus,Ma et al. (2s eye / 3s yaw),
2026-08-20T11:28:45.286,164.986,22.86,175.54,0.2227,Fokus,Ma et al. (2s eye / 3s yaw),
2026-08-20T11:28:45.320,165.021,19.89,175.98,0.231,Fokus,Ma et al. (2s eye / 3s yaw),
2026-08-20T11:28:45.356,165.057,15.07,175.67,0.2187,Fokus,Ma et al. (2s eye / 3s yaw),
2026-08-20T11:28:45.391,165.092,10.0,174.85,0.1689,Fokus,Ma et al. (2s eye / 3s yaw),
2026-08-20T11:28:45.427,165.127,2.61,174.28,0.0877,Fokus,Ma et al. (2s eye / 3s yaw),
2026-08-20T11:28:45.462,165.162,-3.29,174.85,0.0742,Fokus,Ma et al. (2s eye / 3s yaw),
2026-08-20T11:28:45.497,165.198,-12.38,175.96,0.1521,Fokus,Ma et al. (2s eye / 3s yaw),
2026-08-20T11:28:45.532,165.233,-16.85,175.68,0.1713,Fokus,Ma et al. (2s eye / 3s yaw),
2026-08-20T11:28:45.568,165.269,-20.09,175.42,0.1836,Fokus,Ma et al. (2s eye / 3s yaw),
2026-08-20T11:28:45.604,165.304,-23.15,175.7,0.207,Fokus,Ma et al. (2s eye / 3s yaw),
2026-08-20T11:28:45.638,165.338,-22.88,175.38,0.2385,Fokus,Ma et al. (2s eye / 3s yaw),
2026-08-20T11:28:45.672,165.372,-23.92,175.91,0.2607,Fokus,Ma et al. (2s eye / 3s yaw),
2026-08-20T11:28:45.705,165.406,-22.96,175.62,0.2791,Fokus,Ma et al. (2s eye / 3s yaw),
2026-08-20T11:28:45.740,165.441,-23.29,175.73,0.2951,Fokus,Ma et al. (2s eye / 3s yaw),
2026-08-20T11:28:45.774,165.474,-23.56,175.4,0.2973,Fokus,Ma et al. (2s eye / 3s yaw),
2026-08-20T11:28:45.806,165.507,-24.27,174.93,0.2974,Fokus,Ma et al. (2s eye / 3s yaw),
2026-08-20T11:28:45.834,165.535,-22.06,173.58,0.2839,Fokus,Ma et al. (2s eye / 3s yaw),
2026-08-20T11:28:45.868,165.569,-24.0,173.64,0.2981,Fokus,Ma et al. (2s eye / 3s yaw),
2026-08-20T11:28:45.903,165.604,-26.81,174.02,0.3126,Fokus,Ma et al. (2s eye / 3s yaw),
2026-08-20T11:28:45.938,165.639,-28.33,173.73,0.3269,Fokus,Ma et al. (2s eye / 3s yaw),
2026-08-20T11:28:45.977,165.678,-41.55,163.09,0.3339,Fokus,Ma et al. (2s eye / 3s yaw),
2026-08-20T11:28:46.011,165.712,-30.89,171.93,0.3322,Fokus,Ma et al. (2s eye / 3s yaw),
2026-08-20T11:28:46.047,165.747,-39.06,66.6,0.347,Fokus,Ma et al. (2s eye / 3s yaw),
2026-08-20T11:28:46.083,165.783,-50.68,153.13,0.3328,Fokus,Ma et al. (2s eye / 3s yaw),
2026-08-20T11:28:46.114,165.815,-53.45,151.66,0.3589,Fokus,Ma et al. (2s eye / 3s yaw),
2026-08-20T11:28:46.143,165.844,-56.24,150.06,0.3752,Fokus,Ma et al. (2s eye / 3s yaw),
2026-08-20T11:28:46.179,165.88,39.34,-160.18,0.4297,Fokus,Ma et al. (2s eye / 3s yaw),
2026-08-20T11:28:46.216,165.916,0.58,-98.81,0.4425,Fokus,Ma et al. (2s eye / 3s yaw),
2026-08-20T11:28:46.251,165.952,32.14,-81.3,0.4945,Fokus,Ma et al. (2s eye / 3s yaw),
2026-08-20T11:28:46.286,165.986,55.45,-152.68,0.5119,Fokus,Ma et al. (2s eye / 3s yaw),
2026-08-20T11:28:46.319,166.02,59.33,-151.53,0.4548,Fokus,Ma et al. (2s eye / 3s yaw),
2026-08-20T11:28:46.354,166.055,60.12,-153.28,0.4228,Fokus,Ma et al. (2s eye / 3s yaw),
2026-08-20T11:28:46.375,166.075,57.85,-154.58,0.4674,Fokus,Ma et al. (2s eye / 3s yaw),
2026-08-20T11:28:46.394,166.095,55.04,-156.62,0.4694,Fokus,Ma et al. (2s eye / 3s yaw),
2026-08-20T11:28:46.418,166.118,57.87,-156.25,0.4995,Fokus,Ma et al. (2s eye / 3s yaw),
2026-08-20T11:28:46.451,166.152,60.35,-155.8,0.5257,Fokus,Ma et al. (2s eye / 3s yaw),
2026-08-20T11:28:46.476,166.177,63.33,-153.15,0.5456,Fokus,Ma et al. (2s eye / 3s yaw),
2026-08-20T11:28:46.501,166.201,68.04,-149.95,0.5525,Fokus,Ma et al. (2s eye / 3s yaw),
2026-08-20T11:28:46.534,166.235,68.13,-151.31,0.4757,Fokus,Ma et al. (2s eye / 3s yaw),
2026-08-20T11:28:46.569,166.27,68.69,-151.78,0.4528,Fokus,Ma et al. (2s eye / 3s yaw),
2026-08-20T11:28:46.603,166.304,71.52,-149.35,0.4883,Fokus,Ma et al. (2s eye / 3s yaw),
2026-08-20T11:28:46.638,166.339,75.13,-145.87,0.5332,Fokus,Ma et al. (2s eye / 3s yaw),
2026-08-20T11:28:46.673,166.373,76.85,-143.45,0.5948,Fokus,Ma et al. (2s eye / 3s yaw),
2026-08-20T11:28:46.702,166.403,,,,Tidak Hadir,Ma et al. (2s eye / 3s yaw),
2026-08-20T11:28:46.730,166.43,,,,Tidak Hadir,Ma et al. (2s eye / 3s yaw),
2026-08-20T11:28:46.752,166.453,,,,Tidak Hadir,Ma et al. (2s eye / 3s yaw),
2026-08-20T11:28:46.790,166.491,,,,Tidak Hadir,Ma et al. (2s eye / 3s yaw),
2026-08-20T11:28:46.822,166.523,,,,Tidak Hadir,Ma et al. (2s eye / 3s yaw),
2026-08-20T11:28:46.858,166.559,,,,Tidak Hadir,Ma et al. (2s eye / 3s yaw),
2026-08-20T11:28:46.890,166.59,,,,Tidak Hadir,Ma et al. (2s eye / 3s yaw),
2026-08-20T11:28:46.926,166.627,,,,Tidak Hadir,Ma et al. (2s eye / 3s yaw),
2026-08-20T11:28:46.959,166.66,,,,Tidak Hadir,Ma et al. (2s eye / 3s yaw),
2026-08-20T11:28:46.991,166.692,,,,Tidak Hadir,Ma et al. (2s eye / 3s yaw),
2026-08-20T11:28:47.026,166.727,,,,Tidak Hadir,Ma et al. (2s eye / 3s yaw),
2026-08-20T11:28:47.059,166.76,,,,Tidak Hadir,Ma et al. (2s eye / 3s yaw),
2026-08-20T11:28:47.088,166.789,,,,Tidak Hadir,Ma et al. (2s eye / 3s yaw),
2026-08-20T11:28:47.125,166.825,,,,Tidak Hadir,Ma et al. (2s eye / 3s yaw),
2026-08-20T11:28:47.152,166.852,,,,Tidak Hadir,Ma et al. (2s eye / 3s yaw),
2026-08-20T11:28:47.195,166.895,,,,Tidak Hadir,Ma et al. (2s eye / 3s yaw),
2026-08-20T11:28:47.227,166.928,,,,Tidak Hadir,Ma et al. (2s eye / 3s yaw),
2026-08-20T11:28:47.260,166.961,,,,Tidak Hadir,Ma et al. (2s eye / 3s yaw),
2026-08-20T11:28:47.294,166.994,,,,Tidak Hadir,Ma et al. (2s eye / 3s yaw),
2026-08-20T11:28:47.324,167.024,,,,Tidak Hadir,Ma et al. (2s eye / 3s yaw),
2026-08-20T11:28:47.350,167.05,,,,Tidak Hadir,Ma et al. (2s eye / 3s yaw),
2026-08-20T11:28:47.393,167.093,,,,Tidak Hadir,Ma et al. (2s eye / 3s yaw),
2026-08-20T11:28:47.418,167.118,,,,Tidak Hadir,Ma et al. (2s eye / 3s yaw),
2026-08-20T11:28:47.462,167.163,,,,Tidak Hadir,Ma et al. (2s eye / 3s yaw),
2026-08-20T11:28:47.492,167.193,,,,Tidak Hadir,Ma et al. (2s eye / 3s yaw),
2026-08-20T11:28:47.524,167.225,,,,Tidak Hadir,Ma et al. (2s eye / 3s yaw),
2026-08-20T11:28:47.563,167.263,,,,Tidak Hadir,Ma et al. (2s eye / 3s yaw),
2026-08-20T11:28:47.594,167.295,,,,Tidak Hadir,Ma et al. (2s eye / 3s yaw),
2026-08-20T11:28:47.634,167.335,0.11,-99.41,0.4982,Fokus,Ma et al. (2s eye / 3s yaw),
2026-08-20T11:28:47.669,167.37,72.45,-112.6,0.4289,Fokus,Ma et al. (2s eye / 3s yaw),
2026-08-20T11:28:47.698,167.399,,,,Tidak Hadir,Ma et al. (2s eye / 3s yaw),
2026-08-20T11:28:47.726,167.427,,,,Tidak Hadir,Ma et al. (2s eye / 3s yaw),
2026-08-20T11:28:47.761,167.462,,,,Tidak Hadir,Ma et al. (2s eye / 3s yaw),
2026-08-20T11:28:47.793,167.494,,,,Tidak Hadir,Ma et al. (2s eye / 3s yaw),
2026-08-20T11:28:47.830,167.53,,,,Tidak Hadir,Ma et al. (2s eye / 3s yaw),
2026-08-20T11:28:47.862,167.563,,,,Tidak Hadir,Ma et al. (2s eye / 3s yaw),
2026-08-20T11:28:47.895,167.595,,,,Tidak Hadir,Ma et al. (2s eye / 3s yaw),
2026-08-20T11:28:47.930,167.631,,,,Tidak Hadir,Ma et al. (2s eye / 3s yaw),
2026-08-20T11:28:47.962,167.663,,,,Tidak Hadir,Ma et al. (2s eye / 3s yaw),
2026-08-20T11:28:47.999,167.7,,,,Tidak Hadir,Ma et al. (2s eye / 3s yaw),
2026-08-20T11:28:48.032,167.733,,,,Tidak Hadir,Ma et al. (2s eye / 3s yaw),
2026-08-20T11:28:48.066,167.767,,,,Tidak Hadir,Ma et al. (2s eye / 3s yaw),
2026-08-20T11:28:48.099,167.8,,,,Tidak Hadir,Ma et al. (2s eye / 3s yaw),
2026-08-20T11:28:48.132,167.833,,,,Tidak Hadir,Ma et al. (2s eye / 3s yaw),
2026-08-20T11:28:48.170,167.871,-64.03,165.5,0.4818,Fokus,Ma et al. (2s eye / 3s yaw),
2026-08-20T11:28:48.198,167.898,-63.7,164.68,0.4504,Fokus,Ma et al. (2s eye / 3s yaw),
2026-08-20T11:28:48.220,167.92,-66.68,153.17,0.437,Fokus,Ma et al. (2s eye / 3s yaw),
2026-08-20T11:28:48.267,167.967,-65.25,153.02,0.4366,Fokus,Ma et al. (2s eye / 3s yaw),
2026-08-20T11:28:48.291,167.992,-64.93,154.36,0.3857,Fokus,Ma et al. (2s eye / 3s yaw),
2026-08-20T11:28:48.331,168.032,-64.48,154.31,0.3088,Fokus,Ma et al. (2s eye / 3s yaw),
2026-08-20T11:28:48.368,168.068,-63.57,154.82,0.2771,Fokus,Ma et al. (2s eye / 3s yaw),
2026-08-20T11:28:48.401,168.102,-62.38,153.54,0.3012,Fokus,Ma et al. (2s eye / 3s yaw),
2026-08-20T11:28:48.435,168.136,50.08,-156.34,0.3689,Fokus,Ma et al. (2s eye / 3s yaw),
2026-08-20T11:28:48.465,168.165,-54.59,134.61,0.3584,Fokus,Ma et al. (2s eye / 3s yaw),
2026-08-20T11:28:48.496,168.197,-60.13,149.16,0.3746,Fokus,Ma et al. (2s eye / 3s yaw),
2026-08-20T11:28:48.532,168.233,29.36,-167.18,0.416,Fokus,Ma et al. (2s eye / 3s yaw),
2026-08-20T11:28:48.560,168.26,0.08,-169.36,0.4492,Fokus,Ma et al. (2s eye / 3s yaw),
2026-08-20T11:28:48.600,168.3,43.23,-157.14,0.4729,Fokus,Ma et al. (2s eye / 3s yaw),
2026-08-20T11:28:48.636,168.337,37.84,-159.86,0.4941,Fokus,Ma et al. (2s eye / 3s yaw),
2026-08-20T11:28:48.671,168.372,44.76,-155.48,0.4756,Fokus,Ma et al. (2s eye / 3s yaw),
2026-08-20T11:28:48.702,168.403,42.24,-156.84,0.4652,Fokus,Ma et al. (2s eye / 3s yaw),
2026-08-20T11:28:48.733,168.434,43.67,-155.26,0.4617,Fokus,Ma et al. (2s eye / 3s yaw),
2026-08-20T11:28:48.769,168.469,-26.86,166.97,0.4396,Fokus,Ma et al. (2s eye / 3s yaw),
2026-08-20T11:28:48.804,168.504,0.02,-169.26,0.3751,Fokus,Ma et al. (2s eye / 3s yaw),
2026-08-20T11:28:48.837,168.538,37.66,-159.19,0.3356,Fokus,Ma et al. (2s eye / 3s yaw),
2026-08-20T11:28:48.872,168.573,0.09,-169.33,0.2989,Fokus,Ma et al. (2s eye / 3s yaw),
2026-08-20T11:28:48.899,168.6,67.13,-65.64,0.2946,Fokus,Ma et al. (2s eye / 3s yaw),
2026-08-20T11:28:48.935,168.635,48.62,-152.67,0.3164,Fokus,Ma et al. (2s eye / 3s yaw),
2026-08-20T11:28:48.971,168.671,49.57,-121.45,0.3483,Fokus,Ma et al. (2s eye / 3s yaw),
2026-08-20T11:28:49.007,168.708,48.31,-150.86,0.3666,Fokus,Ma et al. (2s eye / 3s yaw),
2026-08-20T11:28:49.042,168.742,19.5,-114.59,0.3709,Fokus,Ma et al. (2s eye / 3s yaw),
2026-08-20T11:28:49.077,168.778,-49.95,159.34,0.3807,Fokus,Ma et al. (2s eye / 3s yaw),
2026-08-20T11:28:49.106,168.807,17.77,-169.17,0.3925,Fokus,Ma et al. (2s eye / 3s yaw),
2026-08-20T11:28:49.138,168.839,6.47,-174.35,0.3806,Fokus,Ma et al. (2s eye / 3s yaw),
2026-08-20T11:28:49.174,168.875,39.16,-157.69,0.3894,Fokus,Ma et al. (2s eye / 3s yaw),
2026-08-20T11:28:49.209,168.91,16.89,-170.08,0.3866,Fokus,Ma et al. (2s eye / 3s yaw),
2026-08-20T11:28:49.245,168.946,37.38,-158.8,0.3883,Fokus,Ma et al. (2s eye / 3s yaw),
2026-08-20T11:28:49.281,168.982,43.4,-151.66,0.3873,Fokus,Ma et al. (2s eye / 3s yaw),
2026-08-20T11:28:49.318,169.019,34.03,-162.17,0.3739,Fokus,Ma et al. (2s eye / 3s yaw),
2026-08-20T11:28:49.352,169.053,35.64,-161.67,0.3733,Fokus,Ma et al. (2s eye / 3s yaw),
2026-08-20T11:28:49.388,169.088,-0.04,-169.25,0.3728,Fokus,Ma et al. (2s eye / 3s yaw),
2026-08-20T11:28:49.423,169.124,0.45,-99.87,0.377,Fokus,Ma et al. (2s eye / 3s yaw),
2026-08-20T11:28:49.459,169.16,42.89,-158.87,0.3919,Fokus,Ma et al. (2s eye / 3s yaw),
2026-08-20T11:28:49.495,169.196,-0.16,-169.09,0.3979,Fokus,Ma et al. (2s eye / 3s yaw),
2026-08-20T11:28:49.530,169.231,53.7,-154.99,0.3741,Fokus,Ma et al. (2s eye / 3s yaw),
2026-08-20T11:28:49.566,169.266,53.96,-156.12,0.3938,Fokus,Ma et al. (2s eye / 3s yaw),
2026-08-20T11:28:49.602,169.303,60.0,-151.55,0.3393,Fokus,Ma et al. (2s eye / 3s yaw),
2026-08-20T11:28:49.638,169.338,58.42,-154.62,0.4046,Fokus,Ma et al. (2s eye / 3s yaw),
2026-08-20T11:28:49.673,169.374,68.03,-141.09,0.4626,Fokus,Ma et al. (2s eye / 3s yaw),
2026-08-20T11:28:49.702,169.402,,,,Tidak Hadir,Ma et al. (2s eye / 3s yaw),
2026-08-20T11:28:49.733,169.434,,,,Tidak Hadir,Ma et al. (2s eye / 3s yaw),
2026-08-20T11:28:49.765,169.466,,,,Tidak Hadir,Ma et al. (2s eye / 3s yaw),
2026-08-20T11:28:49.797,169.498,,,,Tidak Hadir,Ma et al. (2s eye / 3s yaw),
2026-08-20T11:28:49.827,169.528,,,,Tidak Hadir,Ma et al. (2s eye / 3s yaw),
2026-08-20T11:28:49.859,169.559,,,,Tidak Hadir,Ma et al. (2s eye / 3s yaw),
2026-08-20T11:28:49.889,169.59,,,,Tidak Hadir,Ma et al. (2s eye / 3s yaw),
2026-08-20T11:28:49.919,169.62,,,,Tidak Hadir,Ma et al. (2s eye / 3s yaw),
2026-08-20T11:28:49.951,169.652,,,,Tidak Hadir,Ma et al. (2s eye / 3s yaw),
2026-08-20T11:28:49.982,169.683,,,,Tidak Hadir,Ma et al. (2s eye / 3s yaw),
2026-08-20T11:28:50.015,169.715,,,,Tidak Hadir,Ma et al. (2s eye / 3s yaw),
2026-08-20T11:28:50.039,169.739,,,,Tidak Hadir,Ma et al. (2s eye / 3s yaw),
2026-08-20T11:28:50.062,169.763,,,,Tidak Hadir,Ma et al. (2s eye / 3s yaw),
2026-08-20T11:28:50.105,169.806,,,,Tidak Hadir,Ma et al. (2s eye / 3s yaw),
2026-08-20T11:28:50.142,169.842,,,,Tidak Hadir,Ma et al. (2s eye / 3s yaw),
2026-08-20T11:28:50.174,169.874,,,,Tidak Hadir,Ma et al. (2s eye / 3s yaw),
2026-08-20T11:28:50.203,169.904,,,,Tidak Hadir,Ma et al. (2s eye / 3s yaw),
2026-08-20T11:28:50.248,169.948,71.96,149.14,0.303,Fokus,Ma et al. (2s eye / 3s yaw),
2026-08-20T11:28:50.281,169.981,33.09,-160.68,0.2323,Fokus,Ma et al. (2s eye / 3s yaw),
2026-08-20T11:28:50.315,170.015,64.85,-111.78,0.2097,Fokus,Ma et al. (2s eye / 3s yaw),
2026-08-20T11:28:50.341,170.042,-51.66,148.33,0.2308,Fokus,Ma et al. (2s eye / 3s yaw),
2026-08-20T11:28:50.373,170.073,-34.09,164.28,0.2324,Fokus,Ma et al. (2s eye / 3s yaw),
2026-08-20T11:28:50.412,170.113,-28.96,162.75,0.2185,Fokus,Ma et al. (2s eye / 3s yaw),
2026-08-20T11:28:50.446,170.147,-26.67,164.65,0.2506,Fokus,Ma et al. (2s eye / 3s yaw),
2026-08-20T11:28:50.473,170.174,-25.88,166.62,0.2713,Fokus,Ma et al. (2s eye / 3s yaw),
2026-08-20T11:28:50.507,170.208,-25.07,167.43,0.292,Fokus,Ma et al. (2s eye / 3s yaw),
2026-08-20T11:28:50.538,170.238,-23.99,168.44,0.2915,Fokus,Ma et al. (2s eye / 3s yaw),
2026-08-20T11:28:50.574,170.275,-23.56,168.11,0.2863,Fokus,Ma et al. (2s eye / 3s yaw),
2026-08-20T11:28:50.612,170.312,-23.47,168.53,0.2905,Fokus,Ma et al. (2s eye / 3s yaw),
2026-08-20T11:28:50.637,170.337,-23.08,169.08,0.2913,Fokus,Ma et al. (2s eye / 3s yaw),
2026-08-20T11:28:50.678,170.379,-22.87,169.73,0.285,Fokus,Ma et al. (2s eye / 3s yaw),
2026-08-20T11:28:50.703,170.403,-22.73,169.87,0.2908,Fokus,Ma et al. (2s eye / 3s yaw),
2026-08-20T11:28:50.743,170.444,-23.05,170.01,0.2971,Fokus,Ma et al. (2s eye / 3s yaw),
2026-08-20T11:28:50.781,170.481,-23.6,170.55,0.3134,Fokus,Ma et al. (2s eye / 3s yaw),
2026-08-20T11:28:50.808,170.509,-23.8,170.75,0.3121,Fokus,Ma et al. (2s eye / 3s yaw),
2026-08-20T11:28:50.844,170.545,-23.93,170.62,0.3103,Fokus,Ma et al. (2s eye / 3s yaw),
2026-08-20T11:28:50.880,170.581,-23.66,170.18,0.3119,Fokus,Ma et al. (2s eye / 3s yaw),
2026-08-20T11:28:50.914,170.614,-23.58,170.14,0.3086,Fokus,Ma et al. (2s eye / 3s yaw),
2026-08-20T11:28:50.948,170.649,-23.72,169.75,0.2923,Fokus,Ma et al. (2s eye / 3s yaw),
2026-08-20T11:28:50.982,170.683,-23.45,169.65,0.2837,Fokus,Ma et al. (2s eye / 3s yaw),
2026-08-20T11:28:51.016,170.717,-21.87,170.01,0.2796,Fokus,Ma et al. (2s eye / 3s yaw),
2026-08-20T11:28:51.051,170.752,-20.67,170.7,0.2785,Fokus,Ma et al. (2s eye / 3s yaw),
2026-08-20T11:28:51.086,170.786,-20.65,171.42,0.2823,Fokus,Ma et al. (2s eye / 3s yaw),
2026-08-20T11:28:51.118,170.819,-18.73,171.65,0.2844,Fokus,Ma et al. (2s eye / 3s yaw),
2026-08-20T11:28:51.153,170.853,-17.83,172.0,0.274,Fokus,Ma et al. (2s eye / 3s yaw),
2026-08-20T11:28:51.187,170.888,-16.73,172.28,0.2788,Fokus,Ma et al. (2s eye / 3s yaw),
2026-08-20T11:28:51.222,170.923,-13.88,172.16,0.2824,Fokus,Ma et al. (2s eye / 3s yaw),
2026-08-20T11:28:51.256,170.956,-11.65,171.95,0.2918,Fokus,Ma et al. (2s eye / 3s yaw),
2026-08-20T11:28:51.291,170.991,-11.04,171.59,0.2896,Fokus,Ma et al. (2s eye / 3s yaw),
2026-08-20T11:28:51.326,171.027,-9.72,171.67,0.3036,Fokus,Ma et al. (2s eye / 3s yaw),
2026-08-20T11:28:51.362,171.063,-7.76,171.9,0.3141,Fokus,Ma et al. (2s eye / 3s yaw),
2026-08-20T11:28:51.389,171.089,-4.18,171.74,0.3124,Fokus,Ma et al. (2s eye / 3s yaw),
2026-08-20T11:28:51.408,171.108,-1.97,170.8,0.3164,Fokus,Ma et al. (2s eye / 3s yaw),
2026-08-20T11:28:51.445,171.145,-0.33,170.37,0.3168,Fokus,Ma et al. (2s eye / 3s yaw),
2026-08-20T11:28:51.484,171.185,0.7,170.59,0.3098,Fokus,Ma et al. (2s eye / 3s yaw),
2026-08-20T11:28:51.520,171.221,2.99,171.27,0.3016,Fokus,Ma et al. (2s eye / 3s yaw),
2026-08-20T11:28:51.556,171.256,2.36,171.31,0.302,Fokus,Ma et al. (2s eye / 3s yaw),
2026-08-20T11:28:51.590,171.291,3.77,171.41,0.3129,Fokus,Ma et al. (2s eye / 3s yaw),
2026-08-20T11:28:51.625,171.326,5.02,171.44,0.3102,Fokus,Ma et al. (2s eye / 3s yaw),
2026-08-20T11:28:51.660,171.361,5.25,171.47,0.3126,Fokus,Ma et al. (2s eye / 3s yaw),
2026-08-20T11:28:51.696,171.396,6.46,171.8,0.3095,Fokus,Ma et al. (2s eye / 3s yaw),
2026-08-20T11:28:51.730,171.431,7.63,171.62,0.3037,Fokus,Ma et al. (2s eye / 3s yaw),
2026-08-20T11:28:51.765,171.466,7.62,170.74,0.3087,Fokus,Ma et al. (2s eye / 3s yaw),
2026-08-20T11:28:51.800,171.5,9.26,170.81,0.3098,Fokus,Ma et al. (2s eye / 3s yaw),
2026-08-20T11:28:51.835,171.535,9.53,170.59,0.3141,Fokus,Ma et al. (2s eye / 3s yaw),
2026-08-20T11:28:51.866,171.567,8.55,169.67,0.3175,Fokus,Ma et al. (2s eye / 3s yaw),
2026-08-20T11:28:51.892,171.592,9.13,170.14,0.3075,Fokus,Ma et al. (2s eye / 3s yaw),
2026-08-20T11:28:51.912,171.612,8.95,169.57,0.3082,Fokus,Ma et al. (2s eye / 3s yaw),
2026-08-20T11:28:51.945,171.645,9.12,169.1,0.3194,Fokus,Ma et al. (2s eye / 3s yaw),
2026-08-20T11:28:51.983,171.683,9.04,169.11,0.3183,Fokus,Ma et al. (2s eye / 3s yaw),
2026-08-20T11:28:52.021,171.721,8.73,168.78,0.3123,Fokus,Ma et al. (2s eye / 3s yaw),
2026-08-20T11:28:52.057,171.757,8.66,168.26,0.3238,Fokus,Ma et al. (2s eye / 3s yaw),
2026-08-20T11:28:52.091,171.792,9.61,168.7,0.3165,Fokus,Ma et al. (2s eye / 3s yaw),
2026-08-20T11:28:52.127,171.827,10.62,168.89,0.3157,Fokus,Ma et al. (2s eye / 3s yaw),
2026-08-20T11:28:52.161,171.861,11.67,169.2,0.3172,Fokus,Ma et al. (2s eye / 3s yaw),
2026-08-20T11:28:52.195,171.895,11.89,169.28,0.3185,Fokus,Ma et al. (2s eye / 3s yaw),
2026-08-20T11:28:52.229,171.93,11.85,169.51,0.3213,Fokus,Ma et al. (2s eye / 3s yaw),
2026-08-20T11:28:52.257,171.958,12.26,169.63,0.3233,Fokus,Ma et al. (2s eye / 3s yaw),
2026-08-20T11:28:52.287,171.987,12.36,169.67,0.3209,Fokus,Ma et al. (2s eye / 3s yaw),
2026-08-20T11:28:52.318,172.019,13.15,169.68,0.3216,Fokus,Ma et al. (2s eye / 3s yaw),
2026-08-20T11:28:52.352,172.052,12.59,169.26,0.3223,Fokus,Ma et al. (2s eye / 3s yaw),
2026-08-20T11:28:52.389,172.09,12.52,169.15,0.3202,Fokus,Ma et al. (2s eye / 3s yaw),
2026-08-20T11:28:52.425,172.125,11.45,167.91,0.2697,Fokus,Ma et al. (2s eye / 3s yaw),
2026-08-20T11:28:52.460,172.16,10.66,166.33,0.1954,Fokus,Ma et al. (2s eye / 3s yaw),
2026-08-20T11:28:52.495,172.196,9.8,164.96,0.2017,Fokus,Ma et al. (2s eye / 3s yaw),
2026-08-20T11:28:52.531,172.231,9.72,164.41,0.2177,Fokus,Ma et al. (2s eye / 3s yaw),
2026-08-20T11:28:52.565,172.266,9.32,163.8,0.2674,Fokus,Ma et al. (2s eye / 3s yaw),
2026-08-20T11:28:52.600,172.301,9.45,163.11,0.2869,Fokus,Ma et al. (2s eye / 3s yaw),
2026-08-20T11:28:52.632,172.333,10.06,162.27,0.2942,Fokus,Ma et al. (2s eye / 3s yaw),
2026-08-20T11:28:52.662,172.363,10.22,161.76,0.2771,Fokus,Ma et al. (2s eye / 3s yaw),
2026-08-20T11:28:52.696,172.396,10.82,161.1,0.2693,Fokus,Ma et al. (2s eye / 3s yaw),
2026-08-20T11:28:52.718,172.419,11.29,160.13,0.2947,Fokus,Ma et al. (2s eye / 3s yaw),
2026-08-20T11:28:52.753,172.454,11.9,159.51,0.2919,Fokus,Ma et al. (2s eye / 3s yaw),
2026-08-20T11:28:52.786,172.487,12.6,159.65,0.2946,Fokus,Ma et al. (2s eye / 3s yaw),
2026-08-20T11:28:52.824,172.524,13.1,158.63,0.2991,Fokus,Ma et al. (2s eye / 3s yaw),
2026-08-20T11:28:52.858,172.558,15.75,158.53,0.2991,Fokus,Ma et al. (2s eye / 3s yaw),
2026-08-20T11:28:52.894,172.594,18.22,159.1,0.2928,Fokus,Ma et al. (2s eye / 3s yaw),
2026-08-20T11:28:52.927,172.628,19.54,157.47,0.2874,Fokus,Ma et al. (2s eye / 3s yaw),
2026-08-20T11:28:52.961,172.661,23.33,158.16,0.2752,Fokus,Ma et al. (2s eye / 3s yaw),
2026-08-20T11:28:52.994,172.695,26.66,158.34,0.2673,Fokus,Ma et al. (2s eye / 3s yaw),
2026-08-20T11:28:53.029,172.729,28.05,158.23,0.2593,Fokus,Ma et al. (2s eye / 3s yaw),
2026-08-20T11:28:53.064,172.764,27.92,158.37,0.2554,Fokus,Ma et al. (2s eye / 3s yaw),
2026-08-20T11:28:53.097,172.798,27.05,158.17,0.2508,Fokus,Ma et al. (2s eye / 3s yaw),
2026-08-20T11:28:53.121,172.822,27.09,158.61,0.255,Fokus,Ma et al. (2s eye / 3s yaw),
2026-08-20T11:28:53.144,172.845,26.46,158.74,0.2567,Fokus,Ma et al. (2s eye / 3s yaw),
2026-08-20T11:28:53.192,172.893,35.37,145.32,0.2613,Fokus,Ma et al. (2s eye / 3s yaw),
2026-08-20T11:28:53.227,172.927,24.34,158.54,0.2347,Fokus,Ma et al. (2s eye / 3s yaw),
2026-08-20T11:28:53.261,172.962,23.34,159.4,0.2458,Fokus,Ma et al. (2s eye / 3s yaw),
2026-08-20T11:28:53.295,172.996,21.96,158.21,0.2259,Fokus,Ma et al. (2s eye / 3s yaw),
2026-08-20T11:28:53.328,173.028,21.03,159.02,0.2446,Fokus,Ma et al. (2s eye / 3s yaw),
2026-08-20T11:28:53.362,173.063,19.75,158.7,0.2419,Fokus,Ma et al. (2s eye / 3s yaw),
2026-08-20T11:28:53.394,173.095,17.59,156.91,0.2354,Fokus,Ma et al. (2s eye / 3s yaw),
2026-08-20T11:28:53.428,173.129,15.83,156.5,0.2358,Fokus,Ma et al. (2s eye / 3s yaw),
2026-08-20T11:28:53.462,173.163,14.66,155.29,0.2333,Fokus,Ma et al. (2s eye / 3s yaw),
2026-08-20T11:28:53.497,173.198,13.66,155.34,0.2302,Fokus,Ma et al. (2s eye / 3s yaw),
2026-08-20T11:28:53.531,173.232,14.38,156.08,0.2242,Fokus,Ma et al. (2s eye / 3s yaw),
2026-08-20T11:28:53.566,173.267,12.04,154.91,0.2173,Fokus,Ma et al. (2s eye / 3s yaw),
2026-08-20T11:28:53.601,173.301,10.91,153.36,0.2205,Fokus,Ma et al. (2s eye / 3s yaw),
2026-08-20T11:28:53.636,173.337,8.01,152.69,0.2241,Fokus,Ma et al. (2s eye / 3s yaw),
2026-08-20T11:28:53.671,173.372,5.02,152.05,0.2317,Fokus,Ma et al. (2s eye / 3s yaw),
2026-08-20T11:28:53.699,173.399,4.15,151.02,0.2291,Fokus,Ma et al. (2s eye / 3s yaw),
2026-08-20T11:28:53.718,173.419,0.96,150.71,0.2178,Fokus,Ma et al. (2s eye / 3s yaw),
2026-08-20T11:28:53.758,173.459,-1.41,149.2,0.2051,Fokus,Ma et al. (2s eye / 3s yaw),
2026-08-20T11:28:53.793,173.494,-4.9,148.48,0.2033,Fokus,Ma et al. (2s eye / 3s yaw),
2026-08-20T11:28:53.821,173.522,-5.54,148.27,0.2113,Fokus,Ma et al. (2s eye / 3s yaw),
2026-08-20T11:28:53.859,173.56,-6.77,148.35,0.1956,Fokus,Ma et al. (2s eye / 3s yaw),
2026-08-20T11:28:53.897,173.597,-6.25,148.32,0.2203,Fokus,Ma et al. (2s eye / 3s yaw),
2026-08-20T11:28:53.925,173.625,-6.65,147.55,0.2234,Fokus,Ma et al. (2s eye / 3s yaw),
2026-08-20T11:28:53.950,173.651,-6.4,148.16,0.2288,Fokus,Ma et al. (2s eye / 3s yaw),
2026-08-20T11:28:53.996,173.696,-7.69,149.05,0.2153,Fokus,Ma et al. (2s eye / 3s yaw),
2026-08-20T11:28:54.030,173.731,-7.72,149.15,0.2161,Fokus,Ma et al. (2s eye / 3s yaw),
2026-08-20T11:28:54.064,173.765,-9.68,149.28,0.2258,Fokus,Ma et al. (2s eye / 3s yaw),
2026-08-20T11:28:54.097,173.797,-7.75,149.59,0.2243,Fokus,Ma et al. (2s eye / 3s yaw),
2026-08-20T11:28:54.126,173.827,-9.46,149.86,0.2198,Fokus,Ma et al. (2s eye / 3s yaw),
2026-08-20T11:28:54.160,173.861,-9.18,150.09,0.2287,Fokus,Ma et al. (2s eye / 3s yaw),
2026-08-20T11:28:54.190,173.891,-9.76,150.24,0.229,Fokus,Ma et al. (2s eye / 3s yaw),
2026-08-20T11:28:54.227,173.927,-8.28,150.17,0.2272,Fokus,Ma et al. (2s eye / 3s yaw),
2026-08-20T11:28:54.265,173.966,-8.69,150.08,0.2216,Fokus,Ma et al. (2s eye / 3s yaw),
2026-08-20T11:28:54.301,174.001,-8.46,150.75,0.2275,Fokus,Ma et al. (2s eye / 3s yaw),
2026-08-20T11:28:54.336,174.037,-8.07,151.8,0.2379,Fokus,Ma et al. (2s eye / 3s yaw),
2026-08-20T11:28:54.371,174.071,-7.53,152.9,0.2427,Fokus,Ma et al. (2s eye / 3s yaw),
2026-08-20T11:28:54.401,174.101,-7.34,155.04,0.254,Fokus,Ma et al. (2s eye / 3s yaw),
2026-08-20T11:28:54.436,174.137,-6.42,157.32,0.2657,Fokus,Ma et al. (2s eye / 3s yaw),
2026-08-20T11:28:54.470,174.17,-6.05,159.29,0.259,Fokus,Ma et al. (2s eye / 3s yaw),
2026-08-20T11:28:54.506,174.206,0.16,-99.61,0.2629,Fokus,Ma et al. (2s eye / 3s yaw),
2026-08-20T11:28:54.536,174.237,-5.38,160.98,0.2702,Fokus,Ma et al. (2s eye / 3s yaw),
2026-08-20T11:28:54.570,174.27,-4.01,161.2,0.2632,Fokus,Ma et al. (2s eye / 3s yaw),
2026-08-20T11:28:54.596,174.297,0.17,163.32,0.2758,Fokus,Ma et al. (2s eye / 3s yaw),
2026-08-20T11:28:54.630,174.331,5.96,164.36,0.2799,Fokus,Ma et al. (2s eye / 3s yaw),
2026-08-20T11:28:54.665,174.366,14.15,164.31,0.2422,Fokus,Ma et al. (2s eye / 3s yaw),
2026-08-20T11:28:54.700,174.401,19.42,163.74,0.2206,Fokus,Ma et al. (2s eye / 3s yaw),
2026-08-20T11:28:54.736,174.436,25.15,162.94,0.2262,Fokus,Ma et al. (2s eye / 3s yaw),
2026-08-20T11:28:54.769,174.47,29.58,161.65,0.2643,Fokus,Ma et al. (2s eye / 3s yaw),
2026-08-20T11:28:54.803,174.503,32.95,161.76,0.3239,Fokus,Ma et al. (2s eye / 3s yaw),
2026-08-20T11:28:54.836,174.537,35.18,163.06,0.3532,Fokus,Ma et al. (2s eye / 3s yaw),
2026-08-20T11:28:54.869,174.57,37.62,163.77,0.3619,Fokus,Ma et al. (2s eye / 3s yaw),
2026-08-20T11:28:54.905,174.605,39.86,164.49,0.3656,Fokus,Ma et al. (2s eye / 3s yaw),
2026-08-20T11:28:54.932,174.633,41.64,163.29,0.3098,Fokus,Ma et al. (2s eye / 3s yaw),
2026-08-20T11:28:54.965,174.666,50.56,147.67,0.2435,Fokus,Ma et al. (2s eye / 3s yaw),
2026-08-20T11:28:55.000,174.701,-0.69,-99.87,0.2835,Fokus,Ma et al. (2s eye / 3s yaw),
2026-08-20T11:28:55.036,174.736,43.99,163.37,0.2737,Fokus,Ma et al. (2s eye / 3s yaw),
2026-08-20T11:28:55.070,174.77,44.94,163.74,0.2853,Fokus,Ma et al. (2s eye / 3s yaw),
2026-08-20T11:28:55.104,174.804,47.33,164.03,0.2979,Fokus,Ma et al. (2s eye / 3s yaw),
2026-08-20T11:28:55.139,174.839,49.18,163.6,0.3619,Fokus,Ma et al. (2s eye / 3s yaw),
2026-08-20T11:28:55.173,174.874,-2.88,-177.29,0.4001,Fokus,Ma et al. (2s eye / 3s yaw),
2026-08-20T11:28:55.208,174.909,60.38,142.56,0.412,Fokus,Ma et al. (2s eye / 3s yaw),
2026-08-20T11:28:55.240,174.941,37.42,143.36,0.3896,Fokus,Ma et al. (2s eye / 3s yaw),
2026-08-20T11:28:55.269,174.97,-37.19,-160.46,0.3837,Fokus,Ma et al. (2s eye / 3s yaw),
2026-08-20T11:28:55.303,175.004,52.27,163.02,0.3703,Fokus,Ma et al. (2s eye / 3s yaw),
2026-08-20T11:28:55.337,175.037,52.6,163.0,0.3722,Fokus,Ma et al. (2s eye / 3s yaw),
2026-08-20T11:28:55.371,175.071,53.52,163.09,0.3736,Fokus,Ma et al. (2s eye / 3s yaw),
2026-08-20T11:28:55.405,175.105,53.64,163.94,0.3748,Fokus,Ma et al. (2s eye / 3s yaw),
2026-08-20T11:28:55.437,175.138,52.39,163.85,0.3762,Fokus,Ma et al. (2s eye / 3s yaw),
2026-08-20T11:28:55.472,175.172,54.05,164.05,0.3767,Fokus,Ma et al. (2s eye / 3s yaw),
2026-08-20T11:28:55.506,175.207,53.62,164.87,0.4002,Fokus,Ma et al. (2s eye / 3s yaw),
2026-08-20T11:28:55.541,175.241,52.79,164.98,0.371,Fokus,Ma et al. (2s eye / 3s yaw),
2026-08-20T11:28:55.574,175.275,53.95,165.18,0.375,Fokus,Ma et al. (2s eye / 3s yaw),
2026-08-20T11:28:55.608,175.309,54.49,165.02,0.3788,Fokus,Ma et al. (2s eye / 3s yaw),
2026-08-20T11:28:55.641,175.342,53.8,164.76,0.4044,Fokus,Ma et al. (2s eye / 3s yaw),
2026-08-20T11:28:55.675,175.375,53.72,165.15,0.4134,Fokus,Ma et al. (2s eye / 3s yaw),
2026-08-20T11:28:55.709,175.41,52.88,165.53,0.3943,Fokus,Ma et al. (2s eye / 3s yaw),
2026-08-20T11:28:55.745,175.446,53.1,165.18,0.4154,Fokus,Ma et al. (2s eye / 3s yaw),
2026-08-20T11:28:55.779,175.479,52.31,164.22,0.4143,Fokus,Ma et al. (2s eye / 3s yaw),
2026-08-20T11:28:55.813,175.514,52.13,164.24,0.3788,Fokus,Ma et al. (2s eye / 3s yaw),
2026-08-20T11:28:55.841,175.542,52.34,164.17,0.3861,Fokus,Ma et al. (2s eye / 3s yaw),
2026-08-20T11:28:55.873,175.574,52.31,164.03,0.3977,Fokus,Ma et al. (2s eye / 3s yaw),
2026-08-20T11:28:55.908,175.609,52.39,163.99,0.4127,Fokus,Ma et al. (2s eye / 3s yaw),
2026-08-20T11:28:55.943,175.644,52.43,164.16,0.4251,Fokus,Ma et al. (2s eye / 3s yaw),
2026-08-20T11:28:55.978,175.678,52.68,164.55,0.4283,Fokus,Ma et al. (2s eye / 3s yaw),
2026-08-20T11:28:56.012,175.712,-37.24,-161.01,0.4315,Fokus,Ma et al. (2s eye / 3s yaw),
2026-08-20T11:28:56.046,175.747,-38.25,-161.08,0.4247,Fokus,Ma et al. (2s eye / 3s yaw),
2026-08-20T11:28:56.079,175.78,-36.18,-161.3,0.409,Fokus,Ma et al. (2s eye / 3s yaw),
2026-08-20T11:28:56.108,175.808,51.71,164.41,0.3949,Fokus,Ma et al. (2s eye / 3s yaw),
2026-08-20T11:28:56.138,175.838,51.59,164.47,0.38,Fokus,Ma et al. (2s eye / 3s yaw),
2026-08-20T11:28:56.167,175.868,51.36,164.49,0.3907,Fokus,Ma et al. (2s eye / 3s yaw),
2026-08-20T11:28:56.204,175.904,62.82,141.67,0.3991,Fokus,Ma et al. (2s eye / 3s yaw),
2026-08-20T11:28:56.239,175.94,50.99,164.62,0.3988,Fokus,Ma et al. (2s eye / 3s yaw),
2026-08-20T11:28:56.273,175.974,51.05,164.49,0.4117,Fokus,Ma et al. (2s eye / 3s yaw),
2026-08-20T11:28:56.309,176.01,-32.24,-164.87,0.4317,Fokus,Ma et al. (2s eye / 3s yaw),
2026-08-20T11:28:56.344,176.045,49.41,165.88,0.4507,Fokus,Ma et al. (2s eye / 3s yaw),
2026-08-20T11:28:56.378,176.079,60.91,145.29,0.4466,Fokus,Ma et al. (2s eye / 3s yaw),
2026-08-20T11:28:56.413,176.113,48.74,166.73,0.4511,Fokus,Ma et al. (2s eye / 3s yaw),
2026-08-20T11:28:56.442,176.143,48.51,166.83,0.451,Fokus,Ma et al. (2s eye / 3s yaw),
2026-08-20T11:28:56.469,176.17,47.78,166.71,0.445,Fokus,Ma et al. (2s eye / 3s yaw),
2026-08-20T11:28:56.508,176.208,47.25,166.57,0.4369,Fokus,Ma et al. (2s eye / 3s yaw),
2026-08-20T11:28:56.545,176.245,46.55,166.19,0.4204,Fokus,Ma et al. (2s eye / 3s yaw),
2026-08-20T11:28:56.578,176.279,58.55,146.11,0.4078,Fokus,Ma et al. (2s eye / 3s yaw),
2026-08-20T11:28:56.613,176.314,58.37,146.09,0.4059,Fokus,Ma et al. (2s eye / 3s yaw),
2026-08-20T11:28:56.648,176.348,58.21,145.85,0.4034,Fokus,Ma et al. (2s eye / 3s yaw),
2026-08-20T11:28:56.681,176.382,58.03,145.69,0.4014,Fokus,Ma et al. (2s eye / 3s yaw),
2026-08-20T11:28:56.713,176.413,57.62,146.51,0.3934,Fokus,Ma et al. (2s eye / 3s yaw),
2026-08-20T11:28:56.742,176.443,57.33,145.23,0.3783,Fokus,Ma et al. (2s eye / 3s yaw),
2026-08-20T11:28:56.777,176.477,-84.96,-16.38,0.3885,Fokus,Ma et al. (2s eye / 3s yaw),
2026-08-20T11:28:56.812,176.513,6.98,175.29,0.3893,Fokus,Ma et al. (2s eye / 3s yaw),
2026-08-20T11:28:56.848,176.548,-0.09,179.44,0.3757,Fokus,Ma et al. (2s eye / 3s yaw),
2026-08-20T11:28:56.883,176.584,-0.83,179.51,0.361,Fokus,Ma et al. (2s eye / 3s yaw),
2026-08-20T11:28:56.918,176.619,45.73,163.37,0.3584,Fokus,Ma et al. (2s eye / 3s yaw),
2026-08-20T11:28:56.955,176.655,45.57,163.59,0.3625,Fokus,Ma et al. (2s eye / 3s yaw),
2026-08-20T11:28:56.989,176.69,45.26,163.57,0.3635,Fokus,Ma et al. (2s eye / 3s yaw),
2026-08-20T11:28:57.023,176.724,44.96,163.37,0.3623,Fokus,Ma et al. (2s eye / 3s yaw),
2026-08-20T11:28:57.058,176.758,44.86,163.32,0.3634,Fokus,Ma et al. (2s eye / 3s yaw),
2026-08-20T11:28:57.091,176.792,-18.12,-171.2,0.3552,Fokus,Ma et al. (2s eye / 3s yaw),
2026-08-20T11:28:57.118,176.819,-8.43,-176.76,0.3566,Fokus,Ma et al. (2s eye / 3s yaw),
2026-08-20T11:28:57.152,176.853,44.46,163.2,0.3649,Fokus,Ma et al. (2s eye / 3s yaw),
2026-08-20T11:28:57.189,176.889,44.12,163.57,0.3773,Fokus,Ma et al. (2s eye / 3s yaw),
2026-08-20T11:28:57.223,176.924,-19.52,-170.66,0.3743,Fokus,Ma et al. (2s eye / 3s yaw),
2026-08-20T11:28:57.258,176.958,-1.88,179.18,0.3666,Fokus,Ma et al. (2s eye / 3s yaw),
2026-08-20T11:28:57.293,176.994,-6.32,-178.81,0.3853,Fokus,Ma et al. (2s eye / 3s yaw),
2026-08-20T11:28:57.327,177.028,53.68,148.4,0.3831,Fokus,Ma et al. (2s eye / 3s yaw),
2026-08-20T11:28:57.363,177.063,-19.32,-166.36,0.3882,Fokus,Ma et al. (2s eye / 3s yaw),
2026-08-20T11:28:57.398,177.099,-66.54,-171.59,0.3831,Fokus,Ma et al. (2s eye / 3s yaw),
2026-08-20T11:28:57.433,177.133,24.12,-141.44,0.3808,Fokus,Ma et al. (2s eye / 3s yaw),
2026-08-20T11:28:57.468,177.169,-19.62,-167.64,0.3757,Fokus,Ma et al. (2s eye / 3s yaw),
2026-08-20T11:28:57.503,177.204,-27.76,172.98,0.3753,Fokus,Ma et al. (2s eye / 3s yaw),
2026-08-20T11:28:57.538,177.239,0.48,-162.67,0.3711,Fokus,Ma et al. (2s eye / 3s yaw),
2026-08-20T11:28:57.573,177.274,-79.23,-18.21,0.3585,Fokus,Ma et al. (2s eye / 3s yaw),
2026-08-20T11:28:57.608,177.308,51.0,148.79,0.3627,Fokus,Ma et al. (2s eye / 3s yaw),
2026-08-20T11:28:57.641,177.342,51.9,146.29,0.3592,Fokus,Ma et al. (2s eye / 3s yaw),
2026-08-20T11:28:57.675,177.376,51.62,146.39,0.3529,Fokus,Ma et al. (2s eye / 3s yaw),
2026-08-20T11:28:57.711,177.411,-0.95,-100.13,0.3466,Fokus,Ma et al. (2s eye / 3s yaw),
2026-08-20T11:28:57.746,177.447,-18.85,-166.85,0.306,Fokus,Ma et al. (2s eye / 3s yaw),
2026-08-20T11:28:57.781,177.482,-22.62,-164.54,0.2757,Fokus,Ma et al. (2s eye / 3s yaw),
2026-08-20T11:28:57.816,177.516,48.7,137.15,0.2335,Fokus,Ma et al. (2s eye / 3s yaw),
2026-08-20T11:28:57.850,177.551,37.05,157.09,0.2456,Fokus,Ma et al. (2s eye / 3s yaw),
2026-08-20T11:28:57.883,177.584,37.36,157.74,0.2383,Fokus,Ma et al. (2s eye / 3s yaw),
2026-08-20T11:28:57.918,177.618,35.22,157.99,0.2355,Fokus,Ma et al. (2s eye / 3s yaw),
2026-08-20T11:28:57.950,177.651,35.84,158.89,0.2422,Fokus,Ma et al. (2s eye / 3s yaw),
2026-08-20T11:28:57.984,177.685,36.13,159.66,0.2646,Fokus,Ma et al. (2s eye / 3s yaw),
2026-08-20T11:28:58.018,177.718,35.36,160.51,0.2626,Fokus,Ma et al. (2s eye / 3s yaw),
2026-08-20T11:28:58.047,177.748,35.16,158.52,0.2961,Fokus,Ma et al. (2s eye / 3s yaw),
2026-08-20T11:28:58.079,177.779,33.58,158.42,0.3158,Fokus,Ma et al. (2s eye / 3s yaw),
2026-08-20T11:28:58.101,177.801,34.26,160.02,0.3257,Fokus,Ma et al. (2s eye / 3s yaw),
2026-08-20T11:28:58.124,177.825,33.41,160.71,0.3203,Fokus,Ma et al. (2s eye / 3s yaw),
2026-08-20T11:28:58.152,177.852,33.12,161.11,0.3315,Fokus,Ma et al. (2s eye / 3s yaw),
2026-08-20T11:28:58.177,177.877,32.26,161.79,0.3315,Fokus,Ma et al. (2s eye / 3s yaw),
2026-08-20T11:28:58.204,177.904,31.19,162.01,0.3271,Fokus,Ma et al. (2s eye / 3s yaw),
2026-08-20T11:28:58.243,177.943,30.79,162.11,0.3249,Fokus,Ma et al. (2s eye / 3s yaw),
2026-08-20T11:28:58.283,177.984,30.93,162.26,0.3344,Fokus,Ma et al. (2s eye / 3s yaw),
2026-08-20T11:28:58.318,178.018,30.97,162.22,0.334,Fokus,Ma et al. (2s eye / 3s yaw),
2026-08-20T11:28:58.353,178.053,30.17,162.79,0.3297,Fokus,Ma et al. (2s eye / 3s yaw),
2026-08-20T11:28:58.387,178.088,30.49,163.13,0.3398,Fokus,Ma et al. (2s eye / 3s yaw),
2026-08-20T11:28:58.422,178.122,31.04,163.59,0.3479,Fokus,Ma et al. (2s eye / 3s yaw),
2026-08-20T11:28:58.453,178.154,30.78,163.05,0.3506,Fokus,Ma et al. (2s eye / 3s yaw),
2026-08-20T11:28:58.472,178.173,32.15,161.06,0.3155,Fokus,Ma et al. (2s eye / 3s yaw),
2026-08-20T11:28:58.511,178.212,31.23,159.78,0.3004,Fokus,Ma et al. (2s eye / 3s yaw),
2026-08-20T11:28:58.547,178.247,30.11,157.49,0.2645,Fokus,Ma et al. (2s eye / 3s yaw),
2026-08-20T11:28:58.577,178.278,29.7,156.87,0.2438,Fokus,Ma et al. (2s eye / 3s yaw),
2026-08-20T11:28:58.618,178.318,29.63,156.33,0.2429,Fokus,Ma et al. (2s eye / 3s yaw),
2026-08-20T11:28:58.642,178.343,28.82,157.46,0.267,Fokus,Ma et al. (2s eye / 3s yaw),
2026-08-20T11:28:58.684,178.385,28.99,157.89,0.266,Fokus,Ma et al. (2s eye / 3s yaw),
2026-08-20T11:28:58.720,178.421,28.3,158.61,0.2764,Fokus,Ma et al. (2s eye / 3s yaw),
2026-08-20T11:28:58.755,178.456,28.42,160.04,0.2945,Fokus,Ma et al. (2s eye / 3s yaw),
2026-08-20T11:28:58.790,178.491,28.64,161.36,0.2953,Fokus,Ma et al. (2s eye / 3s yaw),
2026-08-20T11:28:58.814,178.514,28.39,162.12,0.3042,Fokus,Ma et al. (2s eye / 3s yaw),
2026-08-20T11:28:58.849,178.549,28.38,162.84,0.307,Fokus,Ma et al. (2s eye / 3s yaw),
2026-08-20T11:28:58.887,178.588,28.08,163.48,0.322,Fokus,Ma et al. (2s eye / 3s yaw),
2026-08-20T11:28:58.910,178.61,28.0,164.81,0.3163,Fokus,Ma et al. (2s eye / 3s yaw),
2026-08-20T11:28:58.946,178.647,27.95,165.66,0.3177,Fokus,Ma et al. (2s eye / 3s yaw),
2026-08-20T11:28:58.985,178.686,28.52,165.9,0.3147,Fokus,Ma et al. (2s eye / 3s yaw),
2026-08-20T11:28:59.020,178.721,28.15,166.46,0.3164,Fokus,Ma et al. (2s eye / 3s yaw),
2026-08-20T11:28:59.054,178.755,27.19,166.32,0.3279,Fokus,Ma et al. (2s eye / 3s yaw),
2026-08-20T11:28:59.089,178.789,27.77,166.37,0.3251,Fokus,Ma et al. (2s eye / 3s yaw),
2026-08-20T11:28:59.123,178.823,27.78,165.7,0.3469,Fokus,Ma et al. (2s eye / 3s yaw),
2026-08-20T11:28:59.157,178.858,28.17,164.83,0.3438,Fokus,Ma et al. (2s eye / 3s yaw),
2026-08-20T11:28:59.192,178.892,29.0,163.52,0.3322,Fokus,Ma et al. (2s eye / 3s yaw),
2026-08-20T11:28:59.227,178.928,29.55,162.15,0.3261,Fokus,Ma et al. (2s eye / 3s yaw),
2026-08-20T11:28:59.261,178.961,30.23,161.96,0.3109,Fokus,Ma et al. (2s eye / 3s yaw),
2026-08-20T11:28:59.295,178.996,30.57,160.98,0.3131,Fokus,Ma et al. (2s eye / 3s yaw),
2026-08-20T11:28:59.331,179.031,30.8,161.43,0.3202,Fokus,Ma et al. (2s eye / 3s yaw),
2026-08-20T11:28:59.367,179.068,29.47,162.22,0.3104,Fokus,Ma et al. (2s eye / 3s yaw),
2026-08-20T11:28:59.402,179.102,29.83,162.66,0.3314,Fokus,Ma et al. (2s eye / 3s yaw),
2026-08-20T11:28:59.436,179.137,29.65,163.1,0.3245,Fokus,Ma et al. (2s eye / 3s yaw),
2026-08-20T11:28:59.471,179.171,29.75,164.45,0.3114,Fokus,Ma et al. (2s eye / 3s yaw),
2026-08-20T11:28:59.505,179.206,30.33,165.6,0.2937,Fokus,Ma et al. (2s eye / 3s yaw),
2026-08-20T11:28:59.539,179.24,30.16,166.56,0.3119,Fokus,Ma et al. (2s eye / 3s yaw),
2026-08-20T11:28:59.573,179.274,30.21,167.15,0.322,Fokus,Ma et al. (2s eye / 3s yaw),
2026-08-20T11:28:59.608,179.308,30.47,167.32,0.3384,Fokus,Ma et al. (2s eye / 3s yaw),
2026-08-20T11:28:59.643,179.343,30.24,167.24,0.3354,Fokus,Ma et al. (2s eye / 3s yaw),
2026-08-20T11:28:59.678,179.378,30.23,167.61,0.3464,Fokus,Ma et al. (2s eye / 3s yaw),
2026-08-20T11:28:59.712,179.412,31.16,167.71,0.3503,Fokus,Ma et al. (2s eye / 3s yaw),
2026-08-20T11:28:59.746,179.446,31.06,167.27,0.3463,Fokus,Ma et al. (2s eye / 3s yaw),
2026-08-20T11:28:59.777,179.478,30.29,167.55,0.3402,Fokus,Ma et al. (2s eye / 3s yaw),
2026-08-20T11:28:59.807,179.507,30.35,166.99,0.3364,Fokus,Ma et al. (2s eye / 3s yaw),
2026-08-20T11:28:59.842,179.542,30.25,166.54,0.3339,Fokus,Ma et al. (2s eye / 3s yaw),
2026-08-20T11:28:59.876,179.577,30.44,166.42,0.3303,Fokus,Ma et al. (2s eye / 3s yaw),
2026-08-20T11:28:59.911,179.612,29.4,166.37,0.3157,Fokus,Ma et al. (2s eye / 3s yaw),
2026-08-20T11:28:59.943,179.643,30.37,166.09,0.3201,Fokus,Ma et al. (2s eye / 3s yaw),
2026-08-20T11:28:59.964,179.664,29.4,165.84,0.3105,Fokus,Ma et al. (2s eye / 3s yaw),
2026-08-20T11:28:59.987,179.688,30.04,165.62,0.3099,Fokus,Ma et al. (2s eye / 3s yaw),
2026-08-20T11:29:00.022,179.723,30.11,165.7,0.3108,Fokus,Ma et al. (2s eye / 3s yaw),
2026-08-20T11:29:00.060,179.761,30.04,164.92,0.2894,Fokus,Ma et al. (2s eye / 3s yaw),
2026-08-20T11:29:00.094,179.795,30.07,164.85,0.2886,Fokus,Ma et al. (2s eye / 3s yaw),
2026-08-20T11:29:00.128,179.829,30.43,165.69,0.291,Fokus,Ma et al. (2s eye / 3s yaw),
2026-08-20T11:29:00.162,179.862,30.45,165.36,0.2906,Fokus,Ma et al. (2s eye / 3s yaw),
2026-08-20T11:29:00.196,179.897,30.62,164.83,0.2781,Fokus,Ma et al. (2s eye / 3s yaw),
2026-08-20T11:29:00.235,179.936,29.94,164.43,0.2666,Fokus,Ma et al. (2s eye / 3s yaw),
2026-08-20T11:29:00.271,179.971,30.49,164.34,0.2553,Fokus,Ma et al. (2s eye / 3s yaw),
2026-08-20T11:29:00.304,180.005,29.06,164.56,0.2368,Fokus,Ma et al. (2s eye / 3s yaw),
2026-08-20T11:29:00.338,180.039,26.51,163.75,0.1973,Fokus,Ma et al. (2s eye / 3s yaw),
2026-08-20T11:29:00.373,180.074,25.36,163.02,0.199,Fokus,Ma et al. (2s eye / 3s yaw),
2026-08-20T11:29:00.408,180.108,25.93,162.43,0.1937,Fokus,Ma et al. (2s eye / 3s yaw),
2026-08-20T11:29:00.442,180.143,26.77,162.79,0.2248,Fokus,Ma et al. (2s eye / 3s yaw),
2026-08-20T11:29:00.477,180.177,26.54,161.77,0.2362,Fokus,Ma et al. (2s eye / 3s yaw),
2026-08-20T11:29:00.511,180.212,29.43,161.17,0.2528,Fokus,Ma et al. (2s eye / 3s yaw),
2026-08-20T11:29:00.545,180.245,32.87,161.44,0.2706,Fokus,Ma et al. (2s eye / 3s yaw),
2026-08-20T11:29:00.574,180.275,35.14,161.56,0.2812,Fokus,Ma et al. (2s eye / 3s yaw),
2026-08-20T11:29:00.601,180.301,37.11,160.85,0.2887,Fokus,Ma et al. (2s eye / 3s yaw),
2026-08-20T11:29:00.634,180.335,39.4,160.21,0.294,Fokus,Ma et al. (2s eye / 3s yaw),
2026-08-20T11:29:00.668,180.369,40.42,159.93,0.3043,Fokus,Ma et al. (2s eye / 3s yaw),
2026-08-20T11:29:00.702,180.402,40.85,159.87,0.29,Fokus,Ma et al. (2s eye / 3s yaw),
2026-08-20T11:29:00.735,180.436,40.8,160.17,0.2856,Fokus,Ma et al. (2s eye / 3s yaw),
2026-08-20T11:29:00.769,180.47,41.99,160.11,0.287,Fokus,Ma et al. (2s eye / 3s yaw),
2026-08-20T11:29:00.803,180.503,42.13,159.13,0.2908,Fokus,Ma et al. (2s eye / 3s yaw),
2026-08-20T11:29:00.835,180.536,43.2,159.85,0.284,Fokus,Ma et al. (2s eye / 3s yaw),
2026-08-20T11:29:00.869,180.569,43.46,160.02,0.2937,Fokus,Ma et al. (2s eye / 3s yaw),
2026-08-20T11:29:00.904,180.604,43.66,160.2,0.291,Fokus,Ma et al. (2s eye / 3s yaw),
2026-08-20T11:29:00.938,180.638,44.0,161.03,0.2975,Fokus,Ma et al. (2s eye / 3s yaw),
2026-08-20T11:29:00.971,180.672,44.38,161.43,0.3102,Fokus,Ma et al. (2s eye / 3s yaw),
2026-08-20T11:29:01.006,180.707,44.06,161.84,0.3043,Fokus,Ma et al. (2s eye / 3s yaw),
2026-08-20T11:29:01.041,180.742,43.48,162.22,0.2922,Fokus,Ma et al. (2s eye / 3s yaw),
2026-08-20T11:29:01.076,180.777,42.65,162.81,0.2688,Fokus,Ma et al. (2s eye / 3s yaw),
2026-08-20T11:29:01.108,180.808,42.14,163.63,0.2862,Fokus,Ma et al. (2s eye / 3s yaw),
2026-08-20T11:29:01.141,180.841,40.85,164.32,0.2819,Fokus,Ma et al. (2s eye / 3s yaw),
2026-08-20T11:29:01.175,180.875,40.42,165.88,0.2722,Fokus,Ma et al. (2s eye / 3s yaw),
2026-08-20T11:29:01.208,180.908,39.82,166.3,0.2823,Fokus,Ma et al. (2s eye / 3s yaw),
2026-08-20T11:29:01.242,180.943,39.62,166.88,0.2744,Fokus,Ma et al. (2s eye / 3s yaw),
2026-08-20T11:29:01.276,180.976,38.75,167.33,0.2784,Fokus,Ma et al. (2s eye / 3s yaw),
2026-08-20T11:29:01.310,181.01,39.44,167.93,0.2869,Fokus,Ma et al. (2s eye / 3s yaw),
2026-08-20T11:29:01.344,181.045,39.53,168.55,0.2842,Fokus,Ma et al. (2s eye / 3s yaw),
2026-08-20T11:29:01.378,181.078,39.85,168.93,0.2932,Fokus,Ma et al. (2s eye / 3s yaw),
2026-08-20T11:29:01.411,181.112,40.43,169.25,0.2971,Fokus,Ma et al. (2s eye / 3s yaw),
2026-08-20T11:29:01.446,181.146,40.54,168.58,0.2269,Fokus,Ma et al. (2s eye / 3s yaw),
2026-08-20T11:29:01.477,181.178,41.39,168.48,0.206,Fokus,Ma et al. (2s eye / 3s yaw),
2026-08-20T11:29:01.509,181.21,41.51,167.16,0.2073,Fokus,Ma et al. (2s eye / 3s yaw),
2026-08-20T11:29:01.544,181.244,42.28,167.4,0.2356,Fokus,Ma et al. (2s eye / 3s yaw),
2026-08-20T11:29:01.579,181.279,42.14,167.56,0.2449,Fokus,Ma et al. (2s eye / 3s yaw),
2026-08-20T11:29:01.610,181.311,42.3,167.45,0.2579,Fokus,Ma et al. (2s eye / 3s yaw),
2026-08-20T11:29:01.632,181.333,42.72,167.43,0.2649,Fokus,Ma et al. (2s eye / 3s yaw),
2026-08-20T11:29:01.662,181.362,42.8,167.63,0.2736,Fokus,Ma et al. (2s eye / 3s yaw),
2026-08-20T11:29:01.699,181.4,43.1,167.69,0.2831,Fokus,Ma et al. (2s eye / 3s yaw),
2026-08-20T11:29:01.734,181.434,43.59,167.52,0.2837,Fokus,Ma et al. (2s eye / 3s yaw),
2026-08-20T11:29:01.767,181.468,43.65,167.65,0.2877,Fokus,Ma et al. (2s eye / 3s yaw),
2026-08-20T11:29:01.802,181.503,44.22,167.36,0.2945,Fokus,Ma et al. (2s eye / 3s yaw),
2026-08-20T11:29:01.838,181.538,44.39,167.05,0.3051,Fokus,Ma et al. (2s eye / 3s yaw),
2026-08-20T11:29:01.873,181.574,44.89,167.69,0.304,Fokus,Ma et al. (2s eye / 3s yaw),
2026-08-20T11:29:01.908,181.608,45.2,168.14,0.3036,Fokus,Ma et al. (2s eye / 3s yaw),
2026-08-20T11:29:01.943,181.643,46.43,168.56,0.3275,Fokus,Ma et al. (2s eye / 3s yaw),
2026-08-20T11:29:01.977,181.677,46.43,167.68,0.3621,Fokus,Ma et al. (2s eye / 3s yaw),
2026-08-20T11:29:02.011,181.712,46.68,167.18,0.3759,Fokus,Ma et al. (2s eye / 3s yaw),
2026-08-20T11:29:02.046,181.747,46.82,167.47,0.3711,Fokus,Ma et al. (2s eye / 3s yaw),
2026-08-20T11:29:02.081,181.782,47.43,167.48,0.3887,Fokus,Ma et al. (2s eye / 3s yaw),
2026-08-20T11:29:02.116,181.816,47.31,167.23,0.3868,Fokus,Ma et al. (2s eye / 3s yaw),
2026-08-20T11:29:02.151,181.851,47.16,167.16,0.383,Fokus,Ma et al. (2s eye / 3s yaw),
2026-08-20T11:29:02.185,181.885,47.46,166.72,0.3838,Fokus,Ma et al. (2s eye / 3s yaw),
2026-08-20T11:29:02.219,181.919,46.9,165.23,0.3438,Fokus,Ma et al. (2s eye / 3s yaw),
2026-08-20T11:29:02.253,181.954,48.17,164.75,0.3543,Fokus,Ma et al. (2s eye / 3s yaw),
2026-08-20T11:29:02.290,181.991,47.23,164.45,0.3198,Fokus,Ma et al. (2s eye / 3s yaw),
2026-08-20T11:29:02.323,182.024,47.27,163.69,0.3088,Fokus,Ma et al. (2s eye / 3s yaw),
2026-08-20T11:29:02.356,182.057,47.17,163.68,0.3221,Fokus,Ma et al. (2s eye / 3s yaw),
2026-08-20T11:29:02.391,182.091,48.18,164.62,0.3354,Fokus,Ma et al. (2s eye / 3s yaw),
2026-08-20T11:29:02.425,182.125,48.32,165.2,0.3228,Fokus,Ma et al. (2s eye / 3s yaw),
2026-08-20T11:29:02.458,182.159,48.69,165.38,0.3259,Fokus,Ma et al. (2s eye / 3s yaw),
2026-08-20T11:29:02.493,182.193,49.3,165.22,0.3471,Fokus,Ma et al. (2s eye / 3s yaw),
2026-08-20T11:29:02.527,182.227,49.13,165.88,0.3619,Fokus,Ma et al. (2s eye / 3s yaw),
2026-08-20T11:29:02.561,182.262,49.6,164.87,0.3867,Fokus,Ma et al. (2s eye / 3s yaw),
2026-08-20T11:29:02.595,182.296,49.11,165.47,0.4057,Fokus,Ma et al. (2s eye / 3s yaw),
2026-08-20T11:29:02.630,182.33,49.77,165.71,0.4062,Fokus,Ma et al. (2s eye / 3s yaw),
2026-08-20T11:29:02.664,182.365,50.2,165.89,0.4001,Fokus,Ma et al. (2s eye / 3s yaw),
2026-08-20T11:29:02.697,182.398,49.58,164.92,0.4034,Fokus,Ma et al. (2s eye / 3s yaw),
2026-08-20T11:29:02.732,182.433,49.66,165.51,0.4166,Fokus,Ma et al. (2s eye / 3s yaw),
2026-08-20T11:29:02.766,182.467,49.84,165.44,0.4118,Fokus,Ma et al. (2s eye / 3s yaw),
2026-08-20T11:29:02.800,182.501,49.66,165.28,0.4099,Fokus,Ma et al. (2s eye / 3s yaw),
2026-08-20T11:29:02.834,182.534,49.48,165.19,0.402,Fokus,Ma et al. (2s eye / 3s yaw),
2026-08-20T11:29:02.868,182.569,49.3,165.52,0.4141,Fokus,Ma et al. (2s eye / 3s yaw),
2026-08-20T11:29:02.902,182.603,49.17,166.17,0.4028,Fokus,Ma et al. (2s eye / 3s yaw),
2026-08-20T11:29:02.936,182.637,49.05,166.38,0.3912,Fokus,Ma et al. (2s eye / 3s yaw),
2026-08-20T11:29:02.970,182.671,48.86,166.33,0.3961,Fokus,Ma et al. (2s eye / 3s yaw),
2026-08-20T11:29:03.003,182.704,48.52,165.94,0.4035,Fokus,Ma et al. (2s eye / 3s yaw),
2026-08-20T11:29:03.037,182.737,47.57,166.65,0.3961,Fokus,Ma et al. (2s eye / 3s yaw),
2026-08-20T11:29:03.073,182.773,57.29,156.01,0.3891,Fokus,Ma et al. (2s eye / 3s yaw),
2026-08-20T11:29:03.107,182.807,62.56,145.18,0.3723,Fokus,Ma et al. (2s eye / 3s yaw),
2026-08-20T11:29:03.140,182.841,62.33,144.72,0.3564,Fokus,Ma et al. (2s eye / 3s yaw),
2026-08-20T11:29:03.174,182.874,61.8,144.63,0.3613,Fokus,Ma et al. (2s eye / 3s yaw),
2026-08-20T11:29:03.208,182.908,61.34,145.5,0.3547,Fokus,Ma et al. (2s eye / 3s yaw),
2026-08-20T11:29:03.239,182.94,60.89,145.38,0.3539,Fokus,Ma et al. (2s eye / 3s yaw),
2026-08-20T11:29:03.274,182.975,60.88,144.61,0.3286,Fokus,Ma et al. (2s eye / 3s yaw),
2026-08-20T11:29:03.309,183.009,61.27,144.66,0.3227,Fokus,Ma et al. (2s eye / 3s yaw),
2026-08-20T11:29:03.342,183.042,61.2,144.5,0.3086,Fokus,Ma et al. (2s eye / 3s yaw),
2026-08-20T11:29:03.376,183.076,60.91,144.56,0.308,Fokus,Ma et al. (2s eye / 3s yaw),
2026-08-20T11:29:03.409,183.11,60.62,144.83,0.3184,Fokus,Ma et al. (2s eye / 3s yaw),
2026-08-20T11:29:03.443,183.143,60.5,145.16,0.3227,Fokus,Ma et al. (2s eye / 3s yaw),
2026-08-20T11:29:03.476,183.177,60.64,144.85,0.3138,Fokus,Ma et al. (2s eye / 3s yaw),
2026-08-20T11:29:03.510,183.211,60.31,144.82,0.312,Fokus,Ma et al. (2s eye / 3s yaw),
2026-08-20T11:29:03.540,183.24,60.08,144.95,0.3162,Fokus,Ma et al. (2s eye / 3s yaw),
2026-08-20T11:29:03.560,183.261,60.09,144.85,0.309,Teralih,Ma et al. (2s eye / 3s yaw),
2026-08-20T11:29:03.582,183.283,60.03,144.8,0.3099,Teralih,Ma et al. (2s eye / 3s yaw),
2026-08-20T11:29:03.614,183.314,60.01,144.7,0.3126,Teralih,Ma et al. (2s eye / 3s yaw),
2026-08-20T11:29:03.648,183.348,60.21,145.06,0.3092,Teralih,Ma et al. (2s eye / 3s yaw),
2026-08-20T11:29:03.682,183.383,-19.63,-166.44,0.3024,Fokus,Ma et al. (2s eye / 3s yaw),
2026-08-20T11:29:03.706,183.407,60.27,144.73,0.2899,Fokus,Ma et al. (2s eye / 3s yaw),
2026-08-20T11:29:03.742,183.442,60.2,144.67,0.2944,Fokus,Ma et al. (2s eye / 3s yaw),
2026-08-20T11:29:03.776,183.477,60.0,144.48,0.287,Fokus,Ma et al. (2s eye / 3s yaw),
2026-08-20T11:29:03.813,183.514,59.95,144.45,0.2984,Fokus,Ma et al. (2s eye / 3s yaw),
2026-08-20T11:29:03.848,183.548,59.52,144.95,0.2887,Fokus,Ma et al. (2s eye / 3s yaw),
2026-08-20T11:29:03.883,183.583,57.42,147.41,0.2701,Fokus,Ma et al. (2s eye / 3s yaw),
2026-08-20T11:29:03.917,183.618,52.36,150.36,0.1897,Fokus,Ma et al. (2s eye / 3s yaw),
2026-08-20T11:29:03.951,183.652,46.97,153.81,0.1543,Fokus,Ma et al. (2s eye / 3s yaw),
2026-08-20T11:29:03.984,183.685,29.47,171.33,0.1246,Fokus,Ma et al. (2s eye / 3s yaw),
2026-08-20T11:29:04.018,183.719,23.63,175.32,0.1324,Fokus,Ma et al. (2s eye / 3s yaw),
2026-08-20T11:29:04.053,183.754,14.08,177.91,0.154,Fokus,Ma et al. (2s eye / 3s yaw),
2026-08-20T11:29:04.096,183.797,-4.89,176.02,0.1876,Fokus,Ma et al. (2s eye / 3s yaw),
2026-08-20T11:29:04.133,183.833,-14.33,173.83,0.2123,Fokus,Ma et al. (2s eye / 3s yaw),
2026-08-20T11:29:04.167,183.868,-22.27,174.65,0.2322,Fokus,Ma et al. (2s eye / 3s yaw),
2026-08-20T11:29:04.201,183.901,-28.54,175.1,0.2524,Fokus,Ma et al. (2s eye / 3s yaw),
2026-08-20T11:29:04.235,183.936,-33.01,174.54,0.2798,Fokus,Ma et al. (2s eye / 3s yaw),
2026-08-20T11:29:04.267,183.967,-35.37,173.06,0.2946,Fokus,Ma et al. (2s eye / 3s yaw),
2026-08-20T11:29:04.289,183.99,-37.87,172.1,0.3045,Fokus,Ma et al. (2s eye / 3s yaw),
2026-08-20T11:29:04.312,184.013,-38.37,169.78,0.3359,Fokus,Ma et al. (2s eye / 3s yaw),
2026-08-20T11:29:04.346,184.047,-38.8,168.87,0.3531,Fokus,Ma et al. (2s eye / 3s yaw),
2026-08-20T11:29:04.386,184.087,-40.67,167.77,0.3617,Fokus,Ma et al. (2s eye / 3s yaw),
2026-08-20T11:29:04.421,184.121,-41.59,167.08,0.3706,Fokus,Ma et al. (2s eye / 3s yaw),
2026-08-20T11:29:04.454,184.154,-51.66,151.43,0.3717,Fokus,Ma et al. (2s eye / 3s yaw),
2026-08-20T11:29:04.481,184.181,-53.18,150.69,0.394,Fokus,Ma et al. (2s eye / 3s yaw),
2026-08-20T11:29:04.511,184.212,29.17,-167.56,0.4146,Fokus,Ma et al. (2s eye / 3s yaw),
2026-08-20T11:29:04.541,184.242,-57.11,145.94,0.4073,Fokus,Ma et al. (2s eye / 3s yaw),
2026-08-20T11:29:04.575,184.276,35.47,-163.35,0.4499,Fokus,Ma et al. (2s eye / 3s yaw),
2026-08-20T11:29:04.617,184.318,-59.66,143.82,0.4805,Fokus,Ma et al. (2s eye / 3s yaw),
2026-08-20T11:29:04.652,184.352,-63.76,139.23,0.491,Fokus,Ma et al. (2s eye / 3s yaw),
2026-08-20T11:29:04.686,184.387,-66.45,138.39,0.4944,Fokus,Ma et al. (2s eye / 3s yaw),
2026-08-20T11:29:04.721,184.422,64.08,-142.36,0.5257,Fokus,Ma et al. (2s eye / 3s yaw),
2026-08-20T11:29:04.756,184.457,58.57,-149.67,0.4786,Fokus,Ma et al. (2s eye / 3s yaw),
2026-08-20T11:29:04.790,184.491,60.51,-147.94,0.4789,Fokus,Ma et al. (2s eye / 3s yaw),
2026-08-20T11:29:04.823,184.524,-59.83,171.54,0.5435,Fokus,Ma et al. (2s eye / 3s yaw),
2026-08-20T11:29:04.845,184.546,-60.09,172.68,0.528,Fokus,Ma et al. (2s eye / 3s yaw),
2026-08-20T11:29:04.876,184.576,47.36,-165.58,0.5721,Fokus,Ma et al. (2s eye / 3s yaw),
2026-08-20T11:29:04.909,184.61,67.71,-148.01,0.6151,Fokus,Ma et al. (2s eye / 3s yaw),
2026-08-20T11:29:04.948,184.648,-73.99,138.93,0.5956,Fokus,Ma et al. (2s eye / 3s yaw),
2026-08-20T11:29:04.984,184.684,69.99,-147.75,0.7279,Fokus,Ma et al. (2s eye / 3s yaw),
2026-08-20T11:29:05.017,184.718,73.26,-141.06,1.024,Fokus,Ma et al. (2s eye / 3s yaw),
2026-08-20T11:29:05.051,184.751,-66.05,174.51,0.879,Fokus,Ma et al. (2s eye / 3s yaw),
2026-08-20T11:29:05.084,184.785,74.98,-140.61,0.8374,Fokus,Ma et al. (2s eye / 3s yaw),
2026-08-20T11:29:05.120,184.821,-67.04,175.56,0.8385,Fokus,Ma et al. (2s eye / 3s yaw),
2026-08-20T11:29:05.152,184.852,-66.71,175.29,0.7822,Fokus,Ma et al. (2s eye / 3s yaw),
2026-08-20T11:29:05.180,184.88,74.35,-143.15,0.7431,Fokus,Ma et al. (2s eye / 3s yaw),
2026-08-20T11:29:05.216,184.917,74.58,-144.11,0.5577,Fokus,Ma et al. (2s eye / 3s yaw),
2026-08-20T11:29:05.253,184.953,74.49,-143.83,0.5011,Fokus,Ma et al. (2s eye / 3s yaw),
2026-08-20T11:29:05.282,184.982,,,,Tidak Hadir,Ma et al. (2s eye / 3s yaw),
2026-08-20T11:29:05.318,185.019,,,,Tidak Hadir,Ma et al. (2s eye / 3s yaw),
2026-08-20T11:29:05.351,185.052,,,,Tidak Hadir,Ma et al. (2s eye / 3s yaw),
2026-08-20T11:29:05.382,185.083,,,,Tidak Hadir,Ma et al. (2s eye / 3s yaw),
2026-08-20T11:29:05.417,185.118,,,,Tidak Hadir,Ma et al. (2s eye / 3s yaw),
2026-08-20T11:29:05.449,185.15,,,,Tidak Hadir,Ma et al. (2s eye / 3s yaw),
2026-08-20T11:29:05.482,185.182,,,,Tidak Hadir,Ma et al. (2s eye / 3s yaw),
2026-08-20T11:29:05.518,185.219,,,,Tidak Hadir,Ma et al. (2s eye / 3s yaw),
2026-08-20T11:29:05.556,185.257,-69.72,168.81,0.6082,Fokus,Ma et al. (2s eye / 3s yaw),
2026-08-20T11:29:05.584,185.285,,,,Tidak Hadir,Ma et al. (2s eye / 3s yaw),
2026-08-20T11:29:05.617,185.318,,,,Tidak Hadir,Ma et al. (2s eye / 3s yaw),
2026-08-20T11:29:05.649,185.35,,,,Tidak Hadir,Ma et al. (2s eye / 3s yaw),
2026-08-20T11:29:05.685,185.386,,,,Tidak Hadir,Ma et al. (2s eye / 3s yaw),
2026-08-20T11:29:05.718,185.418,,,,Tidak Hadir,Ma et al. (2s eye / 3s yaw),
2026-08-20T11:29:05.749,185.45,,,,Tidak Hadir,Ma et al. (2s eye / 3s yaw),
2026-08-20T11:29:05.786,185.487,,,,Tidak Hadir,Ma et al. (2s eye / 3s yaw),
2026-08-20T11:29:05.818,185.519,,,,Tidak Hadir,Ma et al. (2s eye / 3s yaw),
2026-08-20T11:29:05.853,185.554,,,,Tidak Hadir,Ma et al. (2s eye / 3s yaw),
2026-08-20T11:29:05.885,185.586,,,,Tidak Hadir,Ma et al. (2s eye / 3s yaw),
2026-08-20T11:29:05.919,185.62,,,,Tidak Hadir,Ma et al. (2s eye / 3s yaw),
2026-08-20T11:29:05.954,185.655,,,,Tidak Hadir,Ma et al. (2s eye / 3s yaw),
2026-08-20T11:29:05.986,185.686,,,,Tidak Hadir,Ma et al. (2s eye / 3s yaw),
2026-08-20T11:29:06.011,185.712,,,,Tidak Hadir,Ma et al. (2s eye / 3s yaw),
2026-08-20T11:29:06.054,185.755,,,,Tidak Hadir,Ma et al. (2s eye / 3s yaw),
2026-08-20T11:29:06.087,185.788,,,,Tidak Hadir,Ma et al. (2s eye / 3s yaw),
2026-08-20T11:29:06.122,185.822,,,,Tidak Hadir,Ma et al. (2s eye / 3s yaw),
2026-08-20T11:29:06.154,185.855,,,,Tidak Hadir,Ma et al. (2s eye / 3s yaw),
2026-08-20T11:29:06.179,185.879,,,,Tidak Hadir,Ma et al. (2s eye / 3s yaw),
2026-08-20T11:29:06.222,185.922,,,,Tidak Hadir,Ma et al. (2s eye / 3s yaw),
2026-08-20T11:29:06.254,185.954,,,,Tidak Hadir,Ma et al. (2s eye / 3s yaw),
2026-08-20T11:29:06.285,185.986,,,,Tidak Hadir,Ma et al. (2s eye / 3s yaw),
2026-08-20T11:29:06.322,186.023,,,,Tidak Hadir,Ma et al. (2s eye / 3s yaw),
2026-08-20T11:29:06.361,186.061,79.93,-118.36,0.9462,Fokus,Ma et al. (2s eye / 3s yaw),
2026-08-20T11:29:06.394,186.095,70.05,-138.6,0.7586,Fokus,Ma et al. (2s eye / 3s yaw),
2026-08-20T11:29:06.429,186.13,69.46,-139.42,0.8404,Fokus,Ma et al. (2s eye / 3s yaw),
2026-08-20T11:29:06.464,186.165,70.88,-138.08,0.9234,Fokus,Ma et al. (2s eye / 3s yaw),
2026-08-20T11:29:06.498,186.199,72.14,-138.33,0.9795,Fokus,Ma et al. (2s eye / 3s yaw),
2026-08-20T11:29:06.534,186.234,73.77,-137.43,0.8617,Fokus,Ma et al. (2s eye / 3s yaw),
2026-08-20T11:29:06.567,186.268,-41.21,12.51,0.8305,Fokus,Ma et al. (2s eye / 3s yaw),
2026-08-20T11:29:06.602,186.303,73.03,-141.14,0.7904,Fokus,Ma et al. (2s eye / 3s yaw),
2026-08-20T11:29:06.636,186.337,74.38,-142.62,0.769,Fokus,Ma et al. (2s eye / 3s yaw),
2026-08-20T11:29:06.665,186.366,75.94,-139.23,0.7844,Fokus,Ma et al. (2s eye / 3s yaw),
2026-08-20T11:29:06.694,186.394,74.74,-141.31,0.6965,Fokus,Ma et al. (2s eye / 3s yaw),
2026-08-20T11:29:06.726,186.427,75.62,-140.16,0.7512,Fokus,Ma et al. (2s eye / 3s yaw),
2026-08-20T11:29:06.756,186.456,75.3,-140.63,0.7327,Fokus,Ma et al. (2s eye / 3s yaw),
2026-08-20T11:29:06.790,186.491,75.74,-139.38,0.7564,Fokus,Ma et al. (2s eye / 3s yaw),
2026-08-20T11:29:06.820,186.52,74.57,-142.31,0.7567,Fokus,Ma et al. (2s eye / 3s yaw),
2026-08-20T11:29:06.861,186.562,77.46,-136.03,0.7734,Fokus,Ma et al. (2s eye / 3s yaw),
2026-08-20T11:29:06.896,186.596,77.09,-137.1,0.7857,Fokus,Ma et al. (2s eye / 3s yaw),
2026-08-20T11:29:06.931,186.631,77.24,-137.19,0.7903,Fokus,Ma et al. (2s eye / 3s yaw),
2026-08-20T11:29:06.965,186.666,75.36,-141.14,0.6722,Fokus,Ma et al. (2s eye / 3s yaw),
2026-08-20T11:29:06.999,186.7,74.77,-142.56,0.6653,Fokus,Ma et al. (2s eye / 3s yaw),
2026-08-20T11:29:07.034,186.735,74.23,-141.11,0.6954,Fokus,Ma et al. (2s eye / 3s yaw),
2026-08-20T11:29:07.070,186.771,74.3,-141.65,0.7013,Fokus,Ma et al. (2s eye / 3s yaw),
2026-08-20T11:29:07.106,186.806,73.41,-143.96,0.7042,Fokus,Ma et al. (2s eye / 3s yaw),
2026-08-20T11:29:07.141,186.842,73.89,-142.41,0.7175,Fokus,Ma et al. (2s eye / 3s yaw),
2026-08-20T11:29:07.176,186.876,73.87,-142.44,0.6884,Fokus,Ma et al. (2s eye / 3s yaw),
2026-08-20T11:29:07.211,186.912,73.85,-142.58,0.691,Fokus,Ma et al. (2s eye / 3s yaw),
2026-08-20T11:29:07.247,186.948,73.24,-143.45,0.6979,Fokus,Ma et al. (2s eye / 3s yaw),
2026-08-20T11:29:07.282,186.983,73.88,-142.06,0.744,Fokus,Ma et al. (2s eye / 3s yaw),
2026-08-20T11:29:07.317,187.018,73.65,-142.93,0.7312,Fokus,Ma et al. (2s eye / 3s yaw),
2026-08-20T11:29:07.353,187.054,71.36,-146.49,0.664,Fokus,Ma et al. (2s eye / 3s yaw),
2026-08-20T11:29:07.387,187.088,73.01,-144.46,0.6949,Fokus,Ma et al. (2s eye / 3s yaw),
2026-08-20T11:29:07.421,187.122,72.14,-144.98,0.6802,Fokus,Ma et al. (2s eye / 3s yaw),
2026-08-20T11:29:07.455,187.156,72.02,-145.79,0.685,Fokus,Ma et al. (2s eye / 3s yaw),
2026-08-20T11:29:07.489,187.19,71.91,-145.81,0.6877,Fokus,Ma et al. (2s eye / 3s yaw),
2026-08-20T11:29:07.524,187.225,72.73,-144.81,0.7203,Fokus,Ma et al. (2s eye / 3s yaw),
2026-08-20T11:29:07.558,187.259,72.6,-143.93,0.6991,Fokus,Ma et al. (2s eye / 3s yaw),
2026-08-20T11:29:07.591,187.292,72.84,-143.68,0.7114,Fokus,Ma et al. (2s eye / 3s yaw),
2026-08-20T11:29:07.625,187.326,71.43,-145.6,0.6865,Fokus,Ma et al. (2s eye / 3s yaw),
2026-08-20T11:29:07.655,187.356,-62.54,176.48,0.6184,Fokus,Ma et al. (2s eye / 3s yaw),
2026-08-20T11:29:07.688,187.388,70.05,-147.8,0.6351,Fokus,Ma et al. (2s eye / 3s yaw),
2026-08-20T11:29:07.710,187.41,68.68,-148.38,0.628,Fokus,Ma et al. (2s eye / 3s yaw),
2026-08-20T11:29:07.729,187.429,66.95,-149.78,0.5868,Fokus,Ma et al. (2s eye / 3s yaw),
2026-08-20T11:29:07.751,187.452,67.08,-150.4,0.5929,Fokus,Ma et al. (2s eye / 3s yaw),
2026-08-20T11:29:07.791,187.491,63.03,-152.47,0.5308,Fokus,Ma et al. (2s eye / 3s yaw),
2026-08-20T11:29:07.832,187.533,60.8,-153.5,0.515,Fokus,Ma et al. (2s eye / 3s yaw),
2026-08-20T11:29:07.867,187.568,58.89,-154.44,0.5017,Fokus,Ma et al. (2s eye / 3s yaw),
2026-08-20T11:29:07.903,187.604,46.26,-157.89,0.4832,Fokus,Ma et al. (2s eye / 3s yaw),
2026-08-20T11:29:07.936,187.637,-67.92,147.56,0.3927,Fokus,Ma et al. (2s eye / 3s yaw),
2026-08-20T11:29:07.972,187.672,50.69,-158.91,0.3716,Fokus,Ma et al. (2s eye / 3s yaw),
2026-08-20T11:29:08.006,187.707,49.25,-159.8,0.408,Fokus,Ma et al. (2s eye / 3s yaw),
2026-08-20T11:29:08.041,187.741,62.84,-83.95,0.3413,Fokus,Ma et al. (2s eye / 3s yaw),
2026-08-20T11:29:08.075,187.775,38.38,-164.12,0.2911,Fokus,Ma et al. (2s eye / 3s yaw),
2026-08-20T11:29:08.109,187.809,-53.8,-113.63,0.2994,Fokus,Ma et al. (2s eye / 3s yaw),
2026-08-20T11:29:08.144,187.845,-41.21,-147.13,0.3116,Fokus,Ma et al. (2s eye / 3s yaw),
2026-08-20T11:29:08.179,187.88,35.71,-167.3,0.3225,Fokus,Ma et al. (2s eye / 3s yaw),
2026-08-20T11:29:08.215,187.916,36.14,-164.96,0.3584,Fokus,Ma et al. (2s eye / 3s yaw),
2026-08-20T11:29:08.250,187.95,36.56,-164.51,0.3946,Fokus,Ma et al. (2s eye / 3s yaw),
2026-08-20T11:29:08.286,187.987,-57.45,162.43,0.4324,Fokus,Ma et al. (2s eye / 3s yaw),
2026-08-20T11:29:08.322,188.022,-57.3,150.17,0.4121,Fokus,Ma et al. (2s eye / 3s yaw),
2026-08-20T11:29:08.357,188.058,0.61,-98.09,0.4043,Fokus,Ma et al. (2s eye / 3s yaw),
2026-08-20T11:29:08.393,188.094,67.35,-97.59,0.4117,Fokus,Ma et al. (2s eye / 3s yaw),
2026-08-20T11:29:08.428,188.129,0.92,-99.46,0.4025,Fokus,Ma et al. (2s eye / 3s yaw),
2026-08-20T11:29:08.463,188.164,0.2,-96.89,0.3979,Fokus,Ma et al. (2s eye / 3s yaw),
2026-08-20T11:29:08.498,188.199,44.97,-94.59,0.3987,Fokus,Ma et al. (2s eye / 3s yaw),
2026-08-20T11:29:08.532,188.233,43.77,-157.91,0.4094,Fokus,Ma et al. (2s eye / 3s yaw),
2026-08-20T11:29:08.557,188.257,18.79,-139.39,0.4168,Fokus,Ma et al. (2s eye / 3s yaw),
2026-08-20T11:29:08.581,188.282,-48.84,165.13,0.4164,Fokus,Ma et al. (2s eye / 3s yaw),
2026-08-20T11:29:08.611,188.312,30.52,-165.39,0.4115,Fokus,Ma et al. (2s eye / 3s yaw),
2026-08-20T11:29:08.632,188.333,1.26,-99.87,0.4155,Fokus,Ma et al. (2s eye / 3s yaw),
2026-08-20T11:29:08.663,188.363,1.0,-100.36,0.4146,Fokus,Ma et al. (2s eye / 3s yaw),
2026-08-20T11:29:08.701,188.401,1.91,-105.98,0.4208,Fokus,Ma et al. (2s eye / 3s yaw),
2026-08-20T11:29:08.736,188.437,0.66,-97.55,0.4195,Fokus,Ma et al. (2s eye / 3s yaw),
2026-08-20T11:29:08.762,188.462,0.89,-179.77,0.4157,Fokus,Ma et al. (2s eye / 3s yaw),
2026-08-20T11:29:08.805,188.505,33.73,-162.05,0.4212,Fokus,Ma et al. (2s eye / 3s yaw),
2026-08-20T11:29:08.841,188.541,-54.48,151.77,0.4092,Fokus,Ma et al. (2s eye / 3s yaw),
2026-08-20T11:29:08.875,188.575,-21.76,168.57,0.3969,Fokus,Ma et al. (2s eye / 3s yaw),
2026-08-20T11:29:08.906,188.607,28.91,171.37,0.3829,Fokus,Ma et al. (2s eye / 3s yaw),
2026-08-20T11:29:08.941,188.641,-50.9,150.71,0.3617,Fokus,Ma et al. (2s eye / 3s yaw),
2026-08-20T11:29:08.974,188.675,-49.71,151.14,0.3374,Fokus,Ma et al. (2s eye / 3s yaw),
2026-08-20T11:29:09.008,188.709,-48.4,151.85,0.3349,Fokus,Ma et al. (2s eye / 3s yaw),
2026-08-20T11:29:09.032,188.733,-47.43,152.39,0.3253,Fokus,Ma et al. (2s eye / 3s yaw),
2026-08-20T11:29:09.071,188.772,-46.22,153.29,0.3111,Fokus,Ma et al. (2s eye / 3s yaw),
2026-08-20T11:29:09.104,188.805,-45.87,153.4,0.3011,Fokus,Ma et al. (2s eye / 3s yaw),
2026-08-20T11:29:09.128,188.829,-45.29,153.68,0.3024,Fokus,Ma et al. (2s eye / 3s yaw),
2026-08-20T11:29:09.172,188.873,-45.73,153.7,0.315,Fokus,Ma et al. (2s eye / 3s yaw),
2026-08-20T11:29:09.207,188.907,-33.78,166.55,0.3079,Fokus,Ma et al. (2s eye / 3s yaw),
2026-08-20T11:29:09.242,188.943,0.78,-100.65,0.3128,Fokus,Ma et al. (2s eye / 3s yaw),
2026-08-20T11:29:09.276,188.976,-43.76,154.92,0.3127,Fokus,Ma et al. (2s eye / 3s yaw),
2026-08-20T11:29:09.310,189.01,-31.77,166.21,0.3083,Fokus,Ma et al. (2s eye / 3s yaw),
2026-08-20T11:29:09.345,189.045,-30.76,167.74,0.3059,Fokus,Ma et al. (2s eye / 3s yaw),
2026-08-20T11:29:09.380,189.08,-40.98,158.95,0.2955,Fokus,Ma et al. (2s eye / 3s yaw),
2026-08-20T11:29:09.414,189.114,-26.34,168.89,0.2828,Fokus,Ma et al. (2s eye / 3s yaw),
2026-08-20T11:29:09.448,189.149,-23.48,168.81,0.2756,Fokus,Ma et al. (2s eye / 3s yaw),
2026-08-20T11:29:09.481,189.182,-19.79,170.65,0.2666,Fokus,Ma et al. (2s eye / 3s yaw),
2026-08-20T11:29:09.516,189.216,-15.98,172.71,0.2567,Fokus,Ma et al. (2s eye / 3s yaw),
2026-08-20T11:29:09.551,189.251,-10.5,173.07,0.2593,Fokus,Ma et al. (2s eye / 3s yaw),
2026-08-20T11:29:09.586,189.287,-0.47,172.48,0.2713,Fokus,Ma et al. (2s eye / 3s yaw),
2026-08-20T11:29:09.620,189.321,6.93,172.9,0.2847,Fokus,Ma et al. (2s eye / 3s yaw),
2026-08-20T11:29:09.645,189.345,12.25,172.69,0.2805,Fokus,Ma et al. (2s eye / 3s yaw),
2026-08-20T11:29:09.667,189.367,17.19,171.46,0.2993,Fokus,Ma et al. (2s eye / 3s yaw),
2026-08-20T11:29:09.709,189.409,21.31,171.42,0.3064,Fokus,Ma et al. (2s eye / 3s yaw),
2026-08-20T11:29:09.745,189.445,24.73,171.43,0.3061,Fokus,Ma et al. (2s eye / 3s yaw),
2026-08-20T11:29:09.779,189.48,27.59,170.56,0.3069,Fokus,Ma et al. (2s eye / 3s yaw),
2026-08-20T11:29:09.813,189.514,28.99,170.19,0.3179,Fokus,Ma et al. (2s eye / 3s yaw),
2026-08-20T11:29:09.848,189.549,30.86,169.41,0.3307,Fokus,Ma et al. (2s eye / 3s yaw),
2026-08-20T11:29:09.883,189.584,31.98,168.83,0.331,Fokus,Ma et al. (2s eye / 3s yaw),
2026-08-20T11:29:09.917,189.618,32.96,168.65,0.3221,Fokus,Ma et al. (2s eye / 3s yaw),
2026-08-20T11:29:09.952,189.653,33.65,168.21,0.3301,Fokus,Ma et al. (2s eye / 3s yaw),
2026-08-20T11:29:09.987,189.688,34.38,167.92,0.3385,Fokus,Ma et al. (2s eye / 3s yaw),
2026-08-20T11:29:10.020,189.72,35.35,167.32,0.339,Fokus,Ma et al. (2s eye / 3s yaw),
2026-08-20T11:29:10.051,189.751,35.64,167.32,0.3487,Fokus,Ma et al. (2s eye / 3s yaw),
2026-08-20T11:29:10.084,189.784,35.8,167.22,0.3573,Fokus,Ma et al. (2s eye / 3s yaw),
2026-08-20T11:29:10.112,189.813,37.08,167.54,0.3624,Fokus,Ma et al. (2s eye / 3s yaw),
2026-08-20T11:29:10.148,189.848,37.26,166.64,0.365,Fokus,Ma et al. (2s eye / 3s yaw),
2026-08-20T11:29:10.182,189.883,37.15,166.6,0.3664,Fokus,Ma et al. (2s eye / 3s yaw),
2026-08-20T11:29:10.217,189.917,38.24,166.9,0.362,Fokus,Ma et al. (2s eye / 3s yaw),
2026-08-20T11:29:10.250,189.951,38.36,167.04,0.369,Fokus,Ma et al. (2s eye / 3s yaw),
2026-08-20T11:29:10.285,189.985,38.56,166.62,0.3632,Fokus,Ma et al. (2s eye / 3s yaw),
2026-08-20T11:29:10.319,190.02,38.05,166.72,0.3613,Fokus,Ma et al. (2s eye / 3s yaw),
2026-08-20T11:29:10.363,190.064,39.13,166.74,0.3692,Fokus,Ma et al. (2s eye / 3s yaw),
2026-08-20T11:29:10.399,190.099,39.02,166.56,0.3683,Fokus,Ma et al. (2s eye / 3s yaw),
2026-08-20T11:29:10.434,190.134,39.44,166.53,0.3774,Fokus,Ma et al. (2s eye / 3s yaw),
2026-08-20T11:29:10.467,190.168,39.3,166.07,0.3783,Fokus,Ma et al. (2s eye / 3s yaw),
2026-08-20T11:29:10.501,190.202,39.75,166.24,0.3818,Fokus,Ma et al. (2s eye / 3s yaw),
2026-08-20T11:29:10.535,190.236,40.16,166.2,0.3828,Fokus,Ma et al. (2s eye / 3s yaw),
2026-08-20T11:29:10.569,190.27,39.98,166.19,0.388,Fokus,Ma et al. (2s eye / 3s yaw),
2026-08-20T11:29:10.604,190.304,40.06,166.02,0.3916,Fokus,Ma et al. (2s eye / 3s yaw),
2026-08-20T11:29:10.634,190.335,40.06,165.57,0.3872,Fokus,Ma et al. (2s eye / 3s yaw),
2026-08-20T11:29:10.666,190.366,40.16,165.71,0.3912,Fokus,Ma et al. (2s eye / 3s yaw),
2026-08-20T11:29:10.699,190.4,40.39,165.78,0.3949,Fokus,Ma et al. (2s eye / 3s yaw),
2026-08-20T11:29:10.734,190.435,40.36,165.66,0.3917,Fokus,Ma et al. (2s eye / 3s yaw),
2026-08-20T11:29:10.767,190.468,40.85,165.88,0.3928,Fokus,Ma et al. (2s eye / 3s yaw),
2026-08-20T11:29:10.802,190.503,52.34,150.82,0.3935,Fokus,Ma et al. (2s eye / 3s yaw),
2026-08-20T11:29:10.837,190.537,52.46,150.37,0.3886,Fokus,Ma et al. (2s eye / 3s yaw),
2026-08-20T11:29:10.871,190.571,52.97,149.33,0.3945,Fokus,Ma et al. (2s eye / 3s yaw),
2026-08-20T11:29:10.901,190.601,53.11,148.86,0.3915,Fokus,Ma et al. (2s eye / 3s yaw),
2026-08-20T11:29:10.929,190.629,54.5,147.22,0.387,Fokus,Ma et al. (2s eye / 3s yaw),
2026-08-20T11:29:10.958,190.659,36.83,150.27,0.386,Fokus,Ma et al. (2s eye / 3s yaw),
2026-08-20T11:29:10.981,190.682,-1.0,-100.49,0.3441,Fokus,Ma et al. (2s eye / 3s yaw),
2026-08-20T11:29:11.008,190.709,-39.49,-158.77,0.3435,Fokus,Ma et al. (2s eye / 3s yaw),
2026-08-20T11:29:11.048,190.749,18.11,157.62,0.3771,Fokus,Ma et al. (2s eye / 3s yaw),
2026-08-20T11:29:11.081,190.782,51.14,161.81,0.3337,Fokus,Ma et al. (2s eye / 3s yaw),
2026-08-20T11:29:11.115,190.815,53.34,163.07,0.3275,Fokus,Ma et al. (2s eye / 3s yaw),
2026-08-20T11:29:11.150,190.85,56.23,163.35,0.3723,Fokus,Ma et al. (2s eye / 3s yaw),
2026-08-20T11:29:11.185,190.886,-42.47,-159.59,0.4227,Fokus,Ma et al. (2s eye / 3s yaw),
2026-08-20T11:29:11.221,190.921,57.44,165.66,0.4283,Fokus,Ma et al. (2s eye / 3s yaw),
2026-08-20T11:29:11.255,190.955,59.48,166.6,0.4332,Fokus,Ma et al. (2s eye / 3s yaw),
2026-08-20T11:29:11.290,190.99,60.43,166.76,0.442,Fokus,Ma et al. (2s eye / 3s yaw),
2026-08-20T11:29:11.324,191.024,61.15,166.97,0.4555,Fokus,Ma et al. (2s eye / 3s yaw),
2026-08-20T11:29:11.359,191.059,-35.16,-21.85,0.5196,Fokus,Ma et al. (2s eye / 3s yaw),
2026-08-20T11:29:11.392,191.093,19.06,167.37,0.5088,Fokus,Ma et al. (2s eye / 3s yaw),
2026-08-20T11:29:11.428,191.128,-65.21,-144.63,0.5457,Fokus,Ma et al. (2s eye / 3s yaw),
2026-08-20T11:29:11.462,191.163,-65.75,-143.62,0.5584,Fokus,Ma et al. (2s eye / 3s yaw),
2026-08-20T11:29:11.496,191.196,-65.58,-143.67,0.5372,Fokus,Ma et al. (2s eye / 3s yaw),
2026-08-20T11:29:11.530,191.231,-65.33,-143.55,0.5311,Fokus,Ma et al. (2s eye / 3s yaw),
2026-08-20T11:29:11.565,191.265,-65.31,-143.92,0.5352,Fokus,Ma et al. (2s eye / 3s yaw),
2026-08-20T11:29:11.600,191.301,-26.66,-167.69,0.5125,Fokus,Ma et al. (2s eye / 3s yaw),
2026-08-20T11:29:11.637,191.337,-64.42,-142.5,0.4905,Fokus,Ma et al. (2s eye / 3s yaw),
2026-08-20T11:29:11.673,191.373,-63.89,-142.81,0.4866,Fokus,Ma et al. (2s eye / 3s yaw),
2026-08-20T11:29:11.708,191.408,-64.89,-141.73,0.5149,Fokus,Ma et al. (2s eye / 3s yaw),
2026-08-20T11:29:11.743,191.443,-65.36,-140.44,0.5245,Fokus,Ma et al. (2s eye / 3s yaw),
2026-08-20T11:29:11.777,191.478,-64.91,-140.6,0.5456,Fokus,Ma et al. (2s eye / 3s yaw),
2026-08-20T11:29:11.812,191.512,-64.79,-140.6,0.5118,Fokus,Ma et al. (2s eye / 3s yaw),
2026-08-20T11:29:11.846,191.547,-65.6,-140.39,0.5245,Fokus,Ma et al. (2s eye / 3s yaw),
2026-08-20T11:29:11.881,191.582,-65.32,-140.3,0.506,Fokus,Ma et al. (2s eye / 3s yaw),
